http://berglandlab.uvadcos.io/dest_mapped/pipeline_output/AT_Mau_14_01/AT_Mau_14_01.SNAPE.monomorphic.bed.gz,dest_mapped,pipeline_output,AT_Mau_14_01,AT_Mau_14_01.SNAPE.monomorphic.bed.gz
http://berglandlab.uvadcos.io/dest_mapped/pipeline_output/AT_Mau_14_01/AT_Mau_14_01.bed.gz,dest_mapped,pipeline_output,AT_Mau_14_01,AT_Mau_14_01.bed.gz
http://berglandlab.uvadcos.io/dest_mapped/pipeline_output/AT_Mau_14_02/AT_Mau_14_02.SNAPE.monomorphic.bed.gz,dest_mapped,pipeline_output,AT_Mau_14_02,AT_Mau_14_02.SNAPE.monomorphic.bed.gz
http://berglandlab.uvadcos.io/dest_mapped/pipeline_output/AT_Mau_14_02/AT_Mau_14_02.bed.gz,dest_mapped,pipeline_output,AT_Mau_14_02,AT_Mau_14_02.bed.gz
http://berglandlab.uvadcos.io/dest_mapped/pipeline_output/AT_Mau_15_50/AT_Mau_15_50.SNAPE.monomorphic.bed.gz,dest_mapped,pipeline_output,AT_Mau_15_50,AT_Mau_15_50.SNAPE.monomorphic.bed.gz
http://berglandlab.uvadcos.io/dest_mapped/pipeline_output/AT_Mau_15_50/AT_Mau_15_50.bed.gz,dest_mapped,pipeline_output,AT_Mau_15_50,AT_Mau_15_50.bed.gz
http://berglandlab.uvadcos.io/dest_mapped/pipeline_output/AT_Mau_15_51/AT_Mau_15_51.SNAPE.monomorphic.bed.gz,dest_mapped,pipeline_output,AT_Mau_15_51,AT_Mau_15_51.SNAPE.monomorphic.bed.gz
http://berglandlab.uvadcos.io/dest_mapped/pipeline_output/AT_Mau_15_51/AT_Mau_15_51.bed.gz,dest_mapped,pipeline_output,AT_Mau_15_51,AT_Mau_15_51.bed.gz
http://berglandlab.uvadcos.io/dest_mapped/pipeline_output/AT_See_14_44/AT_See_14_44.SNAPE.monomorphic.bed.gz,dest_mapped,pipeline_output,AT_See_14_44,AT_See_14_44.SNAPE.monomorphic.bed.gz
http://berglandlab.uvadcos.io/dest_mapped/pipeline_output/AT_See_14_44/AT_See_14_44.bed.gz,dest_mapped,pipeline_output,AT_See_14_44,AT_See_14_44.bed.gz
http://berglandlab.uvadcos.io/dest_mapped/pipeline_output/AT_See_16_1/AT_See_16_1.SNAPE.monomorphic.bed.gz,dest_mapped,pipeline_output,AT_See_16_1,AT_See_16_1.SNAPE.monomorphic.bed.gz
http://berglandlab.uvadcos.io/dest_mapped/pipeline_output/AT_See_16_1/AT_See_16_1.bed.gz,dest_mapped,pipeline_output,AT_See_16_1,AT_See_16_1.bed.gz
http://berglandlab.uvadcos.io/dest_mapped/pipeline_output/AT_gr_12_fall/AT_gr_12_fall.SNAPE.monomorphic.bed.gz,dest_mapped,pipeline_output,AT_gr_12_fall,AT_gr_12_fall.SNAPE.monomorphic.bed.gz
http://berglandlab.uvadcos.io/dest_mapped/pipeline_output/AT_gr_12_fall/AT_gr_12_fall.bed.gz,dest_mapped,pipeline_output,AT_gr_12_fall,AT_gr_12_fall.bed.gz
http://berglandlab.uvadcos.io/dest_mapped/pipeline_output/AT_gr_12_spring/AT_gr_12_spring.SNAPE.monomorphic.bed.gz,dest_mapped,pipeline_output,AT_gr_12_spring,AT_gr_12_spring.SNAPE.monomorphic.bed.gz
http://berglandlab.uvadcos.io/dest_mapped/pipeline_output/AT_gr_12_spring/AT_gr_12_spring.bed.gz,dest_mapped,pipeline_output,AT_gr_12_spring,AT_gr_12_spring.bed.gz
http://berglandlab.uvadcos.io/dest_mapped/pipeline_output/BY_Bre_15_13/BY_Bre_15_13.SNAPE.monomorphic.bed.gz,dest_mapped,pipeline_output,BY_Bre_15_13,BY_Bre_15_13.SNAPE.monomorphic.bed.gz
http://berglandlab.uvadcos.io/dest_mapped/pipeline_output/BY_Bre_15_13/BY_Bre_15_13.bed.gz,dest_mapped,pipeline_output,BY_Bre_15_13,BY_Bre_15_13.bed.gz
http://berglandlab.uvadcos.io/dest_mapped/pipeline_output/CA_es_12_fall/CA_es_12_fall.SNAPE.monomorphic.bed.gz,dest_mapped,pipeline_output,CA_es_12_fall,CA_es_12_fall.SNAPE.monomorphic.bed.gz
http://berglandlab.uvadcos.io/dest_mapped/pipeline_output/CA_es_12_fall/CA_es_12_fall.bed.gz,dest_mapped,pipeline_output,CA_es_12_fall,CA_es_12_fall.bed.gz
http://berglandlab.uvadcos.io/dest_mapped/pipeline_output/CA_es_12_frost/CA_es_12_frost.SNAPE.monomorphic.bed.gz,dest_mapped,pipeline_output,CA_es_12_frost,CA_es_12_frost.SNAPE.monomorphic.bed.gz
http://berglandlab.uvadcos.io/dest_mapped/pipeline_output/CA_es_12_frost/CA_es_12_frost.bed.gz,dest_mapped,pipeline_output,CA_es_12_frost,CA_es_12_frost.bed.gz
http://berglandlab.uvadcos.io/dest_mapped/pipeline_output/CA_es_12_spring/CA_es_12_spring.SNAPE.monomorphic.bed.gz,dest_mapped,pipeline_output,CA_es_12_spring,CA_es_12_spring.SNAPE.monomorphic.bed.gz
http://berglandlab.uvadcos.io/dest_mapped/pipeline_output/CA_es_12_spring/CA_es_12_spring.bed.gz,dest_mapped,pipeline_output,CA_es_12_spring,CA_es_12_spring.bed.gz
http://berglandlab.uvadcos.io/dest_mapped/pipeline_output/CA_es_13_fall/CA_es_13_fall.SNAPE.monomorphic.bed.gz,dest_mapped,pipeline_output,CA_es_13_fall,CA_es_13_fall.SNAPE.monomorphic.bed.gz
http://berglandlab.uvadcos.io/dest_mapped/pipeline_output/CA_es_13_fall/CA_es_13_fall.bed.gz,dest_mapped,pipeline_output,CA_es_13_fall,CA_es_13_fall.bed.gz
http://berglandlab.uvadcos.io/dest_mapped/pipeline_output/CA_es_13_spring/CA_es_13_spring.SNAPE.monomorphic.bed.gz,dest_mapped,pipeline_output,CA_es_13_spring,CA_es_13_spring.SNAPE.monomorphic.bed.gz
http://berglandlab.uvadcos.io/dest_mapped/pipeline_output/CA_es_13_spring/CA_es_13_spring.bed.gz,dest_mapped,pipeline_output,CA_es_13_spring,CA_es_13_spring.bed.gz
http://berglandlab.uvadcos.io/dest_mapped/pipeline_output/CA_pl_12_fall/CA_pl_12_fall.SNAPE.monomorphic.bed.gz,dest_mapped,pipeline_output,CA_pl_12_fall,CA_pl_12_fall.SNAPE.monomorphic.bed.gz
http://berglandlab.uvadcos.io/dest_mapped/pipeline_output/CA_pl_12_fall/CA_pl_12_fall.bed.gz,dest_mapped,pipeline_output,CA_pl_12_fall,CA_pl_12_fall.bed.gz
http://berglandlab.uvadcos.io/dest_mapped/pipeline_output/CA_pl_12_frost/CA_pl_12_frost.SNAPE.monomorphic.bed.gz,dest_mapped,pipeline_output,CA_pl_12_frost,CA_pl_12_frost.SNAPE.monomorphic.bed.gz
http://berglandlab.uvadcos.io/dest_mapped/pipeline_output/CA_pl_12_frost/CA_pl_12_frost.bed.gz,dest_mapped,pipeline_output,CA_pl_12_frost,CA_pl_12_frost.bed.gz
http://berglandlab.uvadcos.io/dest_mapped/pipeline_output/CA_pl_13_fall/CA_pl_13_fall.SNAPE.monomorphic.bed.gz,dest_mapped,pipeline_output,CA_pl_13_fall,CA_pl_13_fall.SNAPE.monomorphic.bed.gz
http://berglandlab.uvadcos.io/dest_mapped/pipeline_output/CA_pl_13_fall/CA_pl_13_fall.bed.gz,dest_mapped,pipeline_output,CA_pl_13_fall,CA_pl_13_fall.bed.gz
http://berglandlab.uvadcos.io/dest_mapped/pipeline_output/CA_pl_13_frost/CA_pl_13_frost.SNAPE.monomorphic.bed.gz,dest_mapped,pipeline_output,CA_pl_13_frost,CA_pl_13_frost.SNAPE.monomorphic.bed.gz
http://berglandlab.uvadcos.io/dest_mapped/pipeline_output/CA_pl_13_frost/CA_pl_13_frost.bed.gz,dest_mapped,pipeline_output,CA_pl_13_frost,CA_pl_13_frost.bed.gz
http://berglandlab.uvadcos.io/dest_mapped/pipeline_output/CA_st_12_fall/CA_st_12_fall.SNAPE.monomorphic.bed.gz,dest_mapped,pipeline_output,CA_st_12_fall,CA_st_12_fall.SNAPE.monomorphic.bed.gz
http://berglandlab.uvadcos.io/dest_mapped/pipeline_output/CA_st_12_fall/CA_st_12_fall.bed.gz,dest_mapped,pipeline_output,CA_st_12_fall,CA_st_12_fall.bed.gz
http://berglandlab.uvadcos.io/dest_mapped/pipeline_output/CA_st_12_frost/CA_st_12_frost.SNAPE.monomorphic.bed.gz,dest_mapped,pipeline_output,CA_st_12_frost,CA_st_12_frost.SNAPE.monomorphic.bed.gz
http://berglandlab.uvadcos.io/dest_mapped/pipeline_output/CA_st_12_frost/CA_st_12_frost.bed.gz,dest_mapped,pipeline_output,CA_st_12_frost,CA_st_12_frost.bed.gz
http://berglandlab.uvadcos.io/dest_mapped/pipeline_output/CA_st_13_fall/CA_st_13_fall.SNAPE.monomorphic.bed.gz,dest_mapped,pipeline_output,CA_st_13_fall,CA_st_13_fall.SNAPE.monomorphic.bed.gz
http://berglandlab.uvadcos.io/dest_mapped/pipeline_output/CA_st_13_fall/CA_st_13_fall.bed.gz,dest_mapped,pipeline_output,CA_st_13_fall,CA_st_13_fall.bed.gz
http://berglandlab.uvadcos.io/dest_mapped/pipeline_output/CA_tu_12_fall/CA_tu_12_fall.SNAPE.monomorphic.bed.gz,dest_mapped,pipeline_output,CA_tu_12_fall,CA_tu_12_fall.SNAPE.monomorphic.bed.gz
http://berglandlab.uvadcos.io/dest_mapped/pipeline_output/CA_tu_12_fall/CA_tu_12_fall.bed.gz,dest_mapped,pipeline_output,CA_tu_12_fall,CA_tu_12_fall.bed.gz
http://berglandlab.uvadcos.io/dest_mapped/pipeline_output/CA_tu_12_frost/CA_tu_12_frost.SNAPE.monomorphic.bed.gz,dest_mapped,pipeline_output,CA_tu_12_frost,CA_tu_12_frost.SNAPE.monomorphic.bed.gz
http://berglandlab.uvadcos.io/dest_mapped/pipeline_output/CA_tu_12_frost/CA_tu_12_frost.bed.gz,dest_mapped,pipeline_output,CA_tu_12_frost,CA_tu_12_frost.bed.gz
http://berglandlab.uvadcos.io/dest_mapped/pipeline_output/CA_tu_13_fall/CA_tu_13_fall.SNAPE.monomorphic.bed.gz,dest_mapped,pipeline_output,CA_tu_13_fall,CA_tu_13_fall.SNAPE.monomorphic.bed.gz
http://berglandlab.uvadcos.io/dest_mapped/pipeline_output/CA_tu_13_fall/CA_tu_13_fall.bed.gz,dest_mapped,pipeline_output,CA_tu_13_fall,CA_tu_13_fall.bed.gz
http://berglandlab.uvadcos.io/dest_mapped/pipeline_output/CA_tu_13_frost/CA_tu_13_frost.SNAPE.monomorphic.bed.gz,dest_mapped,pipeline_output,CA_tu_13_frost,CA_tu_13_frost.SNAPE.monomorphic.bed.gz
http://berglandlab.uvadcos.io/dest_mapped/pipeline_output/CA_tu_13_frost/CA_tu_13_frost.bed.gz,dest_mapped,pipeline_output,CA_tu_13_frost,CA_tu_13_frost.bed.gz
http://berglandlab.uvadcos.io/dest_mapped/pipeline_output/CA_tu_13_spring/CA_tu_13_spring.SNAPE.monomorphic.bed.gz,dest_mapped,pipeline_output,CA_tu_13_spring,CA_tu_13_spring.SNAPE.monomorphic.bed.gz
http://berglandlab.uvadcos.io/dest_mapped/pipeline_output/CA_tu_13_spring/CA_tu_13_spring.bed.gz,dest_mapped,pipeline_output,CA_tu_13_spring,CA_tu_13_spring.bed.gz
http://berglandlab.uvadcos.io/dest_mapped/pipeline_output/CH_Cha_14_42/CH_Cha_14_42.SNAPE.monomorphic.bed.gz,dest_mapped,pipeline_output,CH_Cha_14_42,CH_Cha_14_42.SNAPE.monomorphic.bed.gz
http://berglandlab.uvadcos.io/dest_mapped/pipeline_output/CH_Cha_14_42/CH_Cha_14_42.bed.gz,dest_mapped,pipeline_output,CH_Cha_14_42,CH_Cha_14_42.bed.gz
http://berglandlab.uvadcos.io/dest_mapped/pipeline_output/CH_Cha_14_43/CH_Cha_14_43.SNAPE.monomorphic.bed.gz,dest_mapped,pipeline_output,CH_Cha_14_43,CH_Cha_14_43.SNAPE.monomorphic.bed.gz
http://berglandlab.uvadcos.io/dest_mapped/pipeline_output/CH_Cha_14_43/CH_Cha_14_43.bed.gz,dest_mapped,pipeline_output,CH_Cha_14_43,CH_Cha_14_43.bed.gz
http://berglandlab.uvadcos.io/dest_mapped/pipeline_output/CH_Cha_15_39/CH_Cha_15_39.SNAPE.monomorphic.bed.gz,dest_mapped,pipeline_output,CH_Cha_15_39,CH_Cha_15_39.SNAPE.monomorphic.bed.gz
http://berglandlab.uvadcos.io/dest_mapped/pipeline_output/CH_Cha_15_39/CH_Cha_15_39.bed.gz,dest_mapped,pipeline_output,CH_Cha_15_39,CH_Cha_15_39.bed.gz
http://berglandlab.uvadcos.io/dest_mapped/pipeline_output/CH_Cha_16_38/CH_Cha_16_38.SNAPE.monomorphic.bed.gz,dest_mapped,pipeline_output,CH_Cha_16_38,CH_Cha_16_38.SNAPE.monomorphic.bed.gz
http://berglandlab.uvadcos.io/dest_mapped/pipeline_output/CH_Cha_16_38/CH_Cha_16_38.bed.gz,dest_mapped,pipeline_output,CH_Cha_16_38,CH_Cha_16_38.bed.gz
http://berglandlab.uvadcos.io/dest_mapped/pipeline_output/CY_Nic_14_11/CY_Nic_14_11.SNAPE.monomorphic.bed.gz,dest_mapped,pipeline_output,CY_Nic_14_11,CY_Nic_14_11.SNAPE.monomorphic.bed.gz
http://berglandlab.uvadcos.io/dest_mapped/pipeline_output/CY_Nic_14_11/CY_Nic_14_11.bed.gz,dest_mapped,pipeline_output,CY_Nic_14_11,CY_Nic_14_11.bed.gz
http://berglandlab.uvadcos.io/dest_mapped/pipeline_output/DE_Bro_14_14/DE_Bro_14_14.SNAPE.monomorphic.bed.gz,dest_mapped,pipeline_output,DE_Bro_14_14,DE_Bro_14_14.SNAPE.monomorphic.bed.gz
http://berglandlab.uvadcos.io/dest_mapped/pipeline_output/DE_Bro_14_14/DE_Bro_14_14.bed.gz,dest_mapped,pipeline_output,DE_Bro_14_14,DE_Bro_14_14.bed.gz
http://berglandlab.uvadcos.io/dest_mapped/pipeline_output/DE_Bro_14_15/DE_Bro_14_15.SNAPE.monomorphic.bed.gz,dest_mapped,pipeline_output,DE_Bro_14_15,DE_Bro_14_15.SNAPE.monomorphic.bed.gz
http://berglandlab.uvadcos.io/dest_mapped/pipeline_output/DE_Bro_14_15/DE_Bro_14_15.bed.gz,dest_mapped,pipeline_output,DE_Bro_14_15,DE_Bro_14_15.bed.gz
http://berglandlab.uvadcos.io/dest_mapped/pipeline_output/DE_Bro_15_53/DE_Bro_15_53.SNAPE.monomorphic.bed.gz,dest_mapped,pipeline_output,DE_Bro_15_53,DE_Bro_15_53.SNAPE.monomorphic.bed.gz
http://berglandlab.uvadcos.io/dest_mapped/pipeline_output/DE_Bro_15_53/DE_Bro_15_53.bed.gz,dest_mapped,pipeline_output,DE_Bro_15_53,DE_Bro_15_53.bed.gz
http://berglandlab.uvadcos.io/dest_mapped/pipeline_output/DE_Bro_15_54/DE_Bro_15_54.SNAPE.monomorphic.bed.gz,dest_mapped,pipeline_output,DE_Bro_15_54,DE_Bro_15_54.SNAPE.monomorphic.bed.gz
http://berglandlab.uvadcos.io/dest_mapped/pipeline_output/DE_Bro_15_54/DE_Bro_15_54.bed.gz,dest_mapped,pipeline_output,DE_Bro_15_54,DE_Bro_15_54.bed.gz
http://berglandlab.uvadcos.io/dest_mapped/pipeline_output/DE_Bro_16_10/DE_Bro_16_10.SNAPE.monomorphic.bed.gz,dest_mapped,pipeline_output,DE_Bro_16_10,DE_Bro_16_10.SNAPE.monomorphic.bed.gz
http://berglandlab.uvadcos.io/dest_mapped/pipeline_output/DE_Bro_16_10/DE_Bro_16_10.bed.gz,dest_mapped,pipeline_output,DE_Bro_16_10,DE_Bro_16_10.bed.gz
http://berglandlab.uvadcos.io/dest_mapped/pipeline_output/DE_Bro_16_11/DE_Bro_16_11.SNAPE.monomorphic.bed.gz,dest_mapped,pipeline_output,DE_Bro_16_11,DE_Bro_16_11.SNAPE.monomorphic.bed.gz
http://berglandlab.uvadcos.io/dest_mapped/pipeline_output/DE_Bro_16_11/DE_Bro_16_11.bed.gz,dest_mapped,pipeline_output,DE_Bro_16_11,DE_Bro_16_11.bed.gz
http://berglandlab.uvadcos.io/dest_mapped/pipeline_output/DE_Mun_14_31/DE_Mun_14_31.SNAPE.monomorphic.bed.gz,dest_mapped,pipeline_output,DE_Mun_14_31,DE_Mun_14_31.SNAPE.monomorphic.bed.gz
http://berglandlab.uvadcos.io/dest_mapped/pipeline_output/DE_Mun_14_31/DE_Mun_14_31.bed.gz,dest_mapped,pipeline_output,DE_Mun_14_31,DE_Mun_14_31.bed.gz
http://berglandlab.uvadcos.io/dest_mapped/pipeline_output/DE_Mun_14_32/DE_Mun_14_32.SNAPE.monomorphic.bed.gz,dest_mapped,pipeline_output,DE_Mun_14_32,DE_Mun_14_32.SNAPE.monomorphic.bed.gz
http://berglandlab.uvadcos.io/dest_mapped/pipeline_output/DE_Mun_14_32/DE_Mun_14_32.bed.gz,dest_mapped,pipeline_output,DE_Mun_14_32,DE_Mun_14_32.bed.gz
http://berglandlab.uvadcos.io/dest_mapped/pipeline_output/DE_Mun_15_45/DE_Mun_15_45.SNAPE.monomorphic.bed.gz,dest_mapped,pipeline_output,DE_Mun_15_45,DE_Mun_15_45.SNAPE.monomorphic.bed.gz
http://berglandlab.uvadcos.io/dest_mapped/pipeline_output/DE_Mun_15_45/DE_Mun_15_45.bed.gz,dest_mapped,pipeline_output,DE_Mun_15_45,DE_Mun_15_45.bed.gz
http://berglandlab.uvadcos.io/dest_mapped/pipeline_output/DE_Mun_15_46/DE_Mun_15_46.SNAPE.monomorphic.bed.gz,dest_mapped,pipeline_output,DE_Mun_15_46,DE_Mun_15_46.SNAPE.monomorphic.bed.gz
http://berglandlab.uvadcos.io/dest_mapped/pipeline_output/DE_Mun_15_46/DE_Mun_15_46.bed.gz,dest_mapped,pipeline_output,DE_Mun_15_46,DE_Mun_15_46.bed.gz
http://berglandlab.uvadcos.io/dest_mapped/pipeline_output/DE_Mun_16_12/DE_Mun_16_12.SNAPE.monomorphic.bed.gz,dest_mapped,pipeline_output,DE_Mun_16_12,DE_Mun_16_12.SNAPE.monomorphic.bed.gz
http://berglandlab.uvadcos.io/dest_mapped/pipeline_output/DE_Mun_16_12/DE_Mun_16_12.bed.gz,dest_mapped,pipeline_output,DE_Mun_16_12,DE_Mun_16_12.bed.gz
http://berglandlab.uvadcos.io/dest_mapped/pipeline_output/DE_Mun_16_13/DE_Mun_16_13.SNAPE.monomorphic.bed.gz,dest_mapped,pipeline_output,DE_Mun_16_13,DE_Mun_16_13.SNAPE.monomorphic.bed.gz
http://berglandlab.uvadcos.io/dest_mapped/pipeline_output/DE_Mun_16_13/DE_Mun_16_13.bed.gz,dest_mapped,pipeline_output,DE_Mun_16_13,DE_Mun_16_13.bed.gz
http://berglandlab.uvadcos.io/dest_mapped/pipeline_output/DK_Kar_14_39/DK_Kar_14_39.SNAPE.monomorphic.bed.gz,dest_mapped,pipeline_output,DK_Kar_14_39,DK_Kar_14_39.SNAPE.monomorphic.bed.gz
http://berglandlab.uvadcos.io/dest_mapped/pipeline_output/DK_Kar_14_39/DK_Kar_14_39.bed.gz,dest_mapped,pipeline_output,DK_Kar_14_39,DK_Kar_14_39.bed.gz
http://berglandlab.uvadcos.io/dest_mapped/pipeline_output/DK_Kar_14_41/DK_Kar_14_41.SNAPE.monomorphic.bed.gz,dest_mapped,pipeline_output,DK_Kar_14_41,DK_Kar_14_41.SNAPE.monomorphic.bed.gz
http://berglandlab.uvadcos.io/dest_mapped/pipeline_output/DK_Kar_14_41/DK_Kar_14_41.bed.gz,dest_mapped,pipeline_output,DK_Kar_14_41,DK_Kar_14_41.bed.gz
http://berglandlab.uvadcos.io/dest_mapped/pipeline_output/DK_Kar_16_2/DK_Kar_16_2.SNAPE.monomorphic.bed.gz,dest_mapped,pipeline_output,DK_Kar_16_2,DK_Kar_16_2.SNAPE.monomorphic.bed.gz
http://berglandlab.uvadcos.io/dest_mapped/pipeline_output/DK_Kar_16_2/DK_Kar_16_2.bed.gz,dest_mapped,pipeline_output,DK_Kar_16_2,DK_Kar_16_2.bed.gz
http://berglandlab.uvadcos.io/dest_mapped/pipeline_output/DK_Kar_16_3/DK_Kar_16_3.SNAPE.monomorphic.bed.gz,dest_mapped,pipeline_output,DK_Kar_16_3,DK_Kar_16_3.SNAPE.monomorphic.bed.gz
http://berglandlab.uvadcos.io/dest_mapped/pipeline_output/DK_Kar_16_3/DK_Kar_16_3.bed.gz,dest_mapped,pipeline_output,DK_Kar_16_3,DK_Kar_16_3.bed.gz
http://berglandlab.uvadcos.io/dest_mapped/pipeline_output/DK_Kar_16_4/DK_Kar_16_4.SNAPE.monomorphic.bed.gz,dest_mapped,pipeline_output,DK_Kar_16_4,DK_Kar_16_4.SNAPE.monomorphic.bed.gz
http://berglandlab.uvadcos.io/dest_mapped/pipeline_output/DK_Kar_16_4/DK_Kar_16_4.bed.gz,dest_mapped,pipeline_output,DK_Kar_16_4,DK_Kar_16_4.bed.gz
http://berglandlab.uvadcos.io/dest_mapped/pipeline_output/ES_Ben_16_32/ES_Ben_16_32.SNAPE.monomorphic.bed.gz,dest_mapped,pipeline_output,ES_Ben_16_32,ES_Ben_16_32.SNAPE.monomorphic.bed.gz
http://berglandlab.uvadcos.io/dest_mapped/pipeline_output/ES_Ben_16_32/ES_Ben_16_32.bed.gz,dest_mapped,pipeline_output,ES_Ben_16_32,ES_Ben_16_32.bed.gz
http://berglandlab.uvadcos.io/dest_mapped/pipeline_output/ES_Cor_15_33/ES_Cor_15_33.SNAPE.monomorphic.bed.gz,dest_mapped,pipeline_output,ES_Cor_15_33,ES_Cor_15_33.SNAPE.monomorphic.bed.gz
http://berglandlab.uvadcos.io/dest_mapped/pipeline_output/ES_Cor_15_33/ES_Cor_15_33.bed.gz,dest_mapped,pipeline_output,ES_Cor_15_33,ES_Cor_15_33.bed.gz
http://berglandlab.uvadcos.io/dest_mapped/pipeline_output/ES_Gim_14_34/ES_Gim_14_34.SNAPE.monomorphic.bed.gz,dest_mapped,pipeline_output,ES_Gim_14_34,ES_Gim_14_34.SNAPE.monomorphic.bed.gz
http://berglandlab.uvadcos.io/dest_mapped/pipeline_output/ES_Gim_14_34/ES_Gim_14_34.bed.gz,dest_mapped,pipeline_output,ES_Gim_14_34,ES_Gim_14_34.bed.gz
http://berglandlab.uvadcos.io/dest_mapped/pipeline_output/ES_Gim_14_35/ES_Gim_14_35.SNAPE.monomorphic.bed.gz,dest_mapped,pipeline_output,ES_Gim_14_35,ES_Gim_14_35.SNAPE.monomorphic.bed.gz
http://berglandlab.uvadcos.io/dest_mapped/pipeline_output/ES_Gim_14_35/ES_Gim_14_35.bed.gz,dest_mapped,pipeline_output,ES_Gim_14_35,ES_Gim_14_35.bed.gz
http://berglandlab.uvadcos.io/dest_mapped/pipeline_output/ES_Gim_15_30/ES_Gim_15_30.SNAPE.monomorphic.bed.gz,dest_mapped,pipeline_output,ES_Gim_15_30,ES_Gim_15_30.SNAPE.monomorphic.bed.gz
http://berglandlab.uvadcos.io/dest_mapped/pipeline_output/ES_Gim_15_30/ES_Gim_15_30.bed.gz,dest_mapped,pipeline_output,ES_Gim_15_30,ES_Gim_15_30.bed.gz
http://berglandlab.uvadcos.io/dest_mapped/pipeline_output/ES_Gim_15_31/ES_Gim_15_31.SNAPE.monomorphic.bed.gz,dest_mapped,pipeline_output,ES_Gim_15_31,ES_Gim_15_31.SNAPE.monomorphic.bed.gz
http://berglandlab.uvadcos.io/dest_mapped/pipeline_output/ES_Gim_15_31/ES_Gim_15_31.bed.gz,dest_mapped,pipeline_output,ES_Gim_15_31,ES_Gim_15_31.bed.gz
http://berglandlab.uvadcos.io/dest_mapped/pipeline_output/ES_Gim_16_33/ES_Gim_16_33.SNAPE.monomorphic.bed.gz,dest_mapped,pipeline_output,ES_Gim_16_33,ES_Gim_16_33.SNAPE.monomorphic.bed.gz
http://berglandlab.uvadcos.io/dest_mapped/pipeline_output/ES_Gim_16_33/ES_Gim_16_33.bed.gz,dest_mapped,pipeline_output,ES_Gim_16_33,ES_Gim_16_33.bed.gz
http://berglandlab.uvadcos.io/dest_mapped/pipeline_output/ES_Gim_16_34/ES_Gim_16_34.SNAPE.monomorphic.bed.gz,dest_mapped,pipeline_output,ES_Gim_16_34,ES_Gim_16_34.SNAPE.monomorphic.bed.gz
http://berglandlab.uvadcos.io/dest_mapped/pipeline_output/ES_Gim_16_34/ES_Gim_16_34.bed.gz,dest_mapped,pipeline_output,ES_Gim_16_34,ES_Gim_16_34.bed.gz
http://berglandlab.uvadcos.io/dest_mapped/pipeline_output/ES_Gua_15_32/ES_Gua_15_32.SNAPE.monomorphic.bed.gz,dest_mapped,pipeline_output,ES_Gua_15_32,ES_Gua_15_32.SNAPE.monomorphic.bed.gz
http://berglandlab.uvadcos.io/dest_mapped/pipeline_output/ES_Gua_15_32/ES_Gua_15_32.bed.gz,dest_mapped,pipeline_output,ES_Gua_15_32,ES_Gua_15_32.bed.gz
http://berglandlab.uvadcos.io/dest_mapped/pipeline_output/ES_Pur_16_35/ES_Pur_16_35.SNAPE.monomorphic.bed.gz,dest_mapped,pipeline_output,ES_Pur_16_35,ES_Pur_16_35.SNAPE.monomorphic.bed.gz
http://berglandlab.uvadcos.io/dest_mapped/pipeline_output/ES_Pur_16_35/ES_Pur_16_35.bed.gz,dest_mapped,pipeline_output,ES_Pur_16_35,ES_Pur_16_35.bed.gz
http://berglandlab.uvadcos.io/dest_mapped/pipeline_output/ES_Tom_15_28/ES_Tom_15_28.SNAPE.monomorphic.bed.gz,dest_mapped,pipeline_output,ES_Tom_15_28,ES_Tom_15_28.SNAPE.monomorphic.bed.gz
http://berglandlab.uvadcos.io/dest_mapped/pipeline_output/ES_Tom_15_28/ES_Tom_15_28.bed.gz,dest_mapped,pipeline_output,ES_Tom_15_28,ES_Tom_15_28.bed.gz
http://berglandlab.uvadcos.io/dest_mapped/pipeline_output/ES_Tom_15_29/ES_Tom_15_29.SNAPE.monomorphic.bed.gz,dest_mapped,pipeline_output,ES_Tom_15_29,ES_Tom_15_29.SNAPE.monomorphic.bed.gz
http://berglandlab.uvadcos.io/dest_mapped/pipeline_output/ES_Tom_15_29/ES_Tom_15_29.bed.gz,dest_mapped,pipeline_output,ES_Tom_15_29,ES_Tom_15_29.bed.gz
http://berglandlab.uvadcos.io/dest_mapped/pipeline_output/ES_Tom_16_36/ES_Tom_16_36.SNAPE.monomorphic.bed.gz,dest_mapped,pipeline_output,ES_Tom_16_36,ES_Tom_16_36.SNAPE.monomorphic.bed.gz
http://berglandlab.uvadcos.io/dest_mapped/pipeline_output/ES_Tom_16_36/ES_Tom_16_36.bed.gz,dest_mapped,pipeline_output,ES_Tom_16_36,ES_Tom_16_36.bed.gz
http://berglandlab.uvadcos.io/dest_mapped/pipeline_output/ES_Tom_16_37/ES_Tom_16_37.SNAPE.monomorphic.bed.gz,dest_mapped,pipeline_output,ES_Tom_16_37,ES_Tom_16_37.SNAPE.monomorphic.bed.gz
http://berglandlab.uvadcos.io/dest_mapped/pipeline_output/ES_Tom_16_37/ES_Tom_16_37.bed.gz,dest_mapped,pipeline_output,ES_Tom_16_37,ES_Tom_16_37.bed.gz
http://berglandlab.uvadcos.io/dest_mapped/pipeline_output/ES_ba_12_fall/ES_ba_12_fall.SNAPE.monomorphic.bed.gz,dest_mapped,pipeline_output,ES_ba_12_fall,ES_ba_12_fall.SNAPE.monomorphic.bed.gz
http://berglandlab.uvadcos.io/dest_mapped/pipeline_output/ES_ba_12_fall/ES_ba_12_fall.bed.gz,dest_mapped,pipeline_output,ES_ba_12_fall,ES_ba_12_fall.bed.gz
http://berglandlab.uvadcos.io/dest_mapped/pipeline_output/ES_ba_12_spring/ES_ba_12_spring.SNAPE.monomorphic.bed.gz,dest_mapped,pipeline_output,ES_ba_12_spring,ES_ba_12_spring.SNAPE.monomorphic.bed.gz
http://berglandlab.uvadcos.io/dest_mapped/pipeline_output/ES_ba_12_spring/ES_ba_12_spring.bed.gz,dest_mapped,pipeline_output,ES_ba_12_spring,ES_ba_12_spring.bed.gz
http://berglandlab.uvadcos.io/dest_mapped/pipeline_output/FI_Aka_14_36/FI_Aka_14_36.SNAPE.monomorphic.bed.gz,dest_mapped,pipeline_output,FI_Aka_14_36,FI_Aka_14_36.SNAPE.monomorphic.bed.gz
http://berglandlab.uvadcos.io/dest_mapped/pipeline_output/FI_Aka_14_36/FI_Aka_14_36.bed.gz,dest_mapped,pipeline_output,FI_Aka_14_36,FI_Aka_14_36.bed.gz
http://berglandlab.uvadcos.io/dest_mapped/pipeline_output/FI_Aka_14_37/FI_Aka_14_37.SNAPE.monomorphic.bed.gz,dest_mapped,pipeline_output,FI_Aka_14_37,FI_Aka_14_37.SNAPE.monomorphic.bed.gz
http://berglandlab.uvadcos.io/dest_mapped/pipeline_output/FI_Aka_14_37/FI_Aka_14_37.bed.gz,dest_mapped,pipeline_output,FI_Aka_14_37,FI_Aka_14_37.bed.gz
http://berglandlab.uvadcos.io/dest_mapped/pipeline_output/FI_Aka_15_34/FI_Aka_15_34.SNAPE.monomorphic.bed.gz,dest_mapped,pipeline_output,FI_Aka_15_34,FI_Aka_15_34.SNAPE.monomorphic.bed.gz
http://berglandlab.uvadcos.io/dest_mapped/pipeline_output/FI_Aka_15_34/FI_Aka_15_34.bed.gz,dest_mapped,pipeline_output,FI_Aka_15_34,FI_Aka_15_34.bed.gz
http://berglandlab.uvadcos.io/dest_mapped/pipeline_output/FI_Aka_15_35/FI_Aka_15_35.SNAPE.monomorphic.bed.gz,dest_mapped,pipeline_output,FI_Aka_15_35,FI_Aka_15_35.SNAPE.monomorphic.bed.gz
http://berglandlab.uvadcos.io/dest_mapped/pipeline_output/FI_Aka_15_35/FI_Aka_15_35.bed.gz,dest_mapped,pipeline_output,FI_Aka_15_35,FI_Aka_15_35.bed.gz
http://berglandlab.uvadcos.io/dest_mapped/pipeline_output/FI_Aka_16_5/FI_Aka_16_5.SNAPE.monomorphic.bed.gz,dest_mapped,pipeline_output,FI_Aka_16_5,FI_Aka_16_5.SNAPE.monomorphic.bed.gz
http://berglandlab.uvadcos.io/dest_mapped/pipeline_output/FI_Aka_16_5/FI_Aka_16_5.bed.gz,dest_mapped,pipeline_output,FI_Aka_16_5,FI_Aka_16_5.bed.gz
http://berglandlab.uvadcos.io/dest_mapped/pipeline_output/FI_Aka_16_6/FI_Aka_16_6.SNAPE.monomorphic.bed.gz,dest_mapped,pipeline_output,FI_Aka_16_6,FI_Aka_16_6.SNAPE.monomorphic.bed.gz
http://berglandlab.uvadcos.io/dest_mapped/pipeline_output/FI_Aka_16_6/FI_Aka_16_6.bed.gz,dest_mapped,pipeline_output,FI_Aka_16_6,FI_Aka_16_6.bed.gz
http://berglandlab.uvadcos.io/dest_mapped/pipeline_output/FI_Ves_14_38/FI_Ves_14_38.SNAPE.monomorphic.bed.gz,dest_mapped,pipeline_output,FI_Ves_14_38,FI_Ves_14_38.SNAPE.monomorphic.bed.gz
http://berglandlab.uvadcos.io/dest_mapped/pipeline_output/FI_Ves_14_38/FI_Ves_14_38.bed.gz,dest_mapped,pipeline_output,FI_Ves_14_38,FI_Ves_14_38.bed.gz
http://berglandlab.uvadcos.io/dest_mapped/pipeline_output/FI_Ves_16_7/FI_Ves_16_7.SNAPE.monomorphic.bed.gz,dest_mapped,pipeline_output,FI_Ves_16_7,FI_Ves_16_7.SNAPE.monomorphic.bed.gz
http://berglandlab.uvadcos.io/dest_mapped/pipeline_output/FI_Ves_16_7/FI_Ves_16_7.bed.gz,dest_mapped,pipeline_output,FI_Ves_16_7,FI_Ves_16_7.bed.gz
http://berglandlab.uvadcos.io/dest_mapped/pipeline_output/FL_ho_10_fall/FL_ho_10_fall.SNAPE.monomorphic.bed.gz,dest_mapped,pipeline_output,FL_ho_10_fall,FL_ho_10_fall.SNAPE.monomorphic.bed.gz
http://berglandlab.uvadcos.io/dest_mapped/pipeline_output/FL_ho_10_fall/FL_ho_10_fall.bed.gz,dest_mapped,pipeline_output,FL_ho_10_fall,FL_ho_10_fall.bed.gz
http://berglandlab.uvadcos.io/dest_mapped/pipeline_output/FL_ho_10_spring/FL_ho_10_spring.SNAPE.monomorphic.bed.gz,dest_mapped,pipeline_output,FL_ho_10_spring,FL_ho_10_spring.SNAPE.monomorphic.bed.gz
http://berglandlab.uvadcos.io/dest_mapped/pipeline_output/FL_ho_10_spring/FL_ho_10_spring.bed.gz,dest_mapped,pipeline_output,FL_ho_10_spring,FL_ho_10_spring.bed.gz
http://berglandlab.uvadcos.io/dest_mapped/pipeline_output/FR_Got_14_08/FR_Got_14_08.SNAPE.monomorphic.bed.gz,dest_mapped,pipeline_output,FR_Got_14_08,FR_Got_14_08.SNAPE.monomorphic.bed.gz
http://berglandlab.uvadcos.io/dest_mapped/pipeline_output/FR_Got_14_08/FR_Got_14_08.bed.gz,dest_mapped,pipeline_output,FR_Got_14_08,FR_Got_14_08.bed.gz
http://berglandlab.uvadcos.io/dest_mapped/pipeline_output/FR_Got_15_47/FR_Got_15_47.SNAPE.monomorphic.bed.gz,dest_mapped,pipeline_output,FR_Got_15_47,FR_Got_15_47.SNAPE.monomorphic.bed.gz
http://berglandlab.uvadcos.io/dest_mapped/pipeline_output/FR_Got_15_47/FR_Got_15_47.bed.gz,dest_mapped,pipeline_output,FR_Got_15_47,FR_Got_15_47.bed.gz
http://berglandlab.uvadcos.io/dest_mapped/pipeline_output/FR_Got_15_48/FR_Got_15_48.SNAPE.monomorphic.bed.gz,dest_mapped,pipeline_output,FR_Got_15_48,FR_Got_15_48.SNAPE.monomorphic.bed.gz
http://berglandlab.uvadcos.io/dest_mapped/pipeline_output/FR_Got_15_48/FR_Got_15_48.bed.gz,dest_mapped,pipeline_output,FR_Got_15_48,FR_Got_15_48.bed.gz
http://berglandlab.uvadcos.io/dest_mapped/pipeline_output/FR_Got_15_49/FR_Got_15_49.SNAPE.monomorphic.bed.gz,dest_mapped,pipeline_output,FR_Got_15_49,FR_Got_15_49.SNAPE.monomorphic.bed.gz
http://berglandlab.uvadcos.io/dest_mapped/pipeline_output/FR_Got_15_49/FR_Got_15_49.bed.gz,dest_mapped,pipeline_output,FR_Got_15_49,FR_Got_15_49.bed.gz
http://berglandlab.uvadcos.io/dest_mapped/pipeline_output/FR_Got_16_8/FR_Got_16_8.SNAPE.monomorphic.bed.gz,dest_mapped,pipeline_output,FR_Got_16_8,FR_Got_16_8.SNAPE.monomorphic.bed.gz
http://berglandlab.uvadcos.io/dest_mapped/pipeline_output/FR_Got_16_8/FR_Got_16_8.bed.gz,dest_mapped,pipeline_output,FR_Got_16_8,FR_Got_16_8.bed.gz
http://berglandlab.uvadcos.io/dest_mapped/pipeline_output/FR_Vil_14_05/FR_Vil_14_05.SNAPE.monomorphic.bed.gz,dest_mapped,pipeline_output,FR_Vil_14_05,FR_Vil_14_05.SNAPE.monomorphic.bed.gz
http://berglandlab.uvadcos.io/dest_mapped/pipeline_output/FR_Vil_14_05/FR_Vil_14_05.bed.gz,dest_mapped,pipeline_output,FR_Vil_14_05,FR_Vil_14_05.bed.gz
http://berglandlab.uvadcos.io/dest_mapped/pipeline_output/FR_Vil_14_07/FR_Vil_14_07.SNAPE.monomorphic.bed.gz,dest_mapped,pipeline_output,FR_Vil_14_07,FR_Vil_14_07.SNAPE.monomorphic.bed.gz
http://berglandlab.uvadcos.io/dest_mapped/pipeline_output/FR_Vil_14_07/FR_Vil_14_07.bed.gz,dest_mapped,pipeline_output,FR_Vil_14_07,FR_Vil_14_07.bed.gz
http://berglandlab.uvadcos.io/dest_mapped/pipeline_output/FR_Vil_15_40/FR_Vil_15_40.SNAPE.monomorphic.bed.gz,dest_mapped,pipeline_output,FR_Vil_15_40,FR_Vil_15_40.SNAPE.monomorphic.bed.gz
http://berglandlab.uvadcos.io/dest_mapped/pipeline_output/FR_Vil_15_40/FR_Vil_15_40.bed.gz,dest_mapped,pipeline_output,FR_Vil_15_40,FR_Vil_15_40.bed.gz
http://berglandlab.uvadcos.io/dest_mapped/pipeline_output/FR_Vil_15_41/FR_Vil_15_41.SNAPE.monomorphic.bed.gz,dest_mapped,pipeline_output,FR_Vil_15_41,FR_Vil_15_41.SNAPE.monomorphic.bed.gz
http://berglandlab.uvadcos.io/dest_mapped/pipeline_output/FR_Vil_15_41/FR_Vil_15_41.bed.gz,dest_mapped,pipeline_output,FR_Vil_15_41,FR_Vil_15_41.bed.gz
http://berglandlab.uvadcos.io/dest_mapped/pipeline_output/FR_Vil_16_9/FR_Vil_16_9.SNAPE.monomorphic.bed.gz,dest_mapped,pipeline_output,FR_Vil_16_9,FR_Vil_16_9.SNAPE.monomorphic.bed.gz
http://berglandlab.uvadcos.io/dest_mapped/pipeline_output/FR_Vil_16_9/FR_Vil_16_9.bed.gz,dest_mapped,pipeline_output,FR_Vil_16_9,FR_Vil_16_9.bed.gz
http://berglandlab.uvadcos.io/dest_mapped/pipeline_output/GA_at_14_fall/GA_at_14_fall.SNAPE.monomorphic.bed.gz,dest_mapped,pipeline_output,GA_at_14_fall,GA_at_14_fall.SNAPE.monomorphic.bed.gz
http://berglandlab.uvadcos.io/dest_mapped/pipeline_output/GA_at_14_fall/GA_at_14_fall.bed.gz,dest_mapped,pipeline_output,GA_at_14_fall,GA_at_14_fall.bed.gz
http://berglandlab.uvadcos.io/dest_mapped/pipeline_output/GA_at_14_spring/GA_at_14_spring.SNAPE.monomorphic.bed.gz,dest_mapped,pipeline_output,GA_at_14_spring,GA_at_14_spring.SNAPE.monomorphic.bed.gz
http://berglandlab.uvadcos.io/dest_mapped/pipeline_output/GA_at_14_spring/GA_at_14_spring.bed.gz,dest_mapped,pipeline_output,GA_at_14_spring,GA_at_14_spring.bed.gz
http://berglandlab.uvadcos.io/dest_mapped/pipeline_output/GA_ha_08_spring/GA_ha_08_spring.SNAPE.monomorphic.bed.gz,dest_mapped,pipeline_output,GA_ha_08_spring,GA_ha_08_spring.SNAPE.monomorphic.bed.gz
http://berglandlab.uvadcos.io/dest_mapped/pipeline_output/GA_ha_08_spring/GA_ha_08_spring.bed.gz,dest_mapped,pipeline_output,GA_ha_08_spring,GA_ha_08_spring.bed.gz
http://berglandlab.uvadcos.io/dest_mapped/pipeline_output/GS_Des_15_1/GS_Des_15_1.SNAPE.monomorphic.bed.gz,dest_mapped,pipeline_output,GS_Des_15_1,GS_Des_15_1.SNAPE.monomorphic.bed.gz
http://berglandlab.uvadcos.io/dest_mapped/pipeline_output/GS_Des_15_1/GS_Des_15_1.bed.gz,dest_mapped,pipeline_output,GS_Des_15_1,GS_Des_15_1.bed.gz
http://berglandlab.uvadcos.io/dest_mapped/pipeline_output/GS_Sai_15_2/GS_Sai_15_2.SNAPE.monomorphic.bed.gz,dest_mapped,pipeline_output,GS_Sai_15_2,GS_Sai_15_2.SNAPE.monomorphic.bed.gz
http://berglandlab.uvadcos.io/dest_mapped/pipeline_output/GS_Sai_15_2/GS_Sai_15_2.bed.gz,dest_mapped,pipeline_output,GS_Sai_15_2,GS_Sai_15_2.bed.gz
http://berglandlab.uvadcos.io/dest_mapped/pipeline_output/HU_Sze_16_14/HU_Sze_16_14.SNAPE.monomorphic.bed.gz,dest_mapped,pipeline_output,HU_Sze_16_14,HU_Sze_16_14.SNAPE.monomorphic.bed.gz
http://berglandlab.uvadcos.io/dest_mapped/pipeline_output/HU_Sze_16_14/HU_Sze_16_14.bed.gz,dest_mapped,pipeline_output,HU_Sze_16_14,HU_Sze_16_14.bed.gz
http://berglandlab.uvadcos.io/dest_mapped/pipeline_output/IL_ur_15_spring/IL_ur_15_spring.SNAPE.monomorphic.bed.gz,dest_mapped,pipeline_output,IL_ur_15_spring,IL_ur_15_spring.SNAPE.monomorphic.bed.gz
http://berglandlab.uvadcos.io/dest_mapped/pipeline_output/IL_ur_15_spring/IL_ur_15_spring.bed.gz,dest_mapped,pipeline_output,IL_ur_15_spring,IL_ur_15_spring.bed.gz
http://berglandlab.uvadcos.io/dest_mapped/pipeline_output/IT_Mez_15_43/IT_Mez_15_43.SNAPE.monomorphic.bed.gz,dest_mapped,pipeline_output,IT_Mez_15_43,IT_Mez_15_43.SNAPE.monomorphic.bed.gz
http://berglandlab.uvadcos.io/dest_mapped/pipeline_output/IT_Mez_15_43/IT_Mez_15_43.bed.gz,dest_mapped,pipeline_output,IT_Mez_15_43,IT_Mez_15_43.bed.gz
http://berglandlab.uvadcos.io/dest_mapped/pipeline_output/IT_Mez_15_44/IT_Mez_15_44.SNAPE.monomorphic.bed.gz,dest_mapped,pipeline_output,IT_Mez_15_44,IT_Mez_15_44.SNAPE.monomorphic.bed.gz
http://berglandlab.uvadcos.io/dest_mapped/pipeline_output/IT_Mez_15_44/IT_Mez_15_44.bed.gz,dest_mapped,pipeline_output,IT_Mez_15_44,IT_Mez_15_44.bed.gz
http://berglandlab.uvadcos.io/dest_mapped/pipeline_output/IT_Tre_16_15/IT_Tre_16_15.SNAPE.monomorphic.bed.gz,dest_mapped,pipeline_output,IT_Tre_16_15,IT_Tre_16_15.SNAPE.monomorphic.bed.gz
http://berglandlab.uvadcos.io/dest_mapped/pipeline_output/IT_Tre_16_15/IT_Tre_16_15.bed.gz,dest_mapped,pipeline_output,IT_Tre_16_15,IT_Tre_16_15.bed.gz
http://berglandlab.uvadcos.io/dest_mapped/pipeline_output/KA_to_14_fall/KA_to_14_fall.SNAPE.monomorphic.bed.gz,dest_mapped,pipeline_output,KA_to_14_fall,KA_to_14_fall.SNAPE.monomorphic.bed.gz
http://berglandlab.uvadcos.io/dest_mapped/pipeline_output/KA_to_14_fall/KA_to_14_fall.bed.gz,dest_mapped,pipeline_output,KA_to_14_fall,KA_to_14_fall.bed.gz
http://berglandlab.uvadcos.io/dest_mapped/pipeline_output/KA_to_14_spring/KA_to_14_spring.SNAPE.monomorphic.bed.gz,dest_mapped,pipeline_output,KA_to_14_spring,KA_to_14_spring.SNAPE.monomorphic.bed.gz
http://berglandlab.uvadcos.io/dest_mapped/pipeline_output/KA_to_14_spring/KA_to_14_spring.bed.gz,dest_mapped,pipeline_output,KA_to_14_spring,KA_to_14_spring.bed.gz
http://berglandlab.uvadcos.io/dest_mapped/pipeline_output/MA_la_12_fall/MA_la_12_fall.SNAPE.monomorphic.bed.gz,dest_mapped,pipeline_output,MA_la_12_fall,MA_la_12_fall.SNAPE.monomorphic.bed.gz
http://berglandlab.uvadcos.io/dest_mapped/pipeline_output/MA_la_12_fall/MA_la_12_fall.bed.gz,dest_mapped,pipeline_output,MA_la_12_fall,MA_la_12_fall.bed.gz
http://berglandlab.uvadcos.io/dest_mapped/pipeline_output/MA_la_12_spring/MA_la_12_spring.SNAPE.monomorphic.bed.gz,dest_mapped,pipeline_output,MA_la_12_spring,MA_la_12_spring.SNAPE.monomorphic.bed.gz
http://berglandlab.uvadcos.io/dest_mapped/pipeline_output/MA_la_12_spring/MA_la_12_spring.bed.gz,dest_mapped,pipeline_output,MA_la_12_spring,MA_la_12_spring.bed.gz
http://berglandlab.uvadcos.io/dest_mapped/pipeline_output/MA_la_14_fall/MA_la_14_fall.SNAPE.monomorphic.bed.gz,dest_mapped,pipeline_output,MA_la_14_fall,MA_la_14_fall.SNAPE.monomorphic.bed.gz
http://berglandlab.uvadcos.io/dest_mapped/pipeline_output/MA_la_14_fall/MA_la_14_fall.bed.gz,dest_mapped,pipeline_output,MA_la_14_fall,MA_la_14_fall.bed.gz
http://berglandlab.uvadcos.io/dest_mapped/pipeline_output/MA_la_14_spring/MA_la_14_spring.SNAPE.monomorphic.bed.gz,dest_mapped,pipeline_output,MA_la_14_spring,MA_la_14_spring.SNAPE.monomorphic.bed.gz
http://berglandlab.uvadcos.io/dest_mapped/pipeline_output/MA_la_14_spring/MA_la_14_spring.bed.gz,dest_mapped,pipeline_output,MA_la_14_spring,MA_la_14_spring.bed.gz
http://berglandlab.uvadcos.io/dest_mapped/pipeline_output/ME_bo_09_fall.r1/ME_bo_09_fall.r1.SNAPE.monomorphic.bed.gz,dest_mapped,pipeline_output,ME_bo_09_fall.r1,ME_bo_09_fall.r1.SNAPE.monomorphic.bed.gz
http://berglandlab.uvadcos.io/dest_mapped/pipeline_output/ME_bo_09_fall.r1/ME_bo_09_fall.r1.bed.gz,dest_mapped,pipeline_output,ME_bo_09_fall.r1,ME_bo_09_fall.r1.bed.gz
http://berglandlab.uvadcos.io/dest_mapped/pipeline_output/ME_bo_09_fall.r2/ME_bo_09_fall.r2.SNAPE.monomorphic.bed.gz,dest_mapped,pipeline_output,ME_bo_09_fall.r2,ME_bo_09_fall.r2.SNAPE.monomorphic.bed.gz
http://berglandlab.uvadcos.io/dest_mapped/pipeline_output/ME_bo_09_fall.r2/ME_bo_09_fall.r2.bed.gz,dest_mapped,pipeline_output,ME_bo_09_fall.r2,ME_bo_09_fall.r2.bed.gz
http://berglandlab.uvadcos.io/dest_mapped/pipeline_output/MI_bh_14_fall/MI_bh_14_fall.SNAPE.monomorphic.bed.gz,dest_mapped,pipeline_output,MI_bh_14_fall,MI_bh_14_fall.SNAPE.monomorphic.bed.gz
http://berglandlab.uvadcos.io/dest_mapped/pipeline_output/MI_bh_14_fall/MI_bh_14_fall.bed.gz,dest_mapped,pipeline_output,MI_bh_14_fall,MI_bh_14_fall.bed.gz
http://berglandlab.uvadcos.io/dest_mapped/pipeline_output/MI_bh_14_spring/MI_bh_14_spring.SNAPE.monomorphic.bed.gz,dest_mapped,pipeline_output,MI_bh_14_spring,MI_bh_14_spring.SNAPE.monomorphic.bed.gz
http://berglandlab.uvadcos.io/dest_mapped/pipeline_output/MI_bh_14_spring/MI_bh_14_spring.bed.gz,dest_mapped,pipeline_output,MI_bh_14_spring,MI_bh_14_spring.bed.gz
http://berglandlab.uvadcos.io/dest_mapped/pipeline_output/NC_ra_03_n/NC_ra_03_n.SNAPE.monomorphic.bed.gz,dest_mapped,pipeline_output,NC_ra_03_n,NC_ra_03_n.SNAPE.monomorphic.bed.gz
http://berglandlab.uvadcos.io/dest_mapped/pipeline_output/NC_ra_03_n/NC_ra_03_n.bed.gz,dest_mapped,pipeline_output,NC_ra_03_n,NC_ra_03_n.bed.gz
http://berglandlab.uvadcos.io/dest_mapped/pipeline_output/NY_it_12_fall/NY_it_12_fall.SNAPE.monomorphic.bed.gz,dest_mapped,pipeline_output,NY_it_12_fall,NY_it_12_fall.SNAPE.monomorphic.bed.gz
http://berglandlab.uvadcos.io/dest_mapped/pipeline_output/NY_it_12_fall/NY_it_12_fall.bed.gz,dest_mapped,pipeline_output,NY_it_12_fall,NY_it_12_fall.bed.gz
http://berglandlab.uvadcos.io/dest_mapped/pipeline_output/NY_it_12_spring/NY_it_12_spring.SNAPE.monomorphic.bed.gz,dest_mapped,pipeline_output,NY_it_12_spring,NY_it_12_spring.SNAPE.monomorphic.bed.gz
http://berglandlab.uvadcos.io/dest_mapped/pipeline_output/NY_it_12_spring/NY_it_12_spring.bed.gz,dest_mapped,pipeline_output,NY_it_12_spring,NY_it_12_spring.bed.gz
http://berglandlab.uvadcos.io/dest_mapped/pipeline_output/ON_su_15_fall/ON_su_15_fall.SNAPE.monomorphic.bed.gz,dest_mapped,pipeline_output,ON_su_15_fall,ON_su_15_fall.SNAPE.monomorphic.bed.gz
http://berglandlab.uvadcos.io/dest_mapped/pipeline_output/ON_su_15_fall/ON_su_15_fall.bed.gz,dest_mapped,pipeline_output,ON_su_15_fall,ON_su_15_fall.bed.gz
http://berglandlab.uvadcos.io/dest_mapped/pipeline_output/ON_su_15_spring/ON_su_15_spring.SNAPE.monomorphic.bed.gz,dest_mapped,pipeline_output,ON_su_15_spring,ON_su_15_spring.SNAPE.monomorphic.bed.gz
http://berglandlab.uvadcos.io/dest_mapped/pipeline_output/ON_su_15_spring/ON_su_15_spring.bed.gz,dest_mapped,pipeline_output,ON_su_15_spring,ON_su_15_spring.bed.gz
http://berglandlab.uvadcos.io/dest_mapped/pipeline_output/PA_li_09_fall/PA_li_09_fall.SNAPE.monomorphic.bed.gz,dest_mapped,pipeline_output,PA_li_09_fall,PA_li_09_fall.SNAPE.monomorphic.bed.gz
http://berglandlab.uvadcos.io/dest_mapped/pipeline_output/PA_li_09_fall/PA_li_09_fall.bed.gz,dest_mapped,pipeline_output,PA_li_09_fall,PA_li_09_fall.bed.gz
http://berglandlab.uvadcos.io/dest_mapped/pipeline_output/PA_li_09_spring/PA_li_09_spring.SNAPE.monomorphic.bed.gz,dest_mapped,pipeline_output,PA_li_09_spring,PA_li_09_spring.SNAPE.monomorphic.bed.gz
http://berglandlab.uvadcos.io/dest_mapped/pipeline_output/PA_li_09_spring/PA_li_09_spring.bed.gz,dest_mapped,pipeline_output,PA_li_09_spring,PA_li_09_spring.bed.gz
http://berglandlab.uvadcos.io/dest_mapped/pipeline_output/PA_li_10_fall/PA_li_10_fall.SNAPE.monomorphic.bed.gz,dest_mapped,pipeline_output,PA_li_10_fall,PA_li_10_fall.SNAPE.monomorphic.bed.gz
http://berglandlab.uvadcos.io/dest_mapped/pipeline_output/PA_li_10_fall/PA_li_10_fall.bed.gz,dest_mapped,pipeline_output,PA_li_10_fall,PA_li_10_fall.bed.gz
http://berglandlab.uvadcos.io/dest_mapped/pipeline_output/PA_li_10_spring/PA_li_10_spring.SNAPE.monomorphic.bed.gz,dest_mapped,pipeline_output,PA_li_10_spring,PA_li_10_spring.SNAPE.monomorphic.bed.gz
http://berglandlab.uvadcos.io/dest_mapped/pipeline_output/PA_li_10_spring/PA_li_10_spring.bed.gz,dest_mapped,pipeline_output,PA_li_10_spring,PA_li_10_spring.bed.gz
http://berglandlab.uvadcos.io/dest_mapped/pipeline_output/PA_li_11_fall/PA_li_11_fall.SNAPE.monomorphic.bed.gz,dest_mapped,pipeline_output,PA_li_11_fall,PA_li_11_fall.SNAPE.monomorphic.bed.gz
http://berglandlab.uvadcos.io/dest_mapped/pipeline_output/PA_li_11_fall/PA_li_11_fall.bed.gz,dest_mapped,pipeline_output,PA_li_11_fall,PA_li_11_fall.bed.gz
http://berglandlab.uvadcos.io/dest_mapped/pipeline_output/PA_li_11_frost/PA_li_11_frost.SNAPE.monomorphic.bed.gz,dest_mapped,pipeline_output,PA_li_11_frost,PA_li_11_frost.SNAPE.monomorphic.bed.gz
http://berglandlab.uvadcos.io/dest_mapped/pipeline_output/PA_li_11_frost/PA_li_11_frost.bed.gz,dest_mapped,pipeline_output,PA_li_11_frost,PA_li_11_frost.bed.gz
http://berglandlab.uvadcos.io/dest_mapped/pipeline_output/PA_li_11_spring/PA_li_11_spring.SNAPE.monomorphic.bed.gz,dest_mapped,pipeline_output,PA_li_11_spring,PA_li_11_spring.SNAPE.monomorphic.bed.gz
http://berglandlab.uvadcos.io/dest_mapped/pipeline_output/PA_li_11_spring/PA_li_11_spring.bed.gz,dest_mapped,pipeline_output,PA_li_11_spring,PA_li_11_spring.bed.gz
http://berglandlab.uvadcos.io/dest_mapped/pipeline_output/PA_li_12_fall/PA_li_12_fall.SNAPE.monomorphic.bed.gz,dest_mapped,pipeline_output,PA_li_12_fall,PA_li_12_fall.SNAPE.monomorphic.bed.gz
http://berglandlab.uvadcos.io/dest_mapped/pipeline_output/PA_li_12_fall/PA_li_12_fall.bed.gz,dest_mapped,pipeline_output,PA_li_12_fall,PA_li_12_fall.bed.gz
http://berglandlab.uvadcos.io/dest_mapped/pipeline_output/PA_li_12_spring/PA_li_12_spring.SNAPE.monomorphic.bed.gz,dest_mapped,pipeline_output,PA_li_12_spring,PA_li_12_spring.SNAPE.monomorphic.bed.gz
http://berglandlab.uvadcos.io/dest_mapped/pipeline_output/PA_li_12_spring/PA_li_12_spring.bed.gz,dest_mapped,pipeline_output,PA_li_12_spring,PA_li_12_spring.bed.gz
http://berglandlab.uvadcos.io/dest_mapped/pipeline_output/PA_li_12_sum/PA_li_12_sum.SNAPE.monomorphic.bed.gz,dest_mapped,pipeline_output,PA_li_12_sum,PA_li_12_sum.SNAPE.monomorphic.bed.gz
http://berglandlab.uvadcos.io/dest_mapped/pipeline_output/PA_li_12_sum/PA_li_12_sum.bed.gz,dest_mapped,pipeline_output,PA_li_12_sum,PA_li_12_sum.bed.gz
http://berglandlab.uvadcos.io/dest_mapped/pipeline_output/PA_li_13_spring/PA_li_13_spring.SNAPE.monomorphic.bed.gz,dest_mapped,pipeline_output,PA_li_13_spring,PA_li_13_spring.SNAPE.monomorphic.bed.gz
http://berglandlab.uvadcos.io/dest_mapped/pipeline_output/PA_li_13_spring/PA_li_13_spring.bed.gz,dest_mapped,pipeline_output,PA_li_13_spring,PA_li_13_spring.bed.gz
http://berglandlab.uvadcos.io/dest_mapped/pipeline_output/PA_li_14_fall/PA_li_14_fall.SNAPE.monomorphic.bed.gz,dest_mapped,pipeline_output,PA_li_14_fall,PA_li_14_fall.SNAPE.monomorphic.bed.gz
http://berglandlab.uvadcos.io/dest_mapped/pipeline_output/PA_li_14_fall/PA_li_14_fall.bed.gz,dest_mapped,pipeline_output,PA_li_14_fall,PA_li_14_fall.bed.gz
http://berglandlab.uvadcos.io/dest_mapped/pipeline_output/PA_li_14_spring/PA_li_14_spring.SNAPE.monomorphic.bed.gz,dest_mapped,pipeline_output,PA_li_14_spring,PA_li_14_spring.SNAPE.monomorphic.bed.gz
http://berglandlab.uvadcos.io/dest_mapped/pipeline_output/PA_li_14_spring/PA_li_14_spring.bed.gz,dest_mapped,pipeline_output,PA_li_14_spring,PA_li_14_spring.bed.gz
http://berglandlab.uvadcos.io/dest_mapped/pipeline_output/PA_li_15_fall/PA_li_15_fall.SNAPE.monomorphic.bed.gz,dest_mapped,pipeline_output,PA_li_15_fall,PA_li_15_fall.SNAPE.monomorphic.bed.gz
http://berglandlab.uvadcos.io/dest_mapped/pipeline_output/PA_li_15_fall/PA_li_15_fall.bed.gz,dest_mapped,pipeline_output,PA_li_15_fall,PA_li_15_fall.bed.gz
http://berglandlab.uvadcos.io/dest_mapped/pipeline_output/PA_li_15_spring/PA_li_15_spring.SNAPE.monomorphic.bed.gz,dest_mapped,pipeline_output,PA_li_15_spring,PA_li_15_spring.SNAPE.monomorphic.bed.gz
http://berglandlab.uvadcos.io/dest_mapped/pipeline_output/PA_li_15_spring/PA_li_15_spring.bed.gz,dest_mapped,pipeline_output,PA_li_15_spring,PA_li_15_spring.bed.gz
http://berglandlab.uvadcos.io/dest_mapped/pipeline_output/PA_st_14_fall/PA_st_14_fall.SNAPE.monomorphic.bed.gz,dest_mapped,pipeline_output,PA_st_14_fall,PA_st_14_fall.SNAPE.monomorphic.bed.gz
http://berglandlab.uvadcos.io/dest_mapped/pipeline_output/PA_st_14_fall/PA_st_14_fall.bed.gz,dest_mapped,pipeline_output,PA_st_14_fall,PA_st_14_fall.bed.gz
http://berglandlab.uvadcos.io/dest_mapped/pipeline_output/PA_st_14_spring/PA_st_14_spring.SNAPE.monomorphic.bed.gz,dest_mapped,pipeline_output,PA_st_14_spring,PA_st_14_spring.SNAPE.monomorphic.bed.gz
http://berglandlab.uvadcos.io/dest_mapped/pipeline_output/PA_st_14_spring/PA_st_14_spring.bed.gz,dest_mapped,pipeline_output,PA_st_14_spring,PA_st_14_spring.bed.gz
http://berglandlab.uvadcos.io/dest_mapped/pipeline_output/PA_st_15_spring/PA_st_15_spring.SNAPE.monomorphic.bed.gz,dest_mapped,pipeline_output,PA_st_15_spring,PA_st_15_spring.SNAPE.monomorphic.bed.gz
http://berglandlab.uvadcos.io/dest_mapped/pipeline_output/PA_st_15_spring/PA_st_15_spring.bed.gz,dest_mapped,pipeline_output,PA_st_15_spring,PA_st_15_spring.bed.gz
http://berglandlab.uvadcos.io/dest_mapped/pipeline_output/PO_Brz_15_12/PO_Brz_15_12.SNAPE.monomorphic.bed.gz,dest_mapped,pipeline_output,PO_Brz_15_12,PO_Brz_15_12.SNAPE.monomorphic.bed.gz
http://berglandlab.uvadcos.io/dest_mapped/pipeline_output/PO_Brz_15_12/PO_Brz_15_12.bed.gz,dest_mapped,pipeline_output,PO_Brz_15_12,PO_Brz_15_12.bed.gz
http://berglandlab.uvadcos.io/dest_mapped/pipeline_output/PO_Brz_16_17/PO_Brz_16_17.SNAPE.monomorphic.bed.gz,dest_mapped,pipeline_output,PO_Brz_16_17,PO_Brz_16_17.SNAPE.monomorphic.bed.gz
http://berglandlab.uvadcos.io/dest_mapped/pipeline_output/PO_Brz_16_17/PO_Brz_16_17.bed.gz,dest_mapped,pipeline_output,PO_Brz_16_17,PO_Brz_16_17.bed.gz
http://berglandlab.uvadcos.io/dest_mapped/pipeline_output/PO_Gda_16_16/PO_Gda_16_16.SNAPE.monomorphic.bed.gz,dest_mapped,pipeline_output,PO_Gda_16_16,PO_Gda_16_16.SNAPE.monomorphic.bed.gz
http://berglandlab.uvadcos.io/dest_mapped/pipeline_output/PO_Gda_16_16/PO_Gda_16_16.bed.gz,dest_mapped,pipeline_output,PO_Gda_16_16,PO_Gda_16_16.bed.gz
http://berglandlab.uvadcos.io/dest_mapped/pipeline_output/PT_Rec_14_33/PT_Rec_14_33.SNAPE.monomorphic.bed.gz,dest_mapped,pipeline_output,PT_Rec_14_33,PT_Rec_14_33.SNAPE.monomorphic.bed.gz
http://berglandlab.uvadcos.io/dest_mapped/pipeline_output/PT_Rec_14_33/PT_Rec_14_33.bed.gz,dest_mapped,pipeline_output,PT_Rec_14_33,PT_Rec_14_33.bed.gz
http://berglandlab.uvadcos.io/dest_mapped/pipeline_output/PT_Rec_15_16/PT_Rec_15_16.SNAPE.monomorphic.bed.gz,dest_mapped,pipeline_output,PT_Rec_15_16,PT_Rec_15_16.SNAPE.monomorphic.bed.gz
http://berglandlab.uvadcos.io/dest_mapped/pipeline_output/PT_Rec_15_16/PT_Rec_15_16.bed.gz,dest_mapped,pipeline_output,PT_Rec_15_16,PT_Rec_15_16.bed.gz
http://berglandlab.uvadcos.io/dest_mapped/pipeline_output/PT_Rec_16_18/PT_Rec_16_18.SNAPE.monomorphic.bed.gz,dest_mapped,pipeline_output,PT_Rec_16_18,PT_Rec_16_18.SNAPE.monomorphic.bed.gz
http://berglandlab.uvadcos.io/dest_mapped/pipeline_output/PT_Rec_16_18/PT_Rec_16_18.bed.gz,dest_mapped,pipeline_output,PT_Rec_16_18,PT_Rec_16_18.bed.gz
http://berglandlab.uvadcos.io/dest_mapped/pipeline_output/RS_Kal_16_28/RS_Kal_16_28.SNAPE.monomorphic.bed.gz,dest_mapped,pipeline_output,RS_Kal_16_28,RS_Kal_16_28.SNAPE.monomorphic.bed.gz
http://berglandlab.uvadcos.io/dest_mapped/pipeline_output/RS_Kal_16_28/RS_Kal_16_28.bed.gz,dest_mapped,pipeline_output,RS_Kal_16_28,RS_Kal_16_28.bed.gz
http://berglandlab.uvadcos.io/dest_mapped/pipeline_output/RS_Kal_16_29/RS_Kal_16_29.SNAPE.monomorphic.bed.gz,dest_mapped,pipeline_output,RS_Kal_16_29,RS_Kal_16_29.SNAPE.monomorphic.bed.gz
http://berglandlab.uvadcos.io/dest_mapped/pipeline_output/RS_Kal_16_29/RS_Kal_16_29.bed.gz,dest_mapped,pipeline_output,RS_Kal_16_29,RS_Kal_16_29.bed.gz
http://berglandlab.uvadcos.io/dest_mapped/pipeline_output/RS_Sla_16_30/RS_Sla_16_30.SNAPE.monomorphic.bed.gz,dest_mapped,pipeline_output,RS_Sla_16_30,RS_Sla_16_30.SNAPE.monomorphic.bed.gz
http://berglandlab.uvadcos.io/dest_mapped/pipeline_output/RS_Sla_16_30/RS_Sla_16_30.bed.gz,dest_mapped,pipeline_output,RS_Sla_16_30,RS_Sla_16_30.bed.gz
http://berglandlab.uvadcos.io/dest_mapped/pipeline_output/RS_Sla_16_31/RS_Sla_16_31.SNAPE.monomorphic.bed.gz,dest_mapped,pipeline_output,RS_Sla_16_31,RS_Sla_16_31.SNAPE.monomorphic.bed.gz
http://berglandlab.uvadcos.io/dest_mapped/pipeline_output/RS_Sla_16_31/RS_Sla_16_31.bed.gz,dest_mapped,pipeline_output,RS_Sla_16_31,RS_Sla_16_31.bed.gz
http://berglandlab.uvadcos.io/dest_mapped/pipeline_output/RU_Ale_15_55/RU_Ale_15_55.SNAPE.monomorphic.bed.gz,dest_mapped,pipeline_output,RU_Ale_15_55,RU_Ale_15_55.SNAPE.monomorphic.bed.gz
http://berglandlab.uvadcos.io/dest_mapped/pipeline_output/RU_Ale_15_55/RU_Ale_15_55.bed.gz,dest_mapped,pipeline_output,RU_Ale_15_55,RU_Ale_15_55.bed.gz
http://berglandlab.uvadcos.io/dest_mapped/pipeline_output/RU_Ale_16_22/RU_Ale_16_22.SNAPE.monomorphic.bed.gz,dest_mapped,pipeline_output,RU_Ale_16_22,RU_Ale_16_22.SNAPE.monomorphic.bed.gz
http://berglandlab.uvadcos.io/dest_mapped/pipeline_output/RU_Ale_16_22/RU_Ale_16_22.bed.gz,dest_mapped,pipeline_output,RU_Ale_16_22,RU_Ale_16_22.bed.gz
http://berglandlab.uvadcos.io/dest_mapped/pipeline_output/RU_Val_14_51/RU_Val_14_51.SNAPE.monomorphic.bed.gz,dest_mapped,pipeline_output,RU_Val_14_51,RU_Val_14_51.SNAPE.monomorphic.bed.gz
http://berglandlab.uvadcos.io/dest_mapped/pipeline_output/RU_Val_14_51/RU_Val_14_51.bed.gz,dest_mapped,pipeline_output,RU_Val_14_51,RU_Val_14_51.bed.gz
http://berglandlab.uvadcos.io/dest_mapped/pipeline_output/RU_Val_16_19/RU_Val_16_19.SNAPE.monomorphic.bed.gz,dest_mapped,pipeline_output,RU_Val_16_19,RU_Val_16_19.SNAPE.monomorphic.bed.gz
http://berglandlab.uvadcos.io/dest_mapped/pipeline_output/RU_Val_16_19/RU_Val_16_19.bed.gz,dest_mapped,pipeline_output,RU_Val_16_19,RU_Val_16_19.bed.gz
http://berglandlab.uvadcos.io/dest_mapped/pipeline_output/RU_Val_16_20/RU_Val_16_20.SNAPE.monomorphic.bed.gz,dest_mapped,pipeline_output,RU_Val_16_20,RU_Val_16_20.SNAPE.monomorphic.bed.gz
http://berglandlab.uvadcos.io/dest_mapped/pipeline_output/RU_Val_16_20/RU_Val_16_20.bed.gz,dest_mapped,pipeline_output,RU_Val_16_20,RU_Val_16_20.bed.gz
http://berglandlab.uvadcos.io/dest_mapped/pipeline_output/RU_Val_16_21/RU_Val_16_21.SNAPE.monomorphic.bed.gz,dest_mapped,pipeline_output,RU_Val_16_21,RU_Val_16_21.SNAPE.monomorphic.bed.gz
http://berglandlab.uvadcos.io/dest_mapped/pipeline_output/RU_Val_16_21/RU_Val_16_21.bed.gz,dest_mapped,pipeline_output,RU_Val_16_21,RU_Val_16_21.bed.gz
http://berglandlab.uvadcos.io/dest_mapped/pipeline_output/RU_tul_15_37/RU_tul_15_37.SNAPE.monomorphic.bed.gz,dest_mapped,pipeline_output,RU_tul_15_37,RU_tul_15_37.SNAPE.monomorphic.bed.gz
http://berglandlab.uvadcos.io/dest_mapped/pipeline_output/RU_tul_15_37/RU_tul_15_37.bed.gz,dest_mapped,pipeline_output,RU_tul_15_37,RU_tul_15_37.bed.gz
http://berglandlab.uvadcos.io/dest_mapped/pipeline_output/RU_val_15_36/RU_val_15_36.SNAPE.monomorphic.bed.gz,dest_mapped,pipeline_output,RU_val_15_36,RU_val_15_36.SNAPE.monomorphic.bed.gz
http://berglandlab.uvadcos.io/dest_mapped/pipeline_output/RU_val_15_36/RU_val_15_36.bed.gz,dest_mapped,pipeline_output,RU_val_15_36,RU_val_15_36.bed.gz
http://berglandlab.uvadcos.io/dest_mapped/pipeline_output/RU_val_15_38/RU_val_15_38.SNAPE.monomorphic.bed.gz,dest_mapped,pipeline_output,RU_val_15_38,RU_val_15_38.SNAPE.monomorphic.bed.gz
http://berglandlab.uvadcos.io/dest_mapped/pipeline_output/RU_val_15_38/RU_val_15_38.bed.gz,dest_mapped,pipeline_output,RU_val_15_38,RU_val_15_38.bed.gz
http://berglandlab.uvadcos.io/dest_mapped/pipeline_output/SC_eu_10_spring/SC_eu_10_spring.SNAPE.monomorphic.bed.gz,dest_mapped,pipeline_output,SC_eu_10_spring,SC_eu_10_spring.SNAPE.monomorphic.bed.gz
http://berglandlab.uvadcos.io/dest_mapped/pipeline_output/SC_eu_10_spring/SC_eu_10_spring.bed.gz,dest_mapped,pipeline_output,SC_eu_10_spring,SC_eu_10_spring.bed.gz
http://berglandlab.uvadcos.io/dest_mapped/pipeline_output/SE_Lun_14_30/SE_Lun_14_30.SNAPE.monomorphic.bed.gz,dest_mapped,pipeline_output,SE_Lun_14_30,SE_Lun_14_30.SNAPE.monomorphic.bed.gz
http://berglandlab.uvadcos.io/dest_mapped/pipeline_output/SE_Lun_14_30/SE_Lun_14_30.bed.gz,dest_mapped,pipeline_output,SE_Lun_14_30,SE_Lun_14_30.bed.gz
http://berglandlab.uvadcos.io/dest_mapped/pipeline_output/SE_Lun_15_14/SE_Lun_15_14.SNAPE.monomorphic.bed.gz,dest_mapped,pipeline_output,SE_Lun_15_14,SE_Lun_15_14.SNAPE.monomorphic.bed.gz
http://berglandlab.uvadcos.io/dest_mapped/pipeline_output/SE_Lun_15_14/SE_Lun_15_14.bed.gz,dest_mapped,pipeline_output,SE_Lun_15_14,SE_Lun_15_14.bed.gz
http://berglandlab.uvadcos.io/dest_mapped/pipeline_output/SE_Lun_15_15/SE_Lun_15_15.SNAPE.monomorphic.bed.gz,dest_mapped,pipeline_output,SE_Lun_15_15,SE_Lun_15_15.SNAPE.monomorphic.bed.gz
http://berglandlab.uvadcos.io/dest_mapped/pipeline_output/SE_Lun_15_15/SE_Lun_15_15.bed.gz,dest_mapped,pipeline_output,SE_Lun_15_15,SE_Lun_15_15.bed.gz
http://berglandlab.uvadcos.io/dest_mapped/pipeline_output/TR_Yes_14_03/TR_Yes_14_03.SNAPE.monomorphic.bed.gz,dest_mapped,pipeline_output,TR_Yes_14_03,TR_Yes_14_03.SNAPE.monomorphic.bed.gz
http://berglandlab.uvadcos.io/dest_mapped/pipeline_output/TR_Yes_14_03/TR_Yes_14_03.bed.gz,dest_mapped,pipeline_output,TR_Yes_14_03,TR_Yes_14_03.bed.gz
http://berglandlab.uvadcos.io/dest_mapped/pipeline_output/TR_Yes_14_04/TR_Yes_14_04.SNAPE.monomorphic.bed.gz,dest_mapped,pipeline_output,TR_Yes_14_04,TR_Yes_14_04.SNAPE.monomorphic.bed.gz
http://berglandlab.uvadcos.io/dest_mapped/pipeline_output/TR_Yes_14_04/TR_Yes_14_04.bed.gz,dest_mapped,pipeline_output,TR_Yes_14_04,TR_Yes_14_04.bed.gz
http://berglandlab.uvadcos.io/dest_mapped/pipeline_output/TR_Yes_15_3/TR_Yes_15_3.SNAPE.monomorphic.bed.gz,dest_mapped,pipeline_output,TR_Yes_15_3,TR_Yes_15_3.SNAPE.monomorphic.bed.gz
http://berglandlab.uvadcos.io/dest_mapped/pipeline_output/TR_Yes_15_3/TR_Yes_15_3.bed.gz,dest_mapped,pipeline_output,TR_Yes_15_3,TR_Yes_15_3.bed.gz
http://berglandlab.uvadcos.io/dest_mapped/pipeline_output/TR_Yes_15_4/TR_Yes_15_4.SNAPE.monomorphic.bed.gz,dest_mapped,pipeline_output,TR_Yes_15_4,TR_Yes_15_4.SNAPE.monomorphic.bed.gz
http://berglandlab.uvadcos.io/dest_mapped/pipeline_output/TR_Yes_15_4/TR_Yes_15_4.bed.gz,dest_mapped,pipeline_output,TR_Yes_15_4,TR_Yes_15_4.bed.gz
http://berglandlab.uvadcos.io/dest_mapped/pipeline_output/TR_Yes_15_5/TR_Yes_15_5.SNAPE.monomorphic.bed.gz,dest_mapped,pipeline_output,TR_Yes_15_5,TR_Yes_15_5.SNAPE.monomorphic.bed.gz
http://berglandlab.uvadcos.io/dest_mapped/pipeline_output/TR_Yes_15_5/TR_Yes_15_5.bed.gz,dest_mapped,pipeline_output,TR_Yes_15_5,TR_Yes_15_5.bed.gz
http://berglandlab.uvadcos.io/dest_mapped/pipeline_output/TR_Yes_15_6/TR_Yes_15_6.SNAPE.monomorphic.bed.gz,dest_mapped,pipeline_output,TR_Yes_15_6,TR_Yes_15_6.SNAPE.monomorphic.bed.gz
http://berglandlab.uvadcos.io/dest_mapped/pipeline_output/TR_Yes_15_6/TR_Yes_15_6.bed.gz,dest_mapped,pipeline_output,TR_Yes_15_6,TR_Yes_15_6.bed.gz
http://berglandlab.uvadcos.io/dest_mapped/pipeline_output/TR_Yes_15_7/TR_Yes_15_7.SNAPE.monomorphic.bed.gz,dest_mapped,pipeline_output,TR_Yes_15_7,TR_Yes_15_7.SNAPE.monomorphic.bed.gz
http://berglandlab.uvadcos.io/dest_mapped/pipeline_output/TR_Yes_15_7/TR_Yes_15_7.bed.gz,dest_mapped,pipeline_output,TR_Yes_15_7,TR_Yes_15_7.bed.gz
http://berglandlab.uvadcos.io/dest_mapped/pipeline_output/TR_Yes_15_8/TR_Yes_15_8.SNAPE.monomorphic.bed.gz,dest_mapped,pipeline_output,TR_Yes_15_8,TR_Yes_15_8.SNAPE.monomorphic.bed.gz
http://berglandlab.uvadcos.io/dest_mapped/pipeline_output/TR_Yes_15_8/TR_Yes_15_8.bed.gz,dest_mapped,pipeline_output,TR_Yes_15_8,TR_Yes_15_8.bed.gz
http://berglandlab.uvadcos.io/dest_mapped/pipeline_output/TR_Yes_16_39/TR_Yes_16_39.SNAPE.monomorphic.bed.gz,dest_mapped,pipeline_output,TR_Yes_16_39,TR_Yes_16_39.SNAPE.monomorphic.bed.gz
http://berglandlab.uvadcos.io/dest_mapped/pipeline_output/TR_Yes_16_39/TR_Yes_16_39.bed.gz,dest_mapped,pipeline_output,TR_Yes_16_39,TR_Yes_16_39.bed.gz
http://berglandlab.uvadcos.io/dest_mapped/pipeline_output/TR_Yes_16_40/TR_Yes_16_40.SNAPE.monomorphic.bed.gz,dest_mapped,pipeline_output,TR_Yes_16_40,TR_Yes_16_40.SNAPE.monomorphic.bed.gz
http://berglandlab.uvadcos.io/dest_mapped/pipeline_output/TR_Yes_16_40/TR_Yes_16_40.bed.gz,dest_mapped,pipeline_output,TR_Yes_16_40,TR_Yes_16_40.bed.gz
http://berglandlab.uvadcos.io/dest_mapped/pipeline_output/TR_Yes_16_41/TR_Yes_16_41.SNAPE.monomorphic.bed.gz,dest_mapped,pipeline_output,TR_Yes_16_41,TR_Yes_16_41.SNAPE.monomorphic.bed.gz
http://berglandlab.uvadcos.io/dest_mapped/pipeline_output/TR_Yes_16_41/TR_Yes_16_41.bed.gz,dest_mapped,pipeline_output,TR_Yes_16_41,TR_Yes_16_41.bed.gz
http://berglandlab.uvadcos.io/dest_mapped/pipeline_output/TR_Yes_16_42/TR_Yes_16_42.SNAPE.monomorphic.bed.gz,dest_mapped,pipeline_output,TR_Yes_16_42,TR_Yes_16_42.SNAPE.monomorphic.bed.gz
http://berglandlab.uvadcos.io/dest_mapped/pipeline_output/TR_Yes_16_42/TR_Yes_16_42.bed.gz,dest_mapped,pipeline_output,TR_Yes_16_42,TR_Yes_16_42.bed.gz
http://berglandlab.uvadcos.io/dest_mapped/pipeline_output/TR_Yes_16_43/TR_Yes_16_43.SNAPE.monomorphic.bed.gz,dest_mapped,pipeline_output,TR_Yes_16_43,TR_Yes_16_43.SNAPE.monomorphic.bed.gz
http://berglandlab.uvadcos.io/dest_mapped/pipeline_output/TR_Yes_16_43/TR_Yes_16_43.bed.gz,dest_mapped,pipeline_output,TR_Yes_16_43,TR_Yes_16_43.bed.gz
http://berglandlab.uvadcos.io/dest_mapped/pipeline_output/TR_Yes_16_52/TR_Yes_16_52.SNAPE.monomorphic.bed.gz,dest_mapped,pipeline_output,TR_Yes_16_52,TR_Yes_16_52.SNAPE.monomorphic.bed.gz
http://berglandlab.uvadcos.io/dest_mapped/pipeline_output/TR_Yes_16_52/TR_Yes_16_52.bed.gz,dest_mapped,pipeline_output,TR_Yes_16_52,TR_Yes_16_52.bed.gz
http://berglandlab.uvadcos.io/dest_mapped/pipeline_output/UA_Che_14_28/UA_Che_14_28.SNAPE.monomorphic.bed.gz,dest_mapped,pipeline_output,UA_Che_14_28,UA_Che_14_28.SNAPE.monomorphic.bed.gz
http://berglandlab.uvadcos.io/dest_mapped/pipeline_output/UA_Che_14_28/UA_Che_14_28.bed.gz,dest_mapped,pipeline_output,UA_Che_14_28,UA_Che_14_28.bed.gz
http://berglandlab.uvadcos.io/dest_mapped/pipeline_output/UA_Che_14_29/UA_Che_14_29.SNAPE.monomorphic.bed.gz,dest_mapped,pipeline_output,UA_Che_14_29,UA_Che_14_29.SNAPE.monomorphic.bed.gz
http://berglandlab.uvadcos.io/dest_mapped/pipeline_output/UA_Che_14_29/UA_Che_14_29.bed.gz,dest_mapped,pipeline_output,UA_Che_14_29,UA_Che_14_29.bed.gz
http://berglandlab.uvadcos.io/dest_mapped/pipeline_output/UA_Che_14_47/UA_Che_14_47.SNAPE.monomorphic.bed.gz,dest_mapped,pipeline_output,UA_Che_14_47,UA_Che_14_47.SNAPE.monomorphic.bed.gz
http://berglandlab.uvadcos.io/dest_mapped/pipeline_output/UA_Che_14_47/UA_Che_14_47.bed.gz,dest_mapped,pipeline_output,UA_Che_14_47,UA_Che_14_47.bed.gz
http://berglandlab.uvadcos.io/dest_mapped/pipeline_output/UA_Che_14_48/UA_Che_14_48.SNAPE.monomorphic.bed.gz,dest_mapped,pipeline_output,UA_Che_14_48,UA_Che_14_48.SNAPE.monomorphic.bed.gz
http://berglandlab.uvadcos.io/dest_mapped/pipeline_output/UA_Che_14_48/UA_Che_14_48.bed.gz,dest_mapped,pipeline_output,UA_Che_14_48,UA_Che_14_48.bed.gz
http://berglandlab.uvadcos.io/dest_mapped/pipeline_output/UA_Cho_15_24/UA_Cho_15_24.SNAPE.monomorphic.bed.gz,dest_mapped,pipeline_output,UA_Cho_15_24,UA_Cho_15_24.SNAPE.monomorphic.bed.gz
http://berglandlab.uvadcos.io/dest_mapped/pipeline_output/UA_Cho_15_24/UA_Cho_15_24.bed.gz,dest_mapped,pipeline_output,UA_Cho_15_24,UA_Cho_15_24.bed.gz
http://berglandlab.uvadcos.io/dest_mapped/pipeline_output/UA_Cho_15_25/UA_Cho_15_25.SNAPE.monomorphic.bed.gz,dest_mapped,pipeline_output,UA_Cho_15_25,UA_Cho_15_25.SNAPE.monomorphic.bed.gz
http://berglandlab.uvadcos.io/dest_mapped/pipeline_output/UA_Cho_15_25/UA_Cho_15_25.bed.gz,dest_mapped,pipeline_output,UA_Cho_15_25,UA_Cho_15_25.bed.gz
http://berglandlab.uvadcos.io/dest_mapped/pipeline_output/UA_Cho_15_26/UA_Cho_15_26.SNAPE.monomorphic.bed.gz,dest_mapped,pipeline_output,UA_Cho_15_26,UA_Cho_15_26.SNAPE.monomorphic.bed.gz
http://berglandlab.uvadcos.io/dest_mapped/pipeline_output/UA_Cho_15_26/UA_Cho_15_26.bed.gz,dest_mapped,pipeline_output,UA_Cho_15_26,UA_Cho_15_26.bed.gz
http://berglandlab.uvadcos.io/dest_mapped/pipeline_output/UA_Cho_15_27/UA_Cho_15_27.SNAPE.monomorphic.bed.gz,dest_mapped,pipeline_output,UA_Cho_15_27,UA_Cho_15_27.SNAPE.monomorphic.bed.gz
http://berglandlab.uvadcos.io/dest_mapped/pipeline_output/UA_Cho_15_27/UA_Cho_15_27.bed.gz,dest_mapped,pipeline_output,UA_Cho_15_27,UA_Cho_15_27.bed.gz
http://berglandlab.uvadcos.io/dest_mapped/pipeline_output/UA_Cho_15_65/UA_Cho_15_65.SNAPE.monomorphic.bed.gz,dest_mapped,pipeline_output,UA_Cho_15_65,UA_Cho_15_65.SNAPE.monomorphic.bed.gz
http://berglandlab.uvadcos.io/dest_mapped/pipeline_output/UA_Cho_15_65/UA_Cho_15_65.bed.gz,dest_mapped,pipeline_output,UA_Cho_15_65,UA_Cho_15_65.bed.gz
http://berglandlab.uvadcos.io/dest_mapped/pipeline_output/UA_Cho_15_67/UA_Cho_15_67.SNAPE.monomorphic.bed.gz,dest_mapped,pipeline_output,UA_Cho_15_67,UA_Cho_15_67.SNAPE.monomorphic.bed.gz
http://berglandlab.uvadcos.io/dest_mapped/pipeline_output/UA_Cho_15_67/UA_Cho_15_67.bed.gz,dest_mapped,pipeline_output,UA_Cho_15_67,UA_Cho_15_67.bed.gz
http://berglandlab.uvadcos.io/dest_mapped/pipeline_output/UA_Cho_15_68/UA_Cho_15_68.SNAPE.monomorphic.bed.gz,dest_mapped,pipeline_output,UA_Cho_15_68,UA_Cho_15_68.SNAPE.monomorphic.bed.gz
http://berglandlab.uvadcos.io/dest_mapped/pipeline_output/UA_Cho_15_68/UA_Cho_15_68.bed.gz,dest_mapped,pipeline_output,UA_Cho_15_68,UA_Cho_15_68.bed.gz
http://berglandlab.uvadcos.io/dest_mapped/pipeline_output/UA_Cho_15_69/UA_Cho_15_69.SNAPE.monomorphic.bed.gz,dest_mapped,pipeline_output,UA_Cho_15_69,UA_Cho_15_69.SNAPE.monomorphic.bed.gz
http://berglandlab.uvadcos.io/dest_mapped/pipeline_output/UA_Cho_15_69/UA_Cho_15_69.bed.gz,dest_mapped,pipeline_output,UA_Cho_15_69,UA_Cho_15_69.bed.gz
http://berglandlab.uvadcos.io/dest_mapped/pipeline_output/UA_Cho_15_70/UA_Cho_15_70.SNAPE.monomorphic.bed.gz,dest_mapped,pipeline_output,UA_Cho_15_70,UA_Cho_15_70.SNAPE.monomorphic.bed.gz
http://berglandlab.uvadcos.io/dest_mapped/pipeline_output/UA_Cho_15_70/UA_Cho_15_70.bed.gz,dest_mapped,pipeline_output,UA_Cho_15_70,UA_Cho_15_70.bed.gz
http://berglandlab.uvadcos.io/dest_mapped/pipeline_output/UA_Cho_16_54/UA_Cho_16_54.SNAPE.monomorphic.bed.gz,dest_mapped,pipeline_output,UA_Cho_16_54,UA_Cho_16_54.SNAPE.monomorphic.bed.gz
http://berglandlab.uvadcos.io/dest_mapped/pipeline_output/UA_Cho_16_54/UA_Cho_16_54.bed.gz,dest_mapped,pipeline_output,UA_Cho_16_54,UA_Cho_16_54.bed.gz
http://berglandlab.uvadcos.io/dest_mapped/pipeline_output/UA_Cho_16_55/UA_Cho_16_55.SNAPE.monomorphic.bed.gz,dest_mapped,pipeline_output,UA_Cho_16_55,UA_Cho_16_55.SNAPE.monomorphic.bed.gz
http://berglandlab.uvadcos.io/dest_mapped/pipeline_output/UA_Cho_16_55/UA_Cho_16_55.bed.gz,dest_mapped,pipeline_output,UA_Cho_16_55,UA_Cho_16_55.bed.gz
http://berglandlab.uvadcos.io/dest_mapped/pipeline_output/UA_Cho_16_62/UA_Cho_16_62.SNAPE.monomorphic.bed.gz,dest_mapped,pipeline_output,UA_Cho_16_62,UA_Cho_16_62.SNAPE.monomorphic.bed.gz
http://berglandlab.uvadcos.io/dest_mapped/pipeline_output/UA_Cho_16_62/UA_Cho_16_62.bed.gz,dest_mapped,pipeline_output,UA_Cho_16_62,UA_Cho_16_62.bed.gz
http://berglandlab.uvadcos.io/dest_mapped/pipeline_output/UA_Dro_14_27/UA_Dro_14_27.SNAPE.monomorphic.bed.gz,dest_mapped,pipeline_output,UA_Dro_14_27,UA_Dro_14_27.SNAPE.monomorphic.bed.gz
http://berglandlab.uvadcos.io/dest_mapped/pipeline_output/UA_Dro_14_27/UA_Dro_14_27.bed.gz,dest_mapped,pipeline_output,UA_Dro_14_27,UA_Dro_14_27.bed.gz
http://berglandlab.uvadcos.io/dest_mapped/pipeline_output/UA_Dro_15_10/UA_Dro_15_10.SNAPE.monomorphic.bed.gz,dest_mapped,pipeline_output,UA_Dro_15_10,UA_Dro_15_10.SNAPE.monomorphic.bed.gz
http://berglandlab.uvadcos.io/dest_mapped/pipeline_output/UA_Dro_15_10/UA_Dro_15_10.bed.gz,dest_mapped,pipeline_output,UA_Dro_15_10,UA_Dro_15_10.bed.gz
http://berglandlab.uvadcos.io/dest_mapped/pipeline_output/UA_Dro_16_56/UA_Dro_16_56.SNAPE.monomorphic.bed.gz,dest_mapped,pipeline_output,UA_Dro_16_56,UA_Dro_16_56.SNAPE.monomorphic.bed.gz
http://berglandlab.uvadcos.io/dest_mapped/pipeline_output/UA_Dro_16_56/UA_Dro_16_56.bed.gz,dest_mapped,pipeline_output,UA_Dro_16_56,UA_Dro_16_56.bed.gz
http://berglandlab.uvadcos.io/dest_mapped/pipeline_output/UA_Kan_16_57/UA_Kan_16_57.SNAPE.monomorphic.bed.gz,dest_mapped,pipeline_output,UA_Kan_16_57,UA_Kan_16_57.SNAPE.monomorphic.bed.gz
http://berglandlab.uvadcos.io/dest_mapped/pipeline_output/UA_Kan_16_57/UA_Kan_16_57.bed.gz,dest_mapped,pipeline_output,UA_Kan_16_57,UA_Kan_16_57.bed.gz
http://berglandlab.uvadcos.io/dest_mapped/pipeline_output/UA_Kha_14_45/UA_Kha_14_45.SNAPE.monomorphic.bed.gz,dest_mapped,pipeline_output,UA_Kha_14_45,UA_Kha_14_45.SNAPE.monomorphic.bed.gz
http://berglandlab.uvadcos.io/dest_mapped/pipeline_output/UA_Kha_14_45/UA_Kha_14_45.bed.gz,dest_mapped,pipeline_output,UA_Kha_14_45,UA_Kha_14_45.bed.gz
http://berglandlab.uvadcos.io/dest_mapped/pipeline_output/UA_Kha_14_46/UA_Kha_14_46.SNAPE.monomorphic.bed.gz,dest_mapped,pipeline_output,UA_Kha_14_46,UA_Kha_14_46.SNAPE.monomorphic.bed.gz
http://berglandlab.uvadcos.io/dest_mapped/pipeline_output/UA_Kha_14_46/UA_Kha_14_46.bed.gz,dest_mapped,pipeline_output,UA_Kha_14_46,UA_Kha_14_46.bed.gz
http://berglandlab.uvadcos.io/dest_mapped/pipeline_output/UA_Kha_15_19/UA_Kha_15_19.SNAPE.monomorphic.bed.gz,dest_mapped,pipeline_output,UA_Kha_15_19,UA_Kha_15_19.SNAPE.monomorphic.bed.gz
http://berglandlab.uvadcos.io/dest_mapped/pipeline_output/UA_Kha_15_19/UA_Kha_15_19.bed.gz,dest_mapped,pipeline_output,UA_Kha_15_19,UA_Kha_15_19.bed.gz
http://berglandlab.uvadcos.io/dest_mapped/pipeline_output/UA_Kha_16_58/UA_Kha_16_58.SNAPE.monomorphic.bed.gz,dest_mapped,pipeline_output,UA_Kha_16_58,UA_Kha_16_58.SNAPE.monomorphic.bed.gz
http://berglandlab.uvadcos.io/dest_mapped/pipeline_output/UA_Kha_16_58/UA_Kha_16_58.bed.gz,dest_mapped,pipeline_output,UA_Kha_16_58,UA_Kha_16_58.bed.gz
http://berglandlab.uvadcos.io/dest_mapped/pipeline_output/UA_Kyi_14_23/UA_Kyi_14_23.SNAPE.monomorphic.bed.gz,dest_mapped,pipeline_output,UA_Kyi_14_23,UA_Kyi_14_23.SNAPE.monomorphic.bed.gz
http://berglandlab.uvadcos.io/dest_mapped/pipeline_output/UA_Kyi_14_23/UA_Kyi_14_23.bed.gz,dest_mapped,pipeline_output,UA_Kyi_14_23,UA_Kyi_14_23.bed.gz
http://berglandlab.uvadcos.io/dest_mapped/pipeline_output/UA_Kyi_14_24/UA_Kyi_14_24.SNAPE.monomorphic.bed.gz,dest_mapped,pipeline_output,UA_Kyi_14_24,UA_Kyi_14_24.SNAPE.monomorphic.bed.gz
http://berglandlab.uvadcos.io/dest_mapped/pipeline_output/UA_Kyi_14_24/UA_Kyi_14_24.bed.gz,dest_mapped,pipeline_output,UA_Kyi_14_24,UA_Kyi_14_24.bed.gz
http://berglandlab.uvadcos.io/dest_mapped/pipeline_output/UA_Kyi_14_49/UA_Kyi_14_49.SNAPE.monomorphic.bed.gz,dest_mapped,pipeline_output,UA_Kyi_14_49,UA_Kyi_14_49.SNAPE.monomorphic.bed.gz
http://berglandlab.uvadcos.io/dest_mapped/pipeline_output/UA_Kyi_14_49/UA_Kyi_14_49.bed.gz,dest_mapped,pipeline_output,UA_Kyi_14_49,UA_Kyi_14_49.bed.gz
http://berglandlab.uvadcos.io/dest_mapped/pipeline_output/UA_Kyi_15_64/UA_Kyi_15_64.SNAPE.monomorphic.bed.gz,dest_mapped,pipeline_output,UA_Kyi_15_64,UA_Kyi_15_64.SNAPE.monomorphic.bed.gz
http://berglandlab.uvadcos.io/dest_mapped/pipeline_output/UA_Kyi_15_64/UA_Kyi_15_64.bed.gz,dest_mapped,pipeline_output,UA_Kyi_15_64,UA_Kyi_15_64.bed.gz
http://berglandlab.uvadcos.io/dest_mapped/pipeline_output/UA_Kyi_16_44/UA_Kyi_16_44.SNAPE.monomorphic.bed.gz,dest_mapped,pipeline_output,UA_Kyi_16_44,UA_Kyi_16_44.SNAPE.monomorphic.bed.gz
http://berglandlab.uvadcos.io/dest_mapped/pipeline_output/UA_Kyi_16_44/UA_Kyi_16_44.bed.gz,dest_mapped,pipeline_output,UA_Kyi_16_44,UA_Kyi_16_44.bed.gz
http://berglandlab.uvadcos.io/dest_mapped/pipeline_output/UA_Kyi_16_45/UA_Kyi_16_45.SNAPE.monomorphic.bed.gz,dest_mapped,pipeline_output,UA_Kyi_16_45,UA_Kyi_16_45.SNAPE.monomorphic.bed.gz
http://berglandlab.uvadcos.io/dest_mapped/pipeline_output/UA_Kyi_16_45/UA_Kyi_16_45.bed.gz,dest_mapped,pipeline_output,UA_Kyi_16_45,UA_Kyi_16_45.bed.gz
http://berglandlab.uvadcos.io/dest_mapped/pipeline_output/UA_Kyi_16_59/UA_Kyi_16_59.SNAPE.monomorphic.bed.gz,dest_mapped,pipeline_output,UA_Kyi_16_59,UA_Kyi_16_59.SNAPE.monomorphic.bed.gz
http://berglandlab.uvadcos.io/dest_mapped/pipeline_output/UA_Kyi_16_59/UA_Kyi_16_59.bed.gz,dest_mapped,pipeline_output,UA_Kyi_16_59,UA_Kyi_16_59.bed.gz
http://berglandlab.uvadcos.io/dest_mapped/pipeline_output/UA_Ode_14_19/UA_Ode_14_19.SNAPE.monomorphic.bed.gz,dest_mapped,pipeline_output,UA_Ode_14_19,UA_Ode_14_19.SNAPE.monomorphic.bed.gz
http://berglandlab.uvadcos.io/dest_mapped/pipeline_output/UA_Ode_14_19/UA_Ode_14_19.bed.gz,dest_mapped,pipeline_output,UA_Ode_14_19,UA_Ode_14_19.bed.gz
http://berglandlab.uvadcos.io/dest_mapped/pipeline_output/UA_Ode_14_20/UA_Ode_14_20.SNAPE.monomorphic.bed.gz,dest_mapped,pipeline_output,UA_Ode_14_20,UA_Ode_14_20.SNAPE.monomorphic.bed.gz
http://berglandlab.uvadcos.io/dest_mapped/pipeline_output/UA_Ode_14_20/UA_Ode_14_20.bed.gz,dest_mapped,pipeline_output,UA_Ode_14_20,UA_Ode_14_20.bed.gz
http://berglandlab.uvadcos.io/dest_mapped/pipeline_output/UA_Ode_14_21/UA_Ode_14_21.SNAPE.monomorphic.bed.gz,dest_mapped,pipeline_output,UA_Ode_14_21,UA_Ode_14_21.SNAPE.monomorphic.bed.gz
http://berglandlab.uvadcos.io/dest_mapped/pipeline_output/UA_Ode_14_21/UA_Ode_14_21.bed.gz,dest_mapped,pipeline_output,UA_Ode_14_21,UA_Ode_14_21.bed.gz
http://berglandlab.uvadcos.io/dest_mapped/pipeline_output/UA_Ode_14_22/UA_Ode_14_22.SNAPE.monomorphic.bed.gz,dest_mapped,pipeline_output,UA_Ode_14_22,UA_Ode_14_22.SNAPE.monomorphic.bed.gz
http://berglandlab.uvadcos.io/dest_mapped/pipeline_output/UA_Ode_14_22/UA_Ode_14_22.bed.gz,dest_mapped,pipeline_output,UA_Ode_14_22,UA_Ode_14_22.bed.gz
http://berglandlab.uvadcos.io/dest_mapped/pipeline_output/UA_Ode_15_11/UA_Ode_15_11.SNAPE.monomorphic.bed.gz,dest_mapped,pipeline_output,UA_Ode_15_11,UA_Ode_15_11.SNAPE.monomorphic.bed.gz
http://berglandlab.uvadcos.io/dest_mapped/pipeline_output/UA_Ode_15_11/UA_Ode_15_11.bed.gz,dest_mapped,pipeline_output,UA_Ode_15_11,UA_Ode_15_11.bed.gz
http://berglandlab.uvadcos.io/dest_mapped/pipeline_output/UA_Ode_15_20/UA_Ode_15_20.SNAPE.monomorphic.bed.gz,dest_mapped,pipeline_output,UA_Ode_15_20,UA_Ode_15_20.SNAPE.monomorphic.bed.gz
http://berglandlab.uvadcos.io/dest_mapped/pipeline_output/UA_Ode_15_20/UA_Ode_15_20.bed.gz,dest_mapped,pipeline_output,UA_Ode_15_20,UA_Ode_15_20.bed.gz
http://berglandlab.uvadcos.io/dest_mapped/pipeline_output/UA_Ode_15_22/UA_Ode_15_22.SNAPE.monomorphic.bed.gz,dest_mapped,pipeline_output,UA_Ode_15_22,UA_Ode_15_22.SNAPE.monomorphic.bed.gz
http://berglandlab.uvadcos.io/dest_mapped/pipeline_output/UA_Ode_15_22/UA_Ode_15_22.bed.gz,dest_mapped,pipeline_output,UA_Ode_15_22,UA_Ode_15_22.bed.gz
http://berglandlab.uvadcos.io/dest_mapped/pipeline_output/UA_Ode_15_66/UA_Ode_15_66.SNAPE.monomorphic.bed.gz,dest_mapped,pipeline_output,UA_Ode_15_66,UA_Ode_15_66.SNAPE.monomorphic.bed.gz
http://berglandlab.uvadcos.io/dest_mapped/pipeline_output/UA_Ode_15_66/UA_Ode_15_66.bed.gz,dest_mapped,pipeline_output,UA_Ode_15_66,UA_Ode_15_66.bed.gz
http://berglandlab.uvadcos.io/dest_mapped/pipeline_output/UA_Ode_16_46/UA_Ode_16_46.SNAPE.monomorphic.bed.gz,dest_mapped,pipeline_output,UA_Ode_16_46,UA_Ode_16_46.SNAPE.monomorphic.bed.gz
http://berglandlab.uvadcos.io/dest_mapped/pipeline_output/UA_Ode_16_46/UA_Ode_16_46.bed.gz,dest_mapped,pipeline_output,UA_Ode_16_46,UA_Ode_16_46.bed.gz
http://berglandlab.uvadcos.io/dest_mapped/pipeline_output/UA_Ode_16_47/UA_Ode_16_47.SNAPE.monomorphic.bed.gz,dest_mapped,pipeline_output,UA_Ode_16_47,UA_Ode_16_47.SNAPE.monomorphic.bed.gz
http://berglandlab.uvadcos.io/dest_mapped/pipeline_output/UA_Ode_16_47/UA_Ode_16_47.bed.gz,dest_mapped,pipeline_output,UA_Ode_16_47,UA_Ode_16_47.bed.gz
http://berglandlab.uvadcos.io/dest_mapped/pipeline_output/UA_Pir_14_26/UA_Pir_14_26.SNAPE.monomorphic.bed.gz,dest_mapped,pipeline_output,UA_Pir_14_26,UA_Pir_14_26.SNAPE.monomorphic.bed.gz
http://berglandlab.uvadcos.io/dest_mapped/pipeline_output/UA_Pir_14_26/UA_Pir_14_26.bed.gz,dest_mapped,pipeline_output,UA_Pir_14_26,UA_Pir_14_26.bed.gz
http://berglandlab.uvadcos.io/dest_mapped/pipeline_output/UA_Pir_15_21/UA_Pir_15_21.SNAPE.monomorphic.bed.gz,dest_mapped,pipeline_output,UA_Pir_15_21,UA_Pir_15_21.SNAPE.monomorphic.bed.gz
http://berglandlab.uvadcos.io/dest_mapped/pipeline_output/UA_Pir_15_21/UA_Pir_15_21.bed.gz,dest_mapped,pipeline_output,UA_Pir_15_21,UA_Pir_15_21.bed.gz
http://berglandlab.uvadcos.io/dest_mapped/pipeline_output/UA_Pyr_16_48/UA_Pyr_16_48.SNAPE.monomorphic.bed.gz,dest_mapped,pipeline_output,UA_Pyr_16_48,UA_Pyr_16_48.SNAPE.monomorphic.bed.gz
http://berglandlab.uvadcos.io/dest_mapped/pipeline_output/UA_Pyr_16_48/UA_Pyr_16_48.bed.gz,dest_mapped,pipeline_output,UA_Pyr_16_48,UA_Pyr_16_48.bed.gz
http://berglandlab.uvadcos.io/dest_mapped/pipeline_output/UA_Pyr_16_49/UA_Pyr_16_49.SNAPE.monomorphic.bed.gz,dest_mapped,pipeline_output,UA_Pyr_16_49,UA_Pyr_16_49.SNAPE.monomorphic.bed.gz
http://berglandlab.uvadcos.io/dest_mapped/pipeline_output/UA_Pyr_16_49/UA_Pyr_16_49.bed.gz,dest_mapped,pipeline_output,UA_Pyr_16_49,UA_Pyr_16_49.bed.gz
http://berglandlab.uvadcos.io/dest_mapped/pipeline_output/UA_Uma_14_50/UA_Uma_14_50.SNAPE.monomorphic.bed.gz,dest_mapped,pipeline_output,UA_Uma_14_50,UA_Uma_14_50.SNAPE.monomorphic.bed.gz
http://berglandlab.uvadcos.io/dest_mapped/pipeline_output/UA_Uma_14_50/UA_Uma_14_50.bed.gz,dest_mapped,pipeline_output,UA_Uma_14_50,UA_Uma_14_50.bed.gz
http://berglandlab.uvadcos.io/dest_mapped/pipeline_output/UA_Uma_15_9/UA_Uma_15_9.SNAPE.monomorphic.bed.gz,dest_mapped,pipeline_output,UA_Uma_15_9,UA_Uma_15_9.SNAPE.monomorphic.bed.gz
http://berglandlab.uvadcos.io/dest_mapped/pipeline_output/UA_Uma_15_9/UA_Uma_15_9.bed.gz,dest_mapped,pipeline_output,UA_Uma_15_9,UA_Uma_15_9.bed.gz
http://berglandlab.uvadcos.io/dest_mapped/pipeline_output/UA_Uma_16_50/UA_Uma_16_50.SNAPE.monomorphic.bed.gz,dest_mapped,pipeline_output,UA_Uma_16_50,UA_Uma_16_50.SNAPE.monomorphic.bed.gz
http://berglandlab.uvadcos.io/dest_mapped/pipeline_output/UA_Uma_16_50/UA_Uma_16_50.bed.gz,dest_mapped,pipeline_output,UA_Uma_16_50,UA_Uma_16_50.bed.gz
http://berglandlab.uvadcos.io/dest_mapped/pipeline_output/UA_Uma_16_51/UA_Uma_16_51.SNAPE.monomorphic.bed.gz,dest_mapped,pipeline_output,UA_Uma_16_51,UA_Uma_16_51.SNAPE.monomorphic.bed.gz
http://berglandlab.uvadcos.io/dest_mapped/pipeline_output/UA_Uma_16_51/UA_Uma_16_51.bed.gz,dest_mapped,pipeline_output,UA_Uma_16_51,UA_Uma_16_51.bed.gz
http://berglandlab.uvadcos.io/dest_mapped/pipeline_output/UA_Var_14_25/UA_Var_14_25.SNAPE.monomorphic.bed.gz,dest_mapped,pipeline_output,UA_Var_14_25,UA_Var_14_25.SNAPE.monomorphic.bed.gz
http://berglandlab.uvadcos.io/dest_mapped/pipeline_output/UA_Var_14_25/UA_Var_14_25.bed.gz,dest_mapped,pipeline_output,UA_Var_14_25,UA_Var_14_25.bed.gz
http://berglandlab.uvadcos.io/dest_mapped/pipeline_output/UA_Var_15_18/UA_Var_15_18.SNAPE.monomorphic.bed.gz,dest_mapped,pipeline_output,UA_Var_15_18,UA_Var_15_18.SNAPE.monomorphic.bed.gz
http://berglandlab.uvadcos.io/dest_mapped/pipeline_output/UA_Var_15_18/UA_Var_15_18.bed.gz,dest_mapped,pipeline_output,UA_Var_15_18,UA_Var_15_18.bed.gz
http://berglandlab.uvadcos.io/dest_mapped/pipeline_output/UA_Var_16_60/UA_Var_16_60.SNAPE.monomorphic.bed.gz,dest_mapped,pipeline_output,UA_Var_16_60,UA_Var_16_60.SNAPE.monomorphic.bed.gz
http://berglandlab.uvadcos.io/dest_mapped/pipeline_output/UA_Var_16_60/UA_Var_16_60.bed.gz,dest_mapped,pipeline_output,UA_Var_16_60,UA_Var_16_60.bed.gz
http://berglandlab.uvadcos.io/dest_mapped/pipeline_output/UA_Yal_14_16/UA_Yal_14_16.SNAPE.monomorphic.bed.gz,dest_mapped,pipeline_output,UA_Yal_14_16,UA_Yal_14_16.SNAPE.monomorphic.bed.gz
http://berglandlab.uvadcos.io/dest_mapped/pipeline_output/UA_Yal_14_16/UA_Yal_14_16.bed.gz,dest_mapped,pipeline_output,UA_Yal_14_16,UA_Yal_14_16.bed.gz
http://berglandlab.uvadcos.io/dest_mapped/pipeline_output/UA_Yal_14_18/UA_Yal_14_18.SNAPE.monomorphic.bed.gz,dest_mapped,pipeline_output,UA_Yal_14_18,UA_Yal_14_18.SNAPE.monomorphic.bed.gz
http://berglandlab.uvadcos.io/dest_mapped/pipeline_output/UA_Yal_14_18/UA_Yal_14_18.bed.gz,dest_mapped,pipeline_output,UA_Yal_14_18,UA_Yal_14_18.bed.gz
http://berglandlab.uvadcos.io/dest_mapped/pipeline_output/UA_Yal_15_23/UA_Yal_15_23.SNAPE.monomorphic.bed.gz,dest_mapped,pipeline_output,UA_Yal_15_23,UA_Yal_15_23.SNAPE.monomorphic.bed.gz
http://berglandlab.uvadcos.io/dest_mapped/pipeline_output/UA_Yal_15_23/UA_Yal_15_23.bed.gz,dest_mapped,pipeline_output,UA_Yal_15_23,UA_Yal_15_23.bed.gz
http://berglandlab.uvadcos.io/dest_mapped/pipeline_output/UA_Yal_15_63/UA_Yal_15_63.SNAPE.monomorphic.bed.gz,dest_mapped,pipeline_output,UA_Yal_15_63,UA_Yal_15_63.SNAPE.monomorphic.bed.gz
http://berglandlab.uvadcos.io/dest_mapped/pipeline_output/UA_Yal_15_63/UA_Yal_15_63.bed.gz,dest_mapped,pipeline_output,UA_Yal_15_63,UA_Yal_15_63.bed.gz
http://berglandlab.uvadcos.io/dest_mapped/pipeline_output/UA_Yal_16_61/UA_Yal_16_61.SNAPE.monomorphic.bed.gz,dest_mapped,pipeline_output,UA_Yal_16_61,UA_Yal_16_61.SNAPE.monomorphic.bed.gz
http://berglandlab.uvadcos.io/dest_mapped/pipeline_output/UA_Yal_16_61/UA_Yal_16_61.bed.gz,dest_mapped,pipeline_output,UA_Yal_16_61,UA_Yal_16_61.bed.gz
http://berglandlab.uvadcos.io/dest_mapped/pipeline_output/UA_od_13_fall/UA_od_13_fall.SNAPE.monomorphic.bed.gz,dest_mapped,pipeline_output,UA_od_13_fall,UA_od_13_fall.SNAPE.monomorphic.bed.gz
http://berglandlab.uvadcos.io/dest_mapped/pipeline_output/UA_od_13_fall/UA_od_13_fall.bed.gz,dest_mapped,pipeline_output,UA_od_13_fall,UA_od_13_fall.bed.gz
http://berglandlab.uvadcos.io/dest_mapped/pipeline_output/UA_od_13_spring/UA_od_13_spring.SNAPE.monomorphic.bed.gz,dest_mapped,pipeline_output,UA_od_13_spring,UA_od_13_spring.SNAPE.monomorphic.bed.gz
http://berglandlab.uvadcos.io/dest_mapped/pipeline_output/UA_od_13_spring/UA_od_13_spring.bed.gz,dest_mapped,pipeline_output,UA_od_13_spring,UA_od_13_spring.bed.gz
http://berglandlab.uvadcos.io/dest_mapped/pipeline_output/UK_Dai_15_52/UK_Dai_15_52.SNAPE.monomorphic.bed.gz,dest_mapped,pipeline_output,UK_Dai_15_52,UK_Dai_15_52.SNAPE.monomorphic.bed.gz
http://berglandlab.uvadcos.io/dest_mapped/pipeline_output/UK_Dai_15_52/UK_Dai_15_52.bed.gz,dest_mapped,pipeline_output,UK_Dai_15_52,UK_Dai_15_52.bed.gz
http://berglandlab.uvadcos.io/dest_mapped/pipeline_output/UK_Dai_16_23/UK_Dai_16_23.SNAPE.monomorphic.bed.gz,dest_mapped,pipeline_output,UK_Dai_16_23,UK_Dai_16_23.SNAPE.monomorphic.bed.gz
http://berglandlab.uvadcos.io/dest_mapped/pipeline_output/UK_Dai_16_23/UK_Dai_16_23.bed.gz,dest_mapped,pipeline_output,UK_Dai_16_23,UK_Dai_16_23.bed.gz
http://berglandlab.uvadcos.io/dest_mapped/pipeline_output/UK_Lut_14_13/UK_Lut_14_13.SNAPE.monomorphic.bed.gz,dest_mapped,pipeline_output,UK_Lut_14_13,UK_Lut_14_13.SNAPE.monomorphic.bed.gz
http://berglandlab.uvadcos.io/dest_mapped/pipeline_output/UK_Lut_14_13/UK_Lut_14_13.bed.gz,dest_mapped,pipeline_output,UK_Lut_14_13,UK_Lut_14_13.bed.gz
http://berglandlab.uvadcos.io/dest_mapped/pipeline_output/UK_Mar_14_12/UK_Mar_14_12.SNAPE.monomorphic.bed.gz,dest_mapped,pipeline_output,UK_Mar_14_12,UK_Mar_14_12.SNAPE.monomorphic.bed.gz
http://berglandlab.uvadcos.io/dest_mapped/pipeline_output/UK_Mar_14_12/UK_Mar_14_12.bed.gz,dest_mapped,pipeline_output,UK_Mar_14_12,UK_Mar_14_12.bed.gz
http://berglandlab.uvadcos.io/dest_mapped/pipeline_output/UK_Mar_15_42/UK_Mar_15_42.SNAPE.monomorphic.bed.gz,dest_mapped,pipeline_output,UK_Mar_15_42,UK_Mar_15_42.SNAPE.monomorphic.bed.gz
http://berglandlab.uvadcos.io/dest_mapped/pipeline_output/UK_Mar_15_42/UK_Mar_15_42.bed.gz,dest_mapped,pipeline_output,UK_Mar_15_42,UK_Mar_15_42.bed.gz
http://berglandlab.uvadcos.io/dest_mapped/pipeline_output/UK_Mar_16_53/UK_Mar_16_53.SNAPE.monomorphic.bed.gz,dest_mapped,pipeline_output,UK_Mar_16_53,UK_Mar_16_53.SNAPE.monomorphic.bed.gz
http://berglandlab.uvadcos.io/dest_mapped/pipeline_output/UK_Mar_16_53/UK_Mar_16_53.bed.gz,dest_mapped,pipeline_output,UK_Mar_16_53,UK_Mar_16_53.bed.gz
http://berglandlab.uvadcos.io/dest_mapped/pipeline_output/UK_She_14_09/UK_She_14_09.SNAPE.monomorphic.bed.gz,dest_mapped,pipeline_output,UK_She_14_09,UK_She_14_09.SNAPE.monomorphic.bed.gz
http://berglandlab.uvadcos.io/dest_mapped/pipeline_output/UK_She_14_09/UK_She_14_09.bed.gz,dest_mapped,pipeline_output,UK_She_14_09,UK_She_14_09.bed.gz
http://berglandlab.uvadcos.io/dest_mapped/pipeline_output/UK_She_15_17/UK_She_15_17.SNAPE.monomorphic.bed.gz,dest_mapped,pipeline_output,UK_She_15_17,UK_She_15_17.SNAPE.monomorphic.bed.gz
http://berglandlab.uvadcos.io/dest_mapped/pipeline_output/UK_She_15_17/UK_She_15_17.bed.gz,dest_mapped,pipeline_output,UK_She_15_17,UK_She_15_17.bed.gz
http://berglandlab.uvadcos.io/dest_mapped/pipeline_output/UK_Sou_14_10/UK_Sou_14_10.SNAPE.monomorphic.bed.gz,dest_mapped,pipeline_output,UK_Sou_14_10,UK_Sou_14_10.SNAPE.monomorphic.bed.gz
http://berglandlab.uvadcos.io/dest_mapped/pipeline_output/UK_Sou_14_10/UK_Sou_14_10.bed.gz,dest_mapped,pipeline_output,UK_Sou_14_10,UK_Sou_14_10.bed.gz
http://berglandlab.uvadcos.io/dest_mapped/pipeline_output/VA_ch_12_fall/VA_ch_12_fall.SNAPE.monomorphic.bed.gz,dest_mapped,pipeline_output,VA_ch_12_fall,VA_ch_12_fall.SNAPE.monomorphic.bed.gz
http://berglandlab.uvadcos.io/dest_mapped/pipeline_output/VA_ch_12_fall/VA_ch_12_fall.bed.gz,dest_mapped,pipeline_output,VA_ch_12_fall,VA_ch_12_fall.bed.gz
http://berglandlab.uvadcos.io/dest_mapped/pipeline_output/VA_ch_12_spring/VA_ch_12_spring.SNAPE.monomorphic.bed.gz,dest_mapped,pipeline_output,VA_ch_12_spring,VA_ch_12_spring.SNAPE.monomorphic.bed.gz
http://berglandlab.uvadcos.io/dest_mapped/pipeline_output/VA_ch_12_spring/VA_ch_12_spring.bed.gz,dest_mapped,pipeline_output,VA_ch_12_spring,VA_ch_12_spring.bed.gz
http://berglandlab.uvadcos.io/dest_mapped/pipeline_output/VA_ch_14_fall/VA_ch_14_fall.SNAPE.monomorphic.bed.gz,dest_mapped,pipeline_output,VA_ch_14_fall,VA_ch_14_fall.SNAPE.monomorphic.bed.gz
http://berglandlab.uvadcos.io/dest_mapped/pipeline_output/VA_ch_14_fall/VA_ch_14_fall.bed.gz,dest_mapped,pipeline_output,VA_ch_14_fall,VA_ch_14_fall.bed.gz
http://berglandlab.uvadcos.io/dest_mapped/pipeline_output/VA_ch_14_spring/VA_ch_14_spring.SNAPE.monomorphic.bed.gz,dest_mapped,pipeline_output,VA_ch_14_spring,VA_ch_14_spring.SNAPE.monomorphic.bed.gz
http://berglandlab.uvadcos.io/dest_mapped/pipeline_output/VA_ch_14_spring/VA_ch_14_spring.bed.gz,dest_mapped,pipeline_output,VA_ch_14_spring,VA_ch_14_spring.bed.gz
http://berglandlab.uvadcos.io/dest_mapped/pipeline_output/VA_ch_15_fall/VA_ch_15_fall.SNAPE.monomorphic.bed.gz,dest_mapped,pipeline_output,VA_ch_15_fall,VA_ch_15_fall.SNAPE.monomorphic.bed.gz
http://berglandlab.uvadcos.io/dest_mapped/pipeline_output/VA_ch_15_fall/VA_ch_15_fall.bed.gz,dest_mapped,pipeline_output,VA_ch_15_fall,VA_ch_15_fall.bed.gz
http://berglandlab.uvadcos.io/dest_mapped/pipeline_output/VA_ch_15_spring/VA_ch_15_spring.SNAPE.monomorphic.bed.gz,dest_mapped,pipeline_output,VA_ch_15_spring,VA_ch_15_spring.SNAPE.monomorphic.bed.gz
http://berglandlab.uvadcos.io/dest_mapped/pipeline_output/VA_ch_15_spring/VA_ch_15_spring.bed.gz,dest_mapped,pipeline_output,VA_ch_15_spring,VA_ch_15_spring.bed.gz
http://berglandlab.uvadcos.io/dest_mapped/pipeline_output/WA_se_14_spring/WA_se_14_spring.SNAPE.monomorphic.bed.gz,dest_mapped,pipeline_output,WA_se_14_spring,WA_se_14_spring.SNAPE.monomorphic.bed.gz
http://berglandlab.uvadcos.io/dest_mapped/pipeline_output/WA_se_14_spring/WA_se_14_spring.bed.gz,dest_mapped,pipeline_output,WA_se_14_spring,WA_se_14_spring.bed.gz
http://berglandlab.uvadcos.io/dest_mapped/pipeline_output/WI_cp_12_fall/WI_cp_12_fall.SNAPE.monomorphic.bed.gz,dest_mapped,pipeline_output,WI_cp_12_fall,WI_cp_12_fall.SNAPE.monomorphic.bed.gz
http://berglandlab.uvadcos.io/dest_mapped/pipeline_output/WI_cp_12_fall/WI_cp_12_fall.bed.gz,dest_mapped,pipeline_output,WI_cp_12_fall,WI_cp_12_fall.bed.gz
http://berglandlab.uvadcos.io/dest_mapped/pipeline_output/WI_cp_12_frost/WI_cp_12_frost.SNAPE.monomorphic.bed.gz,dest_mapped,pipeline_output,WI_cp_12_frost,WI_cp_12_frost.SNAPE.monomorphic.bed.gz
http://berglandlab.uvadcos.io/dest_mapped/pipeline_output/WI_cp_12_frost/WI_cp_12_frost.bed.gz,dest_mapped,pipeline_output,WI_cp_12_frost,WI_cp_12_frost.bed.gz
http://berglandlab.uvadcos.io/dest_mapped/pipeline_output/WI_cp_12_spring/WI_cp_12_spring.SNAPE.monomorphic.bed.gz,dest_mapped,pipeline_output,WI_cp_12_spring,WI_cp_12_spring.SNAPE.monomorphic.bed.gz
http://berglandlab.uvadcos.io/dest_mapped/pipeline_output/WI_cp_12_spring/WI_cp_12_spring.bed.gz,dest_mapped,pipeline_output,WI_cp_12_spring,WI_cp_12_spring.bed.gz
http://berglandlab.uvadcos.io/dest_mapped/pipeline_output/WI_cp_13_fall/WI_cp_13_fall.SNAPE.monomorphic.bed.gz,dest_mapped,pipeline_output,WI_cp_13_fall,WI_cp_13_fall.SNAPE.monomorphic.bed.gz
http://berglandlab.uvadcos.io/dest_mapped/pipeline_output/WI_cp_13_fall/WI_cp_13_fall.bed.gz,dest_mapped,pipeline_output,WI_cp_13_fall,WI_cp_13_fall.bed.gz
http://berglandlab.uvadcos.io/dest_mapped/pipeline_output/WI_cp_13_spring/WI_cp_13_spring.SNAPE.monomorphic.bed.gz,dest_mapped,pipeline_output,WI_cp_13_spring,WI_cp_13_spring.SNAPE.monomorphic.bed.gz
http://berglandlab.uvadcos.io/dest_mapped/pipeline_output/WI_cp_13_spring/WI_cp_13_spring.bed.gz,dest_mapped,pipeline_output,WI_cp_13_spring,WI_cp_13_spring.bed.gz
http://berglandlab.uvadcos.io/dest_mapped/pipeline_output/WI_cp_14_fall/WI_cp_14_fall.SNAPE.monomorphic.bed.gz,dest_mapped,pipeline_output,WI_cp_14_fall,WI_cp_14_fall.SNAPE.monomorphic.bed.gz
http://berglandlab.uvadcos.io/dest_mapped/pipeline_output/WI_cp_14_fall/WI_cp_14_fall.bed.gz,dest_mapped,pipeline_output,WI_cp_14_fall,WI_cp_14_fall.bed.gz
http://berglandlab.uvadcos.io/dest_mapped/pipeline_output/WI_cp_14_spring/WI_cp_14_spring.SNAPE.monomorphic.bed.gz,dest_mapped,pipeline_output,WI_cp_14_spring,WI_cp_14_spring.SNAPE.monomorphic.bed.gz
http://berglandlab.uvadcos.io/dest_mapped/pipeline_output/WI_cp_14_spring/WI_cp_14_spring.bed.gz,dest_mapped,pipeline_output,WI_cp_14_spring,WI_cp_14_spring.bed.gz
