http://berglandlab.uvadcos.io/dest_mapped/B/B.masked.sync.gz ,B,B.masked.sync.gz,China.Beijing.09/01/92
http://berglandlab.uvadcos.io/dest_mapped/B/B.masked.sync.gz.tbi ,B,B.masked.sync.gz.tbi,China.Beijing.09/01/92
http://berglandlab.uvadcos.io/dest_mapped/CO/CO.masked.sync.gz ,CO,CO.masked.sync.gz,Cameroon.Oku.04/01/04
http://berglandlab.uvadcos.io/dest_mapped/CO/CO.masked.sync.gz.tbi ,CO,CO.masked.sync.gz.tbi,Cameroon.Oku.04/01/04
http://berglandlab.uvadcos.io/dest_mapped/EA/EA.masked.sync.gz ,EA,EA.masked.sync.gz,Ethiopia.Gambella.12/01/11
http://berglandlab.uvadcos.io/dest_mapped/EA/EA.masked.sync.gz.tbi ,EA,EA.masked.sync.gz.tbi,Ethiopia.Gambella.12/01/11
http://berglandlab.uvadcos.io/dest_mapped/EB/EB.masked.sync.gz ,EB,EB.masked.sync.gz,Ethiopia.Bonga.12/01/11
http://berglandlab.uvadcos.io/dest_mapped/EB/EB.masked.sync.gz.tbi ,EB,EB.masked.sync.gz.tbi,Ethiopia.Bonga.12/01/11
http://berglandlab.uvadcos.io/dest_mapped/ED/ED.masked.sync.gz ,ED,ED.masked.sync.gz,Ethiopia.Dodola.12/01/08
http://berglandlab.uvadcos.io/dest_mapped/ED/ED.masked.sync.gz.tbi ,ED,ED.masked.sync.gz.tbi,Ethiopia.Dodola.12/01/08
http://berglandlab.uvadcos.io/dest_mapped/EF/EF.masked.sync.gz ,EF,EF.masked.sync.gz,Ethiopia.Fiche.12/01/11
http://berglandlab.uvadcos.io/dest_mapped/EF/EF.masked.sync.gz.tbi ,EF,EF.masked.sync.gz.tbi,Ethiopia.Fiche.12/01/11
http://berglandlab.uvadcos.io/dest_mapped/EG/EG.masked.sync.gz ,EG,EG.masked.sync.gz,Egypt.Cairo.01/01/11
http://berglandlab.uvadcos.io/dest_mapped/EG/EG.masked.sync.gz.tbi ,EG,EG.masked.sync.gz.tbi,Egypt.Cairo.01/01/11
http://berglandlab.uvadcos.io/dest_mapped/ER/ER.masked.sync.gz ,ER,ER.masked.sync.gz,Ethiopia.Debre Birhan.12/01/11
http://berglandlab.uvadcos.io/dest_mapped/ER/ER.masked.sync.gz.tbi ,ER,ER.masked.sync.gz.tbi,Ethiopia.Debre Birhan.12/01/11
http://berglandlab.uvadcos.io/dest_mapped/FR/FR.masked.sync.gz ,FR,FR.masked.sync.gz,France.Lyon.07/01/10
http://berglandlab.uvadcos.io/dest_mapped/FR/FR.masked.sync.gz.tbi ,FR,FR.masked.sync.gz.tbi,France.Lyon.07/01/10
http://berglandlab.uvadcos.io/dest_mapped/GA/GA.masked.sync.gz ,GA,GA.masked.sync.gz,Gabon.Franceville.03/01/02
http://berglandlab.uvadcos.io/dest_mapped/GA/GA.masked.sync.gz.tbi ,GA,GA.masked.sync.gz.tbi,Gabon.Franceville.03/01/02
http://berglandlab.uvadcos.io/dest_mapped/GU/GU.masked.sync.gz ,GU,GU.masked.sync.gz,Guinea.Dondé.06/01/05
http://berglandlab.uvadcos.io/dest_mapped/GU/GU.masked.sync.gz.tbi ,GU,GU.masked.sync.gz.tbi,Guinea.Dondé.06/01/05
http://berglandlab.uvadcos.io/dest_mapped/I/I.masked.sync.gz ,I,I.masked.sync.gz,United States.Ithaca NY.06/26/05
http://berglandlab.uvadcos.io/dest_mapped/I/I.masked.sync.gz.tbi ,I,I.masked.sync.gz.tbi,United States.Ithaca NY.06/26/05
http://berglandlab.uvadcos.io/dest_mapped/KN/KN.masked.sync.gz ,KN,KN.masked.sync.gz,Kenya.Nyahururu.01/01/09
http://berglandlab.uvadcos.io/dest_mapped/KN/KN.masked.sync.gz.tbi ,KN,KN.masked.sync.gz.tbi,Kenya.Nyahururu.01/01/09
http://berglandlab.uvadcos.io/dest_mapped/N/N.masked.sync.gz ,N,N.masked.sync.gz,Netherlands.Houten.06/20/05
http://berglandlab.uvadcos.io/dest_mapped/N/N.masked.sync.gz.tbi ,N,N.masked.sync.gz.tbi,Netherlands.Houten.06/20/05
http://berglandlab.uvadcos.io/dest_mapped/NG/NG.masked.sync.gz ,NG,NG.masked.sync.gz,Nigeria.Maiduguri.09/01/04
http://berglandlab.uvadcos.io/dest_mapped/NG/NG.masked.sync.gz.tbi ,NG,NG.masked.sync.gz.tbi,Nigeria.Maiduguri.09/01/04
http://berglandlab.uvadcos.io/dest_mapped/RAL/RAL.masked.sync.gz ,RAL,RAL.masked.sync.gz,United States.Raleigh NC.06/25/05
http://berglandlab.uvadcos.io/dest_mapped/RAL/RAL.masked.sync.gz.tbi ,RAL,RAL.masked.sync.gz.tbi,United States.Raleigh NC.06/25/05
http://berglandlab.uvadcos.io/dest_mapped/RG/RG.masked.sync.gz ,RG,RG.masked.sync.gz,Rwanda.Gikongoro.12/01/08
http://berglandlab.uvadcos.io/dest_mapped/RG/RG.masked.sync.gz.tbi ,RG,RG.masked.sync.gz.tbi,Rwanda.Gikongoro.12/01/08
http://berglandlab.uvadcos.io/dest_mapped/SB/SB.masked.sync.gz ,SB,SB.masked.sync.gz,South Africa.Barkly East.12/01/11
http://berglandlab.uvadcos.io/dest_mapped/SB/SB.masked.sync.gz.tbi ,SB,SB.masked.sync.gz.tbi,South Africa.Barkly East.12/01/11
http://berglandlab.uvadcos.io/dest_mapped/SD/SD.masked.sync.gz ,SD,SD.masked.sync.gz,South Africa.Dullstroom.12/01/11
http://berglandlab.uvadcos.io/dest_mapped/SD/SD.masked.sync.gz.tbi ,SD,SD.masked.sync.gz.tbi,South Africa.Dullstroom.12/01/11
http://berglandlab.uvadcos.io/dest_mapped/SIM/SIM.masked.sync.gz ,SIM,SIM.masked.sync.gz,w501.w501.NA
http://berglandlab.uvadcos.io/dest_mapped/SIM/SIM.masked.sync.gz.tbi ,SIM,SIM.masked.sync.gz.tbi,w501.w501.NA
http://berglandlab.uvadcos.io/dest_mapped/SP/SP.masked.sync.gz ,SP,SP.masked.sync.gz,South Africa.Phalaborwa.07/01/10
http://berglandlab.uvadcos.io/dest_mapped/SP/SP.masked.sync.gz.tbi ,SP,SP.masked.sync.gz.tbi,South Africa.Phalaborwa.07/01/10
http://berglandlab.uvadcos.io/dest_mapped/T/T.masked.sync.gz ,T,T.masked.sync.gz,Australia.Sorell TAS.06/26/05
http://berglandlab.uvadcos.io/dest_mapped/T/T.masked.sync.gz.tbi ,T,T.masked.sync.gz.tbi,Australia.Sorell TAS.06/26/05
http://berglandlab.uvadcos.io/dest_mapped/UK/UK.masked.sync.gz ,UK,UK.masked.sync.gz,Uganda.Kisoro.01/01/12
http://berglandlab.uvadcos.io/dest_mapped/UK/UK.masked.sync.gz.tbi ,UK,UK.masked.sync.gz.tbi,Uganda.Kisoro.01/01/12
http://berglandlab.uvadcos.io/dest_mapped/W/W.masked.sync.gz ,W,W.masked.sync.gz,United States.Winters CA.06/20/05
http://berglandlab.uvadcos.io/dest_mapped/W/W.masked.sync.gz.tbi ,W,W.masked.sync.gz.tbi,United States.Winters CA.06/20/05
http://berglandlab.uvadcos.io/dest_mapped/ZI/ZI.masked.sync.gz ,ZI,ZI.masked.sync.gz,Zambia.Siavonga.07/01/10
http://berglandlab.uvadcos.io/dest_mapped/ZI/ZI.masked.sync.gz.tbi ,ZI,ZI.masked.sync.gz.tbi,Zambia.Siavonga.07/01/10
http://berglandlab.uvadcos.io/dest_mapped/ZW/ZW.masked.sync.gz ,ZW,ZW.masked.sync.gz,Zimbabwe.Victoria Falls.07/01/10
http://berglandlab.uvadcos.io/dest_mapped/ZW/ZW.masked.sync.gz.tbi ,ZW,ZW.masked.sync.gz.tbi,Zimbabwe.Victoria Falls.07/01/10
http://berglandlab.uvadcos.io/dest_mapped/pipeline_output/AT_Mau_14_01/AT_Mau_14_01.masked.sync.gz ,AT_Mau_14_01,AT_Mau_14_01.masked.sync.gz,Austria.Mauternbach.07/20/14
http://berglandlab.uvadcos.io/dest_mapped/pipeline_output/AT_Mau_14_01/AT_Mau_14_01.masked.sync.gz.tbi ,AT_Mau_14_01,AT_Mau_14_01.masked.sync.gz.tbi,Austria.Mauternbach.07/20/14
http://berglandlab.uvadcos.io/dest_mapped/pipeline_output/AT_Mau_14_02/AT_Mau_14_02.masked.sync.gz ,AT_Mau_14_02,AT_Mau_14_02.masked.sync.gz,Austria.Mauternbach.10/19/14
http://berglandlab.uvadcos.io/dest_mapped/pipeline_output/AT_Mau_14_02/AT_Mau_14_02.masked.sync.gz.tbi ,AT_Mau_14_02,AT_Mau_14_02.masked.sync.gz.tbi,Austria.Mauternbach.10/19/14
http://berglandlab.uvadcos.io/dest_mapped/pipeline_output/AT_Mau_15_50/AT_Mau_15_50.masked.sync.gz ,AT_Mau_15_50,AT_Mau_15_50.masked.sync.gz,Austria.Mauternbach.07/20/15
http://berglandlab.uvadcos.io/dest_mapped/pipeline_output/AT_Mau_15_50/AT_Mau_15_50.masked.sync.gz.tbi ,AT_Mau_15_50,AT_Mau_15_50.masked.sync.gz.tbi,Austria.Mauternbach.07/20/15
http://berglandlab.uvadcos.io/dest_mapped/pipeline_output/AT_Mau_15_51/AT_Mau_15_51.masked.sync.gz ,AT_Mau_15_51,AT_Mau_15_51.masked.sync.gz,Austria.Mauternbach.10/19/15
http://berglandlab.uvadcos.io/dest_mapped/pipeline_output/AT_Mau_15_51/AT_Mau_15_51.masked.sync.gz.tbi ,AT_Mau_15_51,AT_Mau_15_51.masked.sync.gz.tbi,Austria.Mauternbach.10/19/15
http://berglandlab.uvadcos.io/dest_mapped/pipeline_output/AT_See_14_44/AT_See_14_44.masked.sync.gz ,AT_See_14_44,AT_See_14_44.masked.sync.gz,Austria.Seeboden.08/17/14
http://berglandlab.uvadcos.io/dest_mapped/pipeline_output/AT_See_14_44/AT_See_14_44.masked.sync.gz.tbi ,AT_See_14_44,AT_See_14_44.masked.sync.gz.tbi,Austria.Seeboden.08/17/14
http://berglandlab.uvadcos.io/dest_mapped/pipeline_output/AT_See_16_1/AT_See_16_1.masked.sync.gz ,AT_See_16_1,AT_See_16_1.masked.sync.gz,Austria.Seeboden.08/01/16
http://berglandlab.uvadcos.io/dest_mapped/pipeline_output/AT_See_16_1/AT_See_16_1.masked.sync.gz.tbi ,AT_See_16_1,AT_See_16_1.masked.sync.gz.tbi,Austria.Seeboden.08/01/16
http://berglandlab.uvadcos.io/dest_mapped/pipeline_output/AT_gr_12_fall/AT_gr_12_fall.masked.sync.gz ,AT_gr_12_fall,AT_gr_12_fall.masked.sync.gz,Austria.Gross-Enzersdorf.10/20/12
http://berglandlab.uvadcos.io/dest_mapped/pipeline_output/AT_gr_12_fall/AT_gr_12_fall.masked.sync.gz.tbi ,AT_gr_12_fall,AT_gr_12_fall.masked.sync.gz.tbi,Austria.Gross-Enzersdorf.10/20/12
http://berglandlab.uvadcos.io/dest_mapped/pipeline_output/AT_gr_12_spring/AT_gr_12_spring.masked.sync.gz ,AT_gr_12_spring,AT_gr_12_spring.masked.sync.gz,Austria.Gross-Enzersdorf.08/03/12
http://berglandlab.uvadcos.io/dest_mapped/pipeline_output/AT_gr_12_spring/AT_gr_12_spring.masked.sync.gz.tbi ,AT_gr_12_spring,AT_gr_12_spring.masked.sync.gz.tbi,Austria.Gross-Enzersdorf.08/03/12
http://berglandlab.uvadcos.io/dest_mapped/pipeline_output/BY_Bre_15_13/BY_Bre_15_13.masked.sync.gz ,BY_Bre_15_13,BY_Bre_15_13.masked.sync.gz,Belarus.Brest.09/11/15
http://berglandlab.uvadcos.io/dest_mapped/pipeline_output/BY_Bre_15_13/BY_Bre_15_13.masked.sync.gz.tbi ,BY_Bre_15_13,BY_Bre_15_13.masked.sync.gz.tbi,Belarus.Brest.09/11/15
http://berglandlab.uvadcos.io/dest_mapped/pipeline_output/CA_es_12_fall/CA_es_12_fall.masked.sync.gz ,CA_es_12_fall,CA_es_12_fall.masked.sync.gz,USA.Esparto.08/22/12
http://berglandlab.uvadcos.io/dest_mapped/pipeline_output/CA_es_12_fall/CA_es_12_fall.masked.sync.gz.tbi ,CA_es_12_fall,CA_es_12_fall.masked.sync.gz.tbi,USA.Esparto.08/22/12
http://berglandlab.uvadcos.io/dest_mapped/pipeline_output/CA_es_12_frost/CA_es_12_frost.masked.sync.gz ,CA_es_12_frost,CA_es_12_frost.masked.sync.gz,USA.Esparto.11/20/12
http://berglandlab.uvadcos.io/dest_mapped/pipeline_output/CA_es_12_frost/CA_es_12_frost.masked.sync.gz.tbi ,CA_es_12_frost,CA_es_12_frost.masked.sync.gz.tbi,USA.Esparto.11/20/12
http://berglandlab.uvadcos.io/dest_mapped/pipeline_output/CA_es_12_spring/CA_es_12_spring.masked.sync.gz ,CA_es_12_spring,CA_es_12_spring.masked.sync.gz,USA.Esparto.06/13/12
http://berglandlab.uvadcos.io/dest_mapped/pipeline_output/CA_es_12_spring/CA_es_12_spring.masked.sync.gz.tbi ,CA_es_12_spring,CA_es_12_spring.masked.sync.gz.tbi,USA.Esparto.06/13/12
http://berglandlab.uvadcos.io/dest_mapped/pipeline_output/CA_es_13_fall/CA_es_13_fall.masked.sync.gz ,CA_es_13_fall,CA_es_13_fall.masked.sync.gz,USA.Esparto.09/01/13
http://berglandlab.uvadcos.io/dest_mapped/pipeline_output/CA_es_13_fall/CA_es_13_fall.masked.sync.gz.tbi ,CA_es_13_fall,CA_es_13_fall.masked.sync.gz.tbi,USA.Esparto.09/01/13
http://berglandlab.uvadcos.io/dest_mapped/pipeline_output/CA_es_13_spring/CA_es_13_spring.masked.sync.gz ,CA_es_13_spring,CA_es_13_spring.masked.sync.gz,USA.Esparto.05/07/13
http://berglandlab.uvadcos.io/dest_mapped/pipeline_output/CA_es_13_spring/CA_es_13_spring.masked.sync.gz.tbi ,CA_es_13_spring,CA_es_13_spring.masked.sync.gz.tbi,USA.Esparto.05/07/13
http://berglandlab.uvadcos.io/dest_mapped/pipeline_output/CA_pl_12_fall/CA_pl_12_fall.masked.sync.gz ,CA_pl_12_fall,CA_pl_12_fall.masked.sync.gz,USA.Placerville.08/25/12
http://berglandlab.uvadcos.io/dest_mapped/pipeline_output/CA_pl_12_fall/CA_pl_12_fall.masked.sync.gz.tbi ,CA_pl_12_fall,CA_pl_12_fall.masked.sync.gz.tbi,USA.Placerville.08/25/12
http://berglandlab.uvadcos.io/dest_mapped/pipeline_output/CA_pl_12_frost/CA_pl_12_frost.masked.sync.gz ,CA_pl_12_frost,CA_pl_12_frost.masked.sync.gz,USA.Placerville.11/18/12
http://berglandlab.uvadcos.io/dest_mapped/pipeline_output/CA_pl_12_frost/CA_pl_12_frost.masked.sync.gz.tbi ,CA_pl_12_frost,CA_pl_12_frost.masked.sync.gz.tbi,USA.Placerville.11/18/12
http://berglandlab.uvadcos.io/dest_mapped/pipeline_output/CA_pl_13_fall/CA_pl_13_fall.masked.sync.gz ,CA_pl_13_fall,CA_pl_13_fall.masked.sync.gz,USA.Placerville.08/30/13
http://berglandlab.uvadcos.io/dest_mapped/pipeline_output/CA_pl_13_fall/CA_pl_13_fall.masked.sync.gz.tbi ,CA_pl_13_fall,CA_pl_13_fall.masked.sync.gz.tbi,USA.Placerville.08/30/13
http://berglandlab.uvadcos.io/dest_mapped/pipeline_output/CA_pl_13_frost/CA_pl_13_frost.masked.sync.gz ,CA_pl_13_frost,CA_pl_13_frost.masked.sync.gz,USA.Placerville.12/16/13
http://berglandlab.uvadcos.io/dest_mapped/pipeline_output/CA_pl_13_frost/CA_pl_13_frost.masked.sync.gz.tbi ,CA_pl_13_frost,CA_pl_13_frost.masked.sync.gz.tbi,USA.Placerville.12/16/13
http://berglandlab.uvadcos.io/dest_mapped/pipeline_output/CA_st_12_fall/CA_st_12_fall.masked.sync.gz ,CA_st_12_fall,CA_st_12_fall.masked.sync.gz,USA.Stockton.10/01/12
http://berglandlab.uvadcos.io/dest_mapped/pipeline_output/CA_st_12_fall/CA_st_12_fall.masked.sync.gz.tbi ,CA_st_12_fall,CA_st_12_fall.masked.sync.gz.tbi,USA.Stockton.10/01/12
http://berglandlab.uvadcos.io/dest_mapped/pipeline_output/CA_st_12_frost/CA_st_12_frost.masked.sync.gz ,CA_st_12_frost,CA_st_12_frost.masked.sync.gz,USA.Stockton.11/15/12
http://berglandlab.uvadcos.io/dest_mapped/pipeline_output/CA_st_12_frost/CA_st_12_frost.masked.sync.gz.tbi ,CA_st_12_frost,CA_st_12_frost.masked.sync.gz.tbi,USA.Stockton.11/15/12
http://berglandlab.uvadcos.io/dest_mapped/pipeline_output/CA_st_13_fall/CA_st_13_fall.masked.sync.gz ,CA_st_13_fall,CA_st_13_fall.masked.sync.gz,USA.Stockton.09/03/13
http://berglandlab.uvadcos.io/dest_mapped/pipeline_output/CA_st_13_fall/CA_st_13_fall.masked.sync.gz.tbi ,CA_st_13_fall,CA_st_13_fall.masked.sync.gz.tbi,USA.Stockton.09/03/13
http://berglandlab.uvadcos.io/dest_mapped/pipeline_output/CA_tu_12_fall/CA_tu_12_fall.masked.sync.gz ,CA_tu_12_fall,CA_tu_12_fall.masked.sync.gz,USA.Tuolumne.10/10/12
http://berglandlab.uvadcos.io/dest_mapped/pipeline_output/CA_tu_12_fall/CA_tu_12_fall.masked.sync.gz.tbi ,CA_tu_12_fall,CA_tu_12_fall.masked.sync.gz.tbi,USA.Tuolumne.10/10/12
http://berglandlab.uvadcos.io/dest_mapped/pipeline_output/CA_tu_12_frost/CA_tu_12_frost.masked.sync.gz ,CA_tu_12_frost,CA_tu_12_frost.masked.sync.gz,USA.Tuolumne.11/17/12
http://berglandlab.uvadcos.io/dest_mapped/pipeline_output/CA_tu_12_frost/CA_tu_12_frost.masked.sync.gz.tbi ,CA_tu_12_frost,CA_tu_12_frost.masked.sync.gz.tbi,USA.Tuolumne.11/17/12
http://berglandlab.uvadcos.io/dest_mapped/pipeline_output/CA_tu_13_fall/CA_tu_13_fall.masked.sync.gz ,CA_tu_13_fall,CA_tu_13_fall.masked.sync.gz,USA.Tuolumne.08/31/13
http://berglandlab.uvadcos.io/dest_mapped/pipeline_output/CA_tu_13_fall/CA_tu_13_fall.masked.sync.gz.tbi ,CA_tu_13_fall,CA_tu_13_fall.masked.sync.gz.tbi,USA.Tuolumne.08/31/13
http://berglandlab.uvadcos.io/dest_mapped/pipeline_output/CA_tu_13_frost/CA_tu_13_frost.masked.sync.gz ,CA_tu_13_frost,CA_tu_13_frost.masked.sync.gz,USA.Tuolumne.12/08/13
http://berglandlab.uvadcos.io/dest_mapped/pipeline_output/CA_tu_13_frost/CA_tu_13_frost.masked.sync.gz.tbi ,CA_tu_13_frost,CA_tu_13_frost.masked.sync.gz.tbi,USA.Tuolumne.12/08/13
http://berglandlab.uvadcos.io/dest_mapped/pipeline_output/CA_tu_13_spring/CA_tu_13_spring.masked.sync.gz ,CA_tu_13_spring,CA_tu_13_spring.masked.sync.gz,USA.Tuolumne.05/14/13
http://berglandlab.uvadcos.io/dest_mapped/pipeline_output/CA_tu_13_spring/CA_tu_13_spring.masked.sync.gz.tbi ,CA_tu_13_spring,CA_tu_13_spring.masked.sync.gz.tbi,USA.Tuolumne.05/14/13
http://berglandlab.uvadcos.io/dest_mapped/pipeline_output/CH_Cha_14_42/CH_Cha_14_42.masked.sync.gz ,CH_Cha_14_42,CH_Cha_14_42.masked.sync.gz,Switzerland.Chalet à Gobet.07/24/14
http://berglandlab.uvadcos.io/dest_mapped/pipeline_output/CH_Cha_14_42/CH_Cha_14_42.masked.sync.gz.tbi ,CH_Cha_14_42,CH_Cha_14_42.masked.sync.gz.tbi,Switzerland.Chalet à Gobet.07/24/14
http://berglandlab.uvadcos.io/dest_mapped/pipeline_output/CH_Cha_14_43/CH_Cha_14_43.masked.sync.gz ,CH_Cha_14_43,CH_Cha_14_43.masked.sync.gz,Switzerland.Chalet à Gobet.10/05/14
http://berglandlab.uvadcos.io/dest_mapped/pipeline_output/CH_Cha_14_43/CH_Cha_14_43.masked.sync.gz.tbi ,CH_Cha_14_43,CH_Cha_14_43.masked.sync.gz.tbi,Switzerland.Chalet à Gobet.10/05/14
http://berglandlab.uvadcos.io/dest_mapped/pipeline_output/CH_Cha_15_39/CH_Cha_15_39.masked.sync.gz ,CH_Cha_15_39,CH_Cha_15_39.masked.sync.gz,Switzerland.Chalet à Gobet.08/01/15
http://berglandlab.uvadcos.io/dest_mapped/pipeline_output/CH_Cha_15_39/CH_Cha_15_39.masked.sync.gz.tbi ,CH_Cha_15_39,CH_Cha_15_39.masked.sync.gz.tbi,Switzerland.Chalet à Gobet.08/01/15
http://berglandlab.uvadcos.io/dest_mapped/pipeline_output/CH_Cha_16_38/CH_Cha_16_38.masked.sync.gz ,CH_Cha_16_38,CH_Cha_16_38.masked.sync.gz,Switzerland.Chalet à Gobet.08/15/16
http://berglandlab.uvadcos.io/dest_mapped/pipeline_output/CH_Cha_16_38/CH_Cha_16_38.masked.sync.gz.tbi ,CH_Cha_16_38,CH_Cha_16_38.masked.sync.gz.tbi,Switzerland.Chalet à Gobet.08/15/16
http://berglandlab.uvadcos.io/dest_mapped/pipeline_output/CY_Nic_14_11/CY_Nic_14_11.masked.sync.gz ,CY_Nic_14_11,CY_Nic_14_11.masked.sync.gz,Cyprus.Nicosia.08/10/14
http://berglandlab.uvadcos.io/dest_mapped/pipeline_output/CY_Nic_14_11/CY_Nic_14_11.masked.sync.gz.tbi ,CY_Nic_14_11,CY_Nic_14_11.masked.sync.gz.tbi,Cyprus.Nicosia.08/10/14
http://berglandlab.uvadcos.io/dest_mapped/pipeline_output/DE_Bro_14_14/DE_Bro_14_14.masked.sync.gz ,DE_Bro_14_14,DE_Bro_14_14.masked.sync.gz,Germany.Broggingen.06/26/14
http://berglandlab.uvadcos.io/dest_mapped/pipeline_output/DE_Bro_14_14/DE_Bro_14_14.masked.sync.gz.tbi ,DE_Bro_14_14,DE_Bro_14_14.masked.sync.gz.tbi,Germany.Broggingen.06/26/14
http://berglandlab.uvadcos.io/dest_mapped/pipeline_output/DE_Bro_14_15/DE_Bro_14_15.masked.sync.gz ,DE_Bro_14_15,DE_Bro_14_15.masked.sync.gz,Germany.Broggingen.10/15/14
http://berglandlab.uvadcos.io/dest_mapped/pipeline_output/DE_Bro_14_15/DE_Bro_14_15.masked.sync.gz.tbi ,DE_Bro_14_15,DE_Bro_14_15.masked.sync.gz.tbi,Germany.Broggingen.10/15/14
http://berglandlab.uvadcos.io/dest_mapped/pipeline_output/DE_Bro_15_53/DE_Bro_15_53.masked.sync.gz ,DE_Bro_15_53,DE_Bro_15_53.masked.sync.gz,Germany.Broggingen.06/30/15
http://berglandlab.uvadcos.io/dest_mapped/pipeline_output/DE_Bro_15_53/DE_Bro_15_53.masked.sync.gz.tbi ,DE_Bro_15_53,DE_Bro_15_53.masked.sync.gz.tbi,Germany.Broggingen.06/30/15
http://berglandlab.uvadcos.io/dest_mapped/pipeline_output/DE_Bro_15_54/DE_Bro_15_54.masked.sync.gz ,DE_Bro_15_54,DE_Bro_15_54.masked.sync.gz,Germany.Broggingen.10/25/15
http://berglandlab.uvadcos.io/dest_mapped/pipeline_output/DE_Bro_15_54/DE_Bro_15_54.masked.sync.gz.tbi ,DE_Bro_15_54,DE_Bro_15_54.masked.sync.gz.tbi,Germany.Broggingen.10/25/15
http://berglandlab.uvadcos.io/dest_mapped/pipeline_output/DE_Bro_16_10/DE_Bro_16_10.masked.sync.gz ,DE_Bro_16_10,DE_Bro_16_10.masked.sync.gz,Germany.Broggingen.07/24/16
http://berglandlab.uvadcos.io/dest_mapped/pipeline_output/DE_Bro_16_10/DE_Bro_16_10.masked.sync.gz.tbi ,DE_Bro_16_10,DE_Bro_16_10.masked.sync.gz.tbi,Germany.Broggingen.07/24/16
http://berglandlab.uvadcos.io/dest_mapped/pipeline_output/DE_Bro_16_11/DE_Bro_16_11.masked.sync.gz ,DE_Bro_16_11,DE_Bro_16_11.masked.sync.gz,Germany.Broggingen.10/23/16
http://berglandlab.uvadcos.io/dest_mapped/pipeline_output/DE_Bro_16_11/DE_Bro_16_11.masked.sync.gz.tbi ,DE_Bro_16_11,DE_Bro_16_11.masked.sync.gz.tbi,Germany.Broggingen.10/23/16
http://berglandlab.uvadcos.io/dest_mapped/pipeline_output/DE_Mun_14_31/DE_Mun_14_31.masked.sync.gz ,DE_Mun_14_31,DE_Mun_14_31.masked.sync.gz,Germany.Munich.06/19/14
http://berglandlab.uvadcos.io/dest_mapped/pipeline_output/DE_Mun_14_31/DE_Mun_14_31.masked.sync.gz.tbi ,DE_Mun_14_31,DE_Mun_14_31.masked.sync.gz.tbi,Germany.Munich.06/19/14
http://berglandlab.uvadcos.io/dest_mapped/pipeline_output/DE_Mun_14_32/DE_Mun_14_32.masked.sync.gz ,DE_Mun_14_32,DE_Mun_14_32.masked.sync.gz,Germany.Munich.09/03/14
http://berglandlab.uvadcos.io/dest_mapped/pipeline_output/DE_Mun_14_32/DE_Mun_14_32.masked.sync.gz.tbi ,DE_Mun_14_32,DE_Mun_14_32.masked.sync.gz.tbi,Germany.Munich.09/03/14
http://berglandlab.uvadcos.io/dest_mapped/pipeline_output/DE_Mun_15_45/DE_Mun_15_45.masked.sync.gz ,DE_Mun_15_45,DE_Mun_15_45.masked.sync.gz,Germany.Munich.06/01/15
http://berglandlab.uvadcos.io/dest_mapped/pipeline_output/DE_Mun_15_45/DE_Mun_15_45.masked.sync.gz.tbi ,DE_Mun_15_45,DE_Mun_15_45.masked.sync.gz.tbi,Germany.Munich.06/01/15
http://berglandlab.uvadcos.io/dest_mapped/pipeline_output/DE_Mun_15_46/DE_Mun_15_46.masked.sync.gz ,DE_Mun_15_46,DE_Mun_15_46.masked.sync.gz,Germany.Munich.09/01/15
http://berglandlab.uvadcos.io/dest_mapped/pipeline_output/DE_Mun_15_46/DE_Mun_15_46.masked.sync.gz.tbi ,DE_Mun_15_46,DE_Mun_15_46.masked.sync.gz.tbi,Germany.Munich.09/01/15
http://berglandlab.uvadcos.io/dest_mapped/pipeline_output/DE_Mun_16_12/DE_Mun_16_12.masked.sync.gz ,DE_Mun_16_12,DE_Mun_16_12.masked.sync.gz,Germany.Munich.06/25/16
http://berglandlab.uvadcos.io/dest_mapped/pipeline_output/DE_Mun_16_12/DE_Mun_16_12.masked.sync.gz.tbi ,DE_Mun_16_12,DE_Mun_16_12.masked.sync.gz.tbi,Germany.Munich.06/25/16
http://berglandlab.uvadcos.io/dest_mapped/pipeline_output/DE_Mun_16_13/DE_Mun_16_13.masked.sync.gz ,DE_Mun_16_13,DE_Mun_16_13.masked.sync.gz,Germany.Munich.09/01/16
http://berglandlab.uvadcos.io/dest_mapped/pipeline_output/DE_Mun_16_13/DE_Mun_16_13.masked.sync.gz.tbi ,DE_Mun_16_13,DE_Mun_16_13.masked.sync.gz.tbi,Germany.Munich.09/01/16
http://berglandlab.uvadcos.io/dest_mapped/pipeline_output/DK_Kar_14_39/DK_Kar_14_39.masked.sync.gz ,DK_Kar_14_39,DK_Kar_14_39.masked.sync.gz,Denmark.Karensminde.09/01/14
http://berglandlab.uvadcos.io/dest_mapped/pipeline_output/DK_Kar_14_39/DK_Kar_14_39.masked.sync.gz.tbi ,DK_Kar_14_39,DK_Kar_14_39.masked.sync.gz.tbi,Denmark.Karensminde.09/01/14
http://berglandlab.uvadcos.io/dest_mapped/pipeline_output/DK_Kar_14_41/DK_Kar_14_41.masked.sync.gz ,DK_Kar_14_41,DK_Kar_14_41.masked.sync.gz,Denmark.Karensminde.11/25/14
http://berglandlab.uvadcos.io/dest_mapped/pipeline_output/DK_Kar_14_41/DK_Kar_14_41.masked.sync.gz.tbi ,DK_Kar_14_41,DK_Kar_14_41.masked.sync.gz.tbi,Denmark.Karensminde.11/25/14
http://berglandlab.uvadcos.io/dest_mapped/pipeline_output/DK_Kar_16_2/DK_Kar_16_2.masked.sync.gz ,DK_Kar_16_2,DK_Kar_16_2.masked.sync.gz,Denmark.Karensminde Orchard.06/08/16
http://berglandlab.uvadcos.io/dest_mapped/pipeline_output/DK_Kar_16_2/DK_Kar_16_2.masked.sync.gz.tbi ,DK_Kar_16_2,DK_Kar_16_2.masked.sync.gz.tbi,Denmark.Karensminde Orchard.06/08/16
http://berglandlab.uvadcos.io/dest_mapped/pipeline_output/DK_Kar_16_3/DK_Kar_16_3.masked.sync.gz ,DK_Kar_16_3,DK_Kar_16_3.masked.sync.gz,Denmark.Karensminde Orchard.09/15/16
http://berglandlab.uvadcos.io/dest_mapped/pipeline_output/DK_Kar_16_3/DK_Kar_16_3.masked.sync.gz.tbi ,DK_Kar_16_3,DK_Kar_16_3.masked.sync.gz.tbi,Denmark.Karensminde Orchard.09/15/16
http://berglandlab.uvadcos.io/dest_mapped/pipeline_output/DK_Kar_16_4/DK_Kar_16_4.masked.sync.gz ,DK_Kar_16_4,DK_Kar_16_4.masked.sync.gz,Denmark.Karensminde Orchard.11/22/16
http://berglandlab.uvadcos.io/dest_mapped/pipeline_output/DK_Kar_16_4/DK_Kar_16_4.masked.sync.gz.tbi ,DK_Kar_16_4,DK_Kar_16_4.masked.sync.gz.tbi,Denmark.Karensminde Orchard.11/22/16
http://berglandlab.uvadcos.io/dest_mapped/pipeline_output/ES_Ben_16_32/ES_Ben_16_32.masked.sync.gz ,ES_Ben_16_32,ES_Ben_16_32.masked.sync.gz,Spain.Benalua.10/08/16
http://berglandlab.uvadcos.io/dest_mapped/pipeline_output/ES_Ben_16_32/ES_Ben_16_32.masked.sync.gz.tbi ,ES_Ben_16_32,ES_Ben_16_32.masked.sync.gz.tbi,Spain.Benalua.10/08/16
http://berglandlab.uvadcos.io/dest_mapped/pipeline_output/ES_Cor_15_33/ES_Cor_15_33.masked.sync.gz ,ES_Cor_15_33,ES_Cor_15_33.masked.sync.gz,Spain.Cortes de Baza.08/08/15
http://berglandlab.uvadcos.io/dest_mapped/pipeline_output/ES_Cor_15_33/ES_Cor_15_33.masked.sync.gz.tbi ,ES_Cor_15_33,ES_Cor_15_33.masked.sync.gz.tbi,Spain.Cortes de Baza.08/08/15
http://berglandlab.uvadcos.io/dest_mapped/pipeline_output/ES_Gim_14_34/ES_Gim_14_34.masked.sync.gz ,ES_Gim_14_34,ES_Gim_14_34.masked.sync.gz,Spain.Gimenells.10/20/14
http://berglandlab.uvadcos.io/dest_mapped/pipeline_output/ES_Gim_14_34/ES_Gim_14_34.masked.sync.gz.tbi ,ES_Gim_14_34,ES_Gim_14_34.masked.sync.gz.tbi,Spain.Gimenells.10/20/14
http://berglandlab.uvadcos.io/dest_mapped/pipeline_output/ES_Gim_14_35/ES_Gim_14_35.masked.sync.gz ,ES_Gim_14_35,ES_Gim_14_35.masked.sync.gz,Spain.Gimenells.08/13/14
http://berglandlab.uvadcos.io/dest_mapped/pipeline_output/ES_Gim_14_35/ES_Gim_14_35.masked.sync.gz.tbi ,ES_Gim_14_35,ES_Gim_14_35.masked.sync.gz.tbi,Spain.Gimenells.08/13/14
http://berglandlab.uvadcos.io/dest_mapped/pipeline_output/ES_Gim_15_30/ES_Gim_15_30.masked.sync.gz ,ES_Gim_15_30,ES_Gim_15_30.masked.sync.gz,Spain.Gimenells.06/28/15
http://berglandlab.uvadcos.io/dest_mapped/pipeline_output/ES_Gim_15_30/ES_Gim_15_30.masked.sync.gz.tbi ,ES_Gim_15_30,ES_Gim_15_30.masked.sync.gz.tbi,Spain.Gimenells.06/28/15
http://berglandlab.uvadcos.io/dest_mapped/pipeline_output/ES_Gim_15_31/ES_Gim_15_31.masked.sync.gz ,ES_Gim_15_31,ES_Gim_15_31.masked.sync.gz,Spain.Gimenells.10/22/15
http://berglandlab.uvadcos.io/dest_mapped/pipeline_output/ES_Gim_15_31/ES_Gim_15_31.masked.sync.gz.tbi ,ES_Gim_15_31,ES_Gim_15_31.masked.sync.gz.tbi,Spain.Gimenells.10/22/15
http://berglandlab.uvadcos.io/dest_mapped/pipeline_output/ES_Gim_16_33/ES_Gim_16_33.masked.sync.gz ,ES_Gim_16_33,ES_Gim_16_33.masked.sync.gz,Spain.Gimenells.08/25/16
http://berglandlab.uvadcos.io/dest_mapped/pipeline_output/ES_Gim_16_33/ES_Gim_16_33.masked.sync.gz.tbi ,ES_Gim_16_33,ES_Gim_16_33.masked.sync.gz.tbi,Spain.Gimenells.08/25/16
http://berglandlab.uvadcos.io/dest_mapped/pipeline_output/ES_Gim_16_34/ES_Gim_16_34.masked.sync.gz ,ES_Gim_16_34,ES_Gim_16_34.masked.sync.gz,Spain.Gimenells.10/21/16
http://berglandlab.uvadcos.io/dest_mapped/pipeline_output/ES_Gim_16_34/ES_Gim_16_34.masked.sync.gz.tbi ,ES_Gim_16_34,ES_Gim_16_34.masked.sync.gz.tbi,Spain.Gimenells.10/21/16
http://berglandlab.uvadcos.io/dest_mapped/pipeline_output/ES_Gua_15_32/ES_Gua_15_32.masked.sync.gz ,ES_Gua_15_32,ES_Gua_15_32.masked.sync.gz,Spain.Guadix.09/12/15
http://berglandlab.uvadcos.io/dest_mapped/pipeline_output/ES_Gua_15_32/ES_Gua_15_32.masked.sync.gz.tbi ,ES_Gua_15_32,ES_Gua_15_32.masked.sync.gz.tbi,Spain.Guadix.09/12/15
http://berglandlab.uvadcos.io/dest_mapped/pipeline_output/ES_Pur_16_35/ES_Pur_16_35.masked.sync.gz ,ES_Pur_16_35,ES_Pur_16_35.masked.sync.gz,Spain.Purullena. El Bejarín (Guadix).08/30/16
http://berglandlab.uvadcos.io/dest_mapped/pipeline_output/ES_Pur_16_35/ES_Pur_16_35.masked.sync.gz.tbi ,ES_Pur_16_35,ES_Pur_16_35.masked.sync.gz.tbi,Spain.Purullena. El Bejarín (Guadix).08/30/16
http://berglandlab.uvadcos.io/dest_mapped/pipeline_output/ES_Tom_15_28/ES_Tom_15_28.masked.sync.gz ,ES_Tom_15_28,ES_Tom_15_28.masked.sync.gz,Spain.Tomelloso.10/08/15
http://berglandlab.uvadcos.io/dest_mapped/pipeline_output/ES_Tom_15_28/ES_Tom_15_28.masked.sync.gz.tbi ,ES_Tom_15_28,ES_Tom_15_28.masked.sync.gz.tbi,Spain.Tomelloso.10/08/15
http://berglandlab.uvadcos.io/dest_mapped/pipeline_output/ES_Tom_15_29/ES_Tom_15_29.masked.sync.gz ,ES_Tom_15_29,ES_Tom_15_29.masked.sync.gz,Spain.Tomelloso.09/17/15
http://berglandlab.uvadcos.io/dest_mapped/pipeline_output/ES_Tom_15_29/ES_Tom_15_29.masked.sync.gz.tbi ,ES_Tom_15_29,ES_Tom_15_29.masked.sync.gz.tbi,Spain.Tomelloso.09/17/15
http://berglandlab.uvadcos.io/dest_mapped/pipeline_output/ES_Tom_16_36/ES_Tom_16_36.masked.sync.gz ,ES_Tom_16_36,ES_Tom_16_36.masked.sync.gz,Spain.Tomelloso.09/02/16
http://berglandlab.uvadcos.io/dest_mapped/pipeline_output/ES_Tom_16_36/ES_Tom_16_36.masked.sync.gz.tbi ,ES_Tom_16_36,ES_Tom_16_36.masked.sync.gz.tbi,Spain.Tomelloso.09/02/16
http://berglandlab.uvadcos.io/dest_mapped/pipeline_output/ES_Tom_16_37/ES_Tom_16_37.masked.sync.gz ,ES_Tom_16_37,ES_Tom_16_37.masked.sync.gz,Spain.Tomelloso.10/11/16
http://berglandlab.uvadcos.io/dest_mapped/pipeline_output/ES_Tom_16_37/ES_Tom_16_37.masked.sync.gz.tbi ,ES_Tom_16_37,ES_Tom_16_37.masked.sync.gz.tbi,Spain.Tomelloso.10/11/16
http://berglandlab.uvadcos.io/dest_mapped/pipeline_output/ES_ba_12_fall/ES_ba_12_fall.masked.sync.gz ,ES_ba_12_fall,ES_ba_12_fall.masked.sync.gz,Spain.Barcelona.10/15/12
http://berglandlab.uvadcos.io/dest_mapped/pipeline_output/ES_ba_12_fall/ES_ba_12_fall.masked.sync.gz.tbi ,ES_ba_12_fall,ES_ba_12_fall.masked.sync.gz.tbi,Spain.Barcelona.10/15/12
http://berglandlab.uvadcos.io/dest_mapped/pipeline_output/ES_ba_12_spring/ES_ba_12_spring.masked.sync.gz ,ES_ba_12_spring,ES_ba_12_spring.masked.sync.gz,Spain.Barcelona.07/13/12
http://berglandlab.uvadcos.io/dest_mapped/pipeline_output/ES_ba_12_spring/ES_ba_12_spring.masked.sync.gz.tbi ,ES_ba_12_spring,ES_ba_12_spring.masked.sync.gz.tbi,Spain.Barcelona.07/13/12
http://berglandlab.uvadcos.io/dest_mapped/pipeline_output/FI_Aka_14_36/FI_Aka_14_36.masked.sync.gz ,FI_Aka_14_36,FI_Aka_14_36.masked.sync.gz,Finland.Akaa.07/25/14
http://berglandlab.uvadcos.io/dest_mapped/pipeline_output/FI_Aka_14_36/FI_Aka_14_36.masked.sync.gz.tbi ,FI_Aka_14_36,FI_Aka_14_36.masked.sync.gz.tbi,Finland.Akaa.07/25/14
http://berglandlab.uvadcos.io/dest_mapped/pipeline_output/FI_Aka_14_37/FI_Aka_14_37.masked.sync.gz ,FI_Aka_14_37,FI_Aka_14_37.masked.sync.gz,Finland.Akaa.08/27/14
http://berglandlab.uvadcos.io/dest_mapped/pipeline_output/FI_Aka_14_37/FI_Aka_14_37.masked.sync.gz.tbi ,FI_Aka_14_37,FI_Aka_14_37.masked.sync.gz.tbi,Finland.Akaa.08/27/14
http://berglandlab.uvadcos.io/dest_mapped/pipeline_output/FI_Aka_15_34/FI_Aka_15_34.masked.sync.gz ,FI_Aka_15_34,FI_Aka_15_34.masked.sync.gz,Finland.Akaa.10/01/15
http://berglandlab.uvadcos.io/dest_mapped/pipeline_output/FI_Aka_15_34/FI_Aka_15_34.masked.sync.gz.tbi ,FI_Aka_15_34,FI_Aka_15_34.masked.sync.gz.tbi,Finland.Akaa.10/01/15
http://berglandlab.uvadcos.io/dest_mapped/pipeline_output/FI_Aka_15_35/FI_Aka_15_35.masked.sync.gz ,FI_Aka_15_35,FI_Aka_15_35.masked.sync.gz,Finland.Akaa.07/21/15
http://berglandlab.uvadcos.io/dest_mapped/pipeline_output/FI_Aka_15_35/FI_Aka_15_35.masked.sync.gz.tbi ,FI_Aka_15_35,FI_Aka_15_35.masked.sync.gz.tbi,Finland.Akaa.07/21/15
http://berglandlab.uvadcos.io/dest_mapped/pipeline_output/FI_Aka_16_5/FI_Aka_16_5.masked.sync.gz ,FI_Aka_16_5,FI_Aka_16_5.masked.sync.gz,Finland.Akaa.07/24/16
http://berglandlab.uvadcos.io/dest_mapped/pipeline_output/FI_Aka_16_5/FI_Aka_16_5.masked.sync.gz.tbi ,FI_Aka_16_5,FI_Aka_16_5.masked.sync.gz.tbi,Finland.Akaa.07/24/16
http://berglandlab.uvadcos.io/dest_mapped/pipeline_output/FI_Aka_16_6/FI_Aka_16_6.masked.sync.gz ,FI_Aka_16_6,FI_Aka_16_6.masked.sync.gz,Finland.Akaa.09/17/16
http://berglandlab.uvadcos.io/dest_mapped/pipeline_output/FI_Aka_16_6/FI_Aka_16_6.masked.sync.gz.tbi ,FI_Aka_16_6,FI_Aka_16_6.masked.sync.gz.tbi,Finland.Akaa.09/17/16
http://berglandlab.uvadcos.io/dest_mapped/pipeline_output/FI_Ves_14_38/FI_Ves_14_38.masked.sync.gz ,FI_Ves_14_38,FI_Ves_14_38.masked.sync.gz,Finland.Vesanto.07/26/14
http://berglandlab.uvadcos.io/dest_mapped/pipeline_output/FI_Ves_14_38/FI_Ves_14_38.masked.sync.gz.tbi ,FI_Ves_14_38,FI_Ves_14_38.masked.sync.gz.tbi,Finland.Vesanto.07/26/14
http://berglandlab.uvadcos.io/dest_mapped/pipeline_output/FI_Ves_16_7/FI_Ves_16_7.masked.sync.gz ,FI_Ves_16_7,FI_Ves_16_7.masked.sync.gz,Finland.Vesanto.07/29/16
http://berglandlab.uvadcos.io/dest_mapped/pipeline_output/FI_Ves_16_7/FI_Ves_16_7.masked.sync.gz.tbi ,FI_Ves_16_7,FI_Ves_16_7.masked.sync.gz.tbi,Finland.Vesanto.07/29/16
http://berglandlab.uvadcos.io/dest_mapped/pipeline_output/FL_ho_10_fall/FL_ho_10_fall.masked.sync.gz ,FL_ho_10_fall,FL_ho_10_fall.masked.sync.gz,USA.Homestead.12/15/10
http://berglandlab.uvadcos.io/dest_mapped/pipeline_output/FL_ho_10_fall/FL_ho_10_fall.masked.sync.gz.tbi ,FL_ho_10_fall,FL_ho_10_fall.masked.sync.gz.tbi,USA.Homestead.12/15/10
http://berglandlab.uvadcos.io/dest_mapped/pipeline_output/FL_ho_10_spring/FL_ho_10_spring.masked.sync.gz ,FL_ho_10_spring,FL_ho_10_spring.masked.sync.gz,USA.Homestead.07/15/10
http://berglandlab.uvadcos.io/dest_mapped/pipeline_output/FL_ho_10_spring/FL_ho_10_spring.masked.sync.gz.tbi ,FL_ho_10_spring,FL_ho_10_spring.masked.sync.gz.tbi,USA.Homestead.07/15/10
http://berglandlab.uvadcos.io/dest_mapped/pipeline_output/FR_Got_14_08/FR_Got_14_08.masked.sync.gz ,FR_Got_14_08,FR_Got_14_08.masked.sync.gz,France.Gotheron.07/08/14
http://berglandlab.uvadcos.io/dest_mapped/pipeline_output/FR_Got_14_08/FR_Got_14_08.masked.sync.gz.tbi ,FR_Got_14_08,FR_Got_14_08.masked.sync.gz.tbi,France.Gotheron.07/08/14
http://berglandlab.uvadcos.io/dest_mapped/pipeline_output/FR_Got_15_47/FR_Got_15_47.masked.sync.gz ,FR_Got_15_47,FR_Got_15_47.masked.sync.gz,France.Gotheron.05/21/15
http://berglandlab.uvadcos.io/dest_mapped/pipeline_output/FR_Got_15_47/FR_Got_15_47.masked.sync.gz.tbi ,FR_Got_15_47,FR_Got_15_47.masked.sync.gz.tbi,France.Gotheron.05/21/15
http://berglandlab.uvadcos.io/dest_mapped/pipeline_output/FR_Got_15_48/FR_Got_15_48.masked.sync.gz ,FR_Got_15_48,FR_Got_15_48.masked.sync.gz,France.Gotheron.09/09/15
http://berglandlab.uvadcos.io/dest_mapped/pipeline_output/FR_Got_15_48/FR_Got_15_48.masked.sync.gz.tbi ,FR_Got_15_48,FR_Got_15_48.masked.sync.gz.tbi,France.Gotheron.09/09/15
http://berglandlab.uvadcos.io/dest_mapped/pipeline_output/FR_Got_15_49/FR_Got_15_49.masked.sync.gz ,FR_Got_15_49,FR_Got_15_49.masked.sync.gz,France.Gotheron.10/13/15
http://berglandlab.uvadcos.io/dest_mapped/pipeline_output/FR_Got_15_49/FR_Got_15_49.masked.sync.gz.tbi ,FR_Got_15_49,FR_Got_15_49.masked.sync.gz.tbi,France.Gotheron.10/13/15
http://berglandlab.uvadcos.io/dest_mapped/pipeline_output/FR_Got_16_8/FR_Got_16_8.masked.sync.gz ,FR_Got_16_8,FR_Got_16_8.masked.sync.gz,France.Gotheron.06/13/16
http://berglandlab.uvadcos.io/dest_mapped/pipeline_output/FR_Got_16_8/FR_Got_16_8.masked.sync.gz.tbi ,FR_Got_16_8,FR_Got_16_8.masked.sync.gz.tbi,France.Gotheron.06/13/16
http://berglandlab.uvadcos.io/dest_mapped/pipeline_output/FR_Vil_14_05/FR_Vil_14_05.masked.sync.gz ,FR_Vil_14_05,FR_Vil_14_05.masked.sync.gz,France.Viltain.08/18/14
http://berglandlab.uvadcos.io/dest_mapped/pipeline_output/FR_Vil_14_05/FR_Vil_14_05.masked.sync.gz.tbi ,FR_Vil_14_05,FR_Vil_14_05.masked.sync.gz.tbi,France.Viltain.08/18/14
http://berglandlab.uvadcos.io/dest_mapped/pipeline_output/FR_Vil_14_07/FR_Vil_14_07.masked.sync.gz ,FR_Vil_14_07,FR_Vil_14_07.masked.sync.gz,France.Viltain.10/27/14
http://berglandlab.uvadcos.io/dest_mapped/pipeline_output/FR_Vil_14_07/FR_Vil_14_07.masked.sync.gz.tbi ,FR_Vil_14_07,FR_Vil_14_07.masked.sync.gz.tbi,France.Viltain.10/27/14
http://berglandlab.uvadcos.io/dest_mapped/pipeline_output/FR_Vil_15_40/FR_Vil_15_40.masked.sync.gz ,FR_Vil_15_40,FR_Vil_15_40.masked.sync.gz,France.Viltain.08/10/15
http://berglandlab.uvadcos.io/dest_mapped/pipeline_output/FR_Vil_15_40/FR_Vil_15_40.masked.sync.gz.tbi ,FR_Vil_15_40,FR_Vil_15_40.masked.sync.gz.tbi,France.Viltain.08/10/15
http://berglandlab.uvadcos.io/dest_mapped/pipeline_output/FR_Vil_15_41/FR_Vil_15_41.masked.sync.gz ,FR_Vil_15_41,FR_Vil_15_41.masked.sync.gz,France.Viltain.10/14/15
http://berglandlab.uvadcos.io/dest_mapped/pipeline_output/FR_Vil_15_41/FR_Vil_15_41.masked.sync.gz.tbi ,FR_Vil_15_41,FR_Vil_15_41.masked.sync.gz.tbi,France.Viltain.10/14/15
http://berglandlab.uvadcos.io/dest_mapped/pipeline_output/FR_Vil_16_9/FR_Vil_16_9.masked.sync.gz ,FR_Vil_16_9,FR_Vil_16_9.masked.sync.gz,France.Viltain.08/12/16
http://berglandlab.uvadcos.io/dest_mapped/pipeline_output/FR_Vil_16_9/FR_Vil_16_9.masked.sync.gz.tbi ,FR_Vil_16_9,FR_Vil_16_9.masked.sync.gz.tbi,France.Viltain.08/12/16
http://berglandlab.uvadcos.io/dest_mapped/pipeline_output/GA_at_14_fall/GA_at_14_fall.masked.sync.gz ,GA_at_14_fall,GA_at_14_fall.masked.sync.gz,USA.Athens.10/15/14
http://berglandlab.uvadcos.io/dest_mapped/pipeline_output/GA_at_14_fall/GA_at_14_fall.masked.sync.gz.tbi ,GA_at_14_fall,GA_at_14_fall.masked.sync.gz.tbi,USA.Athens.10/15/14
http://berglandlab.uvadcos.io/dest_mapped/pipeline_output/GA_at_14_spring/GA_at_14_spring.masked.sync.gz ,GA_at_14_spring,GA_at_14_spring.masked.sync.gz,USA.Athens.06/15/14
http://berglandlab.uvadcos.io/dest_mapped/pipeline_output/GA_at_14_spring/GA_at_14_spring.masked.sync.gz.tbi ,GA_at_14_spring,GA_at_14_spring.masked.sync.gz.tbi,USA.Athens.06/15/14
http://berglandlab.uvadcos.io/dest_mapped/pipeline_output/GA_ha_08_spring/GA_ha_08_spring.masked.sync.gz ,GA_ha_08_spring,GA_ha_08_spring.masked.sync.gz,USA.Hahia.07/15/08
http://berglandlab.uvadcos.io/dest_mapped/pipeline_output/GA_ha_08_spring/GA_ha_08_spring.masked.sync.gz.tbi ,GA_ha_08_spring,GA_ha_08_spring.masked.sync.gz.tbi,USA.Hahia.07/15/08
http://berglandlab.uvadcos.io/dest_mapped/pipeline_output/GS_Des_15_1/GS_Des_15_1.masked.sync.gz ,GS_Des_15_1,GS_Des_15_1.masked.sync.gz,Guadeloupe.Deshaies.12/16/15
http://berglandlab.uvadcos.io/dest_mapped/pipeline_output/GS_Des_15_1/GS_Des_15_1.masked.sync.gz.tbi ,GS_Des_15_1,GS_Des_15_1.masked.sync.gz.tbi,Guadeloupe.Deshaies.12/16/15
http://berglandlab.uvadcos.io/dest_mapped/pipeline_output/GS_Sai_15_2/GS_Sai_15_2.masked.sync.gz ,GS_Sai_15_2,GS_Sai_15_2.masked.sync.gz,Guadeloupe.Saint Francois.12/23/15
http://berglandlab.uvadcos.io/dest_mapped/pipeline_output/GS_Sai_15_2/GS_Sai_15_2.masked.sync.gz.tbi ,GS_Sai_15_2,GS_Sai_15_2.masked.sync.gz.tbi,Guadeloupe.Saint Francois.12/23/15
http://berglandlab.uvadcos.io/dest_mapped/pipeline_output/HU_Sze_16_14/HU_Sze_16_14.masked.sync.gz ,HU_Sze_16_14,HU_Sze_16_14.masked.sync.gz,Hungary.Szeged.08/28/16
http://berglandlab.uvadcos.io/dest_mapped/pipeline_output/HU_Sze_16_14/HU_Sze_16_14.masked.sync.gz.tbi ,HU_Sze_16_14,HU_Sze_16_14.masked.sync.gz.tbi,Hungary.Szeged.08/28/16
http://berglandlab.uvadcos.io/dest_mapped/pipeline_output/IL_ur_15_spring/IL_ur_15_spring.masked.sync.gz ,IL_ur_15_spring,IL_ur_15_spring.masked.sync.gz,USA.Urbana.07/11/15
http://berglandlab.uvadcos.io/dest_mapped/pipeline_output/IL_ur_15_spring/IL_ur_15_spring.masked.sync.gz.tbi ,IL_ur_15_spring,IL_ur_15_spring.masked.sync.gz.tbi,USA.Urbana.07/11/15
http://berglandlab.uvadcos.io/dest_mapped/pipeline_output/IT_Mez_15_43/IT_Mez_15_43.masked.sync.gz ,IT_Mez_15_43,IT_Mez_15_43.masked.sync.gz,Italy.Mezzocorona.09/29/15
http://berglandlab.uvadcos.io/dest_mapped/pipeline_output/IT_Mez_15_43/IT_Mez_15_43.masked.sync.gz.tbi ,IT_Mez_15_43,IT_Mez_15_43.masked.sync.gz.tbi,Italy.Mezzocorona.09/29/15
http://berglandlab.uvadcos.io/dest_mapped/pipeline_output/IT_Mez_15_44/IT_Mez_15_44.masked.sync.gz ,IT_Mez_15_44,IT_Mez_15_44.masked.sync.gz,Italy.Mezzolombardo.10/10/15
http://berglandlab.uvadcos.io/dest_mapped/pipeline_output/IT_Mez_15_44/IT_Mez_15_44.masked.sync.gz.tbi ,IT_Mez_15_44,IT_Mez_15_44.masked.sync.gz.tbi,Italy.Mezzolombardo.10/10/15
http://berglandlab.uvadcos.io/dest_mapped/pipeline_output/IT_Tre_16_15/IT_Tre_16_15.masked.sync.gz ,IT_Tre_16_15,IT_Tre_16_15.masked.sync.gz,Italy.Trentino (San Michele a/A).08/24/16
http://berglandlab.uvadcos.io/dest_mapped/pipeline_output/IT_Tre_16_15/IT_Tre_16_15.masked.sync.gz.tbi ,IT_Tre_16_15,IT_Tre_16_15.masked.sync.gz.tbi,Italy.Trentino (San Michele a/A).08/24/16
http://berglandlab.uvadcos.io/dest_mapped/pipeline_output/KA_to_14_fall/KA_to_14_fall.masked.sync.gz ,KA_to_14_fall,KA_to_14_fall.masked.sync.gz,USA.Topeka.10/22/14
http://berglandlab.uvadcos.io/dest_mapped/pipeline_output/KA_to_14_fall/KA_to_14_fall.masked.sync.gz.tbi ,KA_to_14_fall,KA_to_14_fall.masked.sync.gz.tbi,USA.Topeka.10/22/14
http://berglandlab.uvadcos.io/dest_mapped/pipeline_output/KA_to_14_spring/KA_to_14_spring.masked.sync.gz ,KA_to_14_spring,KA_to_14_spring.masked.sync.gz,USA.Topeka.06/22/14
http://berglandlab.uvadcos.io/dest_mapped/pipeline_output/KA_to_14_spring/KA_to_14_spring.masked.sync.gz.tbi ,KA_to_14_spring,KA_to_14_spring.masked.sync.gz.tbi,USA.Topeka.06/22/14
http://berglandlab.uvadcos.io/dest_mapped/pipeline_output/MA_la_12_fall/MA_la_12_fall.masked.sync.gz ,MA_la_12_fall,MA_la_12_fall.masked.sync.gz,USA.Lancaster.10/02/12
http://berglandlab.uvadcos.io/dest_mapped/pipeline_output/MA_la_12_fall/MA_la_12_fall.masked.sync.gz.tbi ,MA_la_12_fall,MA_la_12_fall.masked.sync.gz.tbi,USA.Lancaster.10/02/12
http://berglandlab.uvadcos.io/dest_mapped/pipeline_output/MA_la_12_spring/MA_la_12_spring.masked.sync.gz ,MA_la_12_spring,MA_la_12_spring.masked.sync.gz,USA.Lancaster.07/28/12
http://berglandlab.uvadcos.io/dest_mapped/pipeline_output/MA_la_12_spring/MA_la_12_spring.masked.sync.gz.tbi ,MA_la_12_spring,MA_la_12_spring.masked.sync.gz.tbi,USA.Lancaster.07/28/12
http://berglandlab.uvadcos.io/dest_mapped/pipeline_output/MA_la_14_fall/MA_la_14_fall.masked.sync.gz ,MA_la_14_fall,MA_la_14_fall.masked.sync.gz,USA.Lancaster.10/20/14
http://berglandlab.uvadcos.io/dest_mapped/pipeline_output/MA_la_14_fall/MA_la_14_fall.masked.sync.gz.tbi ,MA_la_14_fall,MA_la_14_fall.masked.sync.gz.tbi,USA.Lancaster.10/20/14
http://berglandlab.uvadcos.io/dest_mapped/pipeline_output/MA_la_14_spring/MA_la_14_spring.masked.sync.gz ,MA_la_14_spring,MA_la_14_spring.masked.sync.gz,USA.Lancaster.07/20/14
http://berglandlab.uvadcos.io/dest_mapped/pipeline_output/MA_la_14_spring/MA_la_14_spring.masked.sync.gz.tbi ,MA_la_14_spring,MA_la_14_spring.masked.sync.gz.tbi,USA.Lancaster.07/20/14
http://berglandlab.uvadcos.io/dest_mapped/pipeline_output/ME_bo_09_fall.r1/ME_bo_09_fall.r1.masked.sync.gz ,ME_bo_09_fall.r1,ME_bo_09_fall.r1.masked.sync.gz,USA.Bowdoin.10/15/09
http://berglandlab.uvadcos.io/dest_mapped/pipeline_output/ME_bo_09_fall.r1/ME_bo_09_fall.r1.masked.sync.gz.tbi ,ME_bo_09_fall.r1,ME_bo_09_fall.r1.masked.sync.gz.tbi,USA.Bowdoin.10/15/09
http://berglandlab.uvadcos.io/dest_mapped/pipeline_output/ME_bo_09_fall.r2/ME_bo_09_fall.r2.masked.sync.gz ,ME_bo_09_fall.r2,ME_bo_09_fall.r2.masked.sync.gz,USA.Bowdoin.10/15/09
http://berglandlab.uvadcos.io/dest_mapped/pipeline_output/ME_bo_09_fall.r2/ME_bo_09_fall.r2.masked.sync.gz.tbi ,ME_bo_09_fall.r2,ME_bo_09_fall.r2.masked.sync.gz.tbi,USA.Bowdoin.10/15/09
http://berglandlab.uvadcos.io/dest_mapped/pipeline_output/MI_bh_14_fall/MI_bh_14_fall.masked.sync.gz ,MI_bh_14_fall,MI_bh_14_fall.masked.sync.gz,USA.Benton Harbor.11/05/14
http://berglandlab.uvadcos.io/dest_mapped/pipeline_output/MI_bh_14_fall/MI_bh_14_fall.masked.sync.gz.tbi ,MI_bh_14_fall,MI_bh_14_fall.masked.sync.gz.tbi,USA.Benton Harbor.11/05/14
http://berglandlab.uvadcos.io/dest_mapped/pipeline_output/MI_bh_14_spring/MI_bh_14_spring.masked.sync.gz ,MI_bh_14_spring,MI_bh_14_spring.masked.sync.gz,USA.Benton Harbor.07/26/14
http://berglandlab.uvadcos.io/dest_mapped/pipeline_output/MI_bh_14_spring/MI_bh_14_spring.masked.sync.gz.tbi ,MI_bh_14_spring,MI_bh_14_spring.masked.sync.gz.tbi,USA.Benton Harbor.07/26/14
http://berglandlab.uvadcos.io/dest_mapped/pipeline_output/NC_ra_03_n/NC_ra_03_n.masked.sync.gz ,NC_ra_03_n,NC_ra_03_n.masked.sync.gz,USA.Raleigh.06/25/05
http://berglandlab.uvadcos.io/dest_mapped/pipeline_output/NC_ra_03_n/NC_ra_03_n.masked.sync.gz.tbi ,NC_ra_03_n,NC_ra_03_n.masked.sync.gz.tbi,USA.Raleigh.06/25/05
http://berglandlab.uvadcos.io/dest_mapped/pipeline_output/NY_it_12_fall/NY_it_12_fall.masked.sync.gz ,NY_it_12_fall,NY_it_12_fall.masked.sync.gz,USA.Ithaca.09/23/12
http://berglandlab.uvadcos.io/dest_mapped/pipeline_output/NY_it_12_fall/NY_it_12_fall.masked.sync.gz.tbi ,NY_it_12_fall,NY_it_12_fall.masked.sync.gz.tbi,USA.Ithaca.09/23/12
http://berglandlab.uvadcos.io/dest_mapped/pipeline_output/NY_it_12_spring/NY_it_12_spring.masked.sync.gz ,NY_it_12_spring,NY_it_12_spring.masked.sync.gz,USA.Ithaca.07/25/12
http://berglandlab.uvadcos.io/dest_mapped/pipeline_output/NY_it_12_spring/NY_it_12_spring.masked.sync.gz.tbi ,NY_it_12_spring,NY_it_12_spring.masked.sync.gz.tbi,USA.Ithaca.07/25/12
http://berglandlab.uvadcos.io/dest_mapped/pipeline_output/ON_su_15_fall/ON_su_15_fall.masked.sync.gz ,ON_su_15_fall,ON_su_15_fall.masked.sync.gz,Canada.Sudbury.09/30/15
http://berglandlab.uvadcos.io/dest_mapped/pipeline_output/ON_su_15_fall/ON_su_15_fall.masked.sync.gz.tbi ,ON_su_15_fall,ON_su_15_fall.masked.sync.gz.tbi,Canada.Sudbury.09/30/15
http://berglandlab.uvadcos.io/dest_mapped/pipeline_output/ON_su_15_spring/ON_su_15_spring.masked.sync.gz ,ON_su_15_spring,ON_su_15_spring.masked.sync.gz,Canada.Sudbury.08/03/15
http://berglandlab.uvadcos.io/dest_mapped/pipeline_output/ON_su_15_spring/ON_su_15_spring.masked.sync.gz.tbi ,ON_su_15_spring,ON_su_15_spring.masked.sync.gz.tbi,Canada.Sudbury.08/03/15
http://berglandlab.uvadcos.io/dest_mapped/pipeline_output/PA_li_09_fall/PA_li_09_fall.masked.sync.gz ,PA_li_09_fall,PA_li_09_fall.masked.sync.gz,USA.Linvilla.11/15/09
http://berglandlab.uvadcos.io/dest_mapped/pipeline_output/PA_li_09_fall/PA_li_09_fall.masked.sync.gz.tbi ,PA_li_09_fall,PA_li_09_fall.masked.sync.gz.tbi,USA.Linvilla.11/15/09
http://berglandlab.uvadcos.io/dest_mapped/pipeline_output/PA_li_09_spring/PA_li_09_spring.masked.sync.gz ,PA_li_09_spring,PA_li_09_spring.masked.sync.gz,USA.Linvilla.07/15/09
http://berglandlab.uvadcos.io/dest_mapped/pipeline_output/PA_li_09_spring/PA_li_09_spring.masked.sync.gz.tbi ,PA_li_09_spring,PA_li_09_spring.masked.sync.gz.tbi,USA.Linvilla.07/15/09
http://berglandlab.uvadcos.io/dest_mapped/pipeline_output/PA_li_10_fall/PA_li_10_fall.masked.sync.gz ,PA_li_10_fall,PA_li_10_fall.masked.sync.gz,USA.Linvilla.11/15/10
http://berglandlab.uvadcos.io/dest_mapped/pipeline_output/PA_li_10_fall/PA_li_10_fall.masked.sync.gz.tbi ,PA_li_10_fall,PA_li_10_fall.masked.sync.gz.tbi,USA.Linvilla.11/15/10
http://berglandlab.uvadcos.io/dest_mapped/pipeline_output/PA_li_10_spring/PA_li_10_spring.masked.sync.gz ,PA_li_10_spring,PA_li_10_spring.masked.sync.gz,USA.Linvilla.07/15/10
http://berglandlab.uvadcos.io/dest_mapped/pipeline_output/PA_li_10_spring/PA_li_10_spring.masked.sync.gz.tbi ,PA_li_10_spring,PA_li_10_spring.masked.sync.gz.tbi,USA.Linvilla.07/15/10
http://berglandlab.uvadcos.io/dest_mapped/pipeline_output/PA_li_11_fall/PA_li_11_fall.masked.sync.gz ,PA_li_11_fall,PA_li_11_fall.masked.sync.gz,USA.Linvilla.10/15/11
http://berglandlab.uvadcos.io/dest_mapped/pipeline_output/PA_li_11_fall/PA_li_11_fall.masked.sync.gz.tbi ,PA_li_11_fall,PA_li_11_fall.masked.sync.gz.tbi,USA.Linvilla.10/15/11
http://berglandlab.uvadcos.io/dest_mapped/pipeline_output/PA_li_11_frost/PA_li_11_frost.masked.sync.gz ,PA_li_11_frost,PA_li_11_frost.masked.sync.gz,USA.Linvilla.11/15/11
http://berglandlab.uvadcos.io/dest_mapped/pipeline_output/PA_li_11_frost/PA_li_11_frost.masked.sync.gz.tbi ,PA_li_11_frost,PA_li_11_frost.masked.sync.gz.tbi,USA.Linvilla.11/15/11
http://berglandlab.uvadcos.io/dest_mapped/pipeline_output/PA_li_11_spring/PA_li_11_spring.masked.sync.gz ,PA_li_11_spring,PA_li_11_spring.masked.sync.gz,USA.Linvilla.07/15/11
http://berglandlab.uvadcos.io/dest_mapped/pipeline_output/PA_li_11_spring/PA_li_11_spring.masked.sync.gz.tbi ,PA_li_11_spring,PA_li_11_spring.masked.sync.gz.tbi,USA.Linvilla.07/15/11
http://berglandlab.uvadcos.io/dest_mapped/pipeline_output/PA_li_12_fall/PA_li_12_fall.masked.sync.gz ,PA_li_12_fall,PA_li_12_fall.masked.sync.gz,USA.Linvilla.10/10/12
http://berglandlab.uvadcos.io/dest_mapped/pipeline_output/PA_li_12_fall/PA_li_12_fall.masked.sync.gz.tbi ,PA_li_12_fall,PA_li_12_fall.masked.sync.gz.tbi,USA.Linvilla.10/10/12
http://berglandlab.uvadcos.io/dest_mapped/pipeline_output/PA_li_12_spring/PA_li_12_spring.masked.sync.gz ,PA_li_12_spring,PA_li_12_spring.masked.sync.gz,USA.Linvilla.07/16/12
http://berglandlab.uvadcos.io/dest_mapped/pipeline_output/PA_li_12_spring/PA_li_12_spring.masked.sync.gz.tbi ,PA_li_12_spring,PA_li_12_spring.masked.sync.gz.tbi,USA.Linvilla.07/16/12
http://berglandlab.uvadcos.io/dest_mapped/pipeline_output/PA_li_12_sum/PA_li_12_sum.masked.sync.gz ,PA_li_12_sum,PA_li_12_sum.masked.sync.gz,USA.Linvilla.09/13/12
http://berglandlab.uvadcos.io/dest_mapped/pipeline_output/PA_li_12_sum/PA_li_12_sum.masked.sync.gz.tbi ,PA_li_12_sum,PA_li_12_sum.masked.sync.gz.tbi,USA.Linvilla.09/13/12
http://berglandlab.uvadcos.io/dest_mapped/pipeline_output/PA_li_13_spring/PA_li_13_spring.masked.sync.gz ,PA_li_13_spring,PA_li_13_spring.masked.sync.gz,USA.Linvilla.06/15/13
http://berglandlab.uvadcos.io/dest_mapped/pipeline_output/PA_li_13_spring/PA_li_13_spring.masked.sync.gz.tbi ,PA_li_13_spring,PA_li_13_spring.masked.sync.gz.tbi,USA.Linvilla.06/15/13
http://berglandlab.uvadcos.io/dest_mapped/pipeline_output/PA_li_14_fall/PA_li_14_fall.masked.sync.gz ,PA_li_14_fall,PA_li_14_fall.masked.sync.gz,USA.Linvilla.10/17/14
http://berglandlab.uvadcos.io/dest_mapped/pipeline_output/PA_li_14_fall/PA_li_14_fall.masked.sync.gz.tbi ,PA_li_14_fall,PA_li_14_fall.masked.sync.gz.tbi,USA.Linvilla.10/17/14
http://berglandlab.uvadcos.io/dest_mapped/pipeline_output/PA_li_14_spring/PA_li_14_spring.masked.sync.gz ,PA_li_14_spring,PA_li_14_spring.masked.sync.gz,USA.Linvilla.06/27/14
http://berglandlab.uvadcos.io/dest_mapped/pipeline_output/PA_li_14_spring/PA_li_14_spring.masked.sync.gz.tbi ,PA_li_14_spring,PA_li_14_spring.masked.sync.gz.tbi,USA.Linvilla.06/27/14
http://berglandlab.uvadcos.io/dest_mapped/pipeline_output/PA_li_15_fall/PA_li_15_fall.masked.sync.gz ,PA_li_15_fall,PA_li_15_fall.masked.sync.gz,USA.Linvilla.10/15/15
http://berglandlab.uvadcos.io/dest_mapped/pipeline_output/PA_li_15_fall/PA_li_15_fall.masked.sync.gz.tbi ,PA_li_15_fall,PA_li_15_fall.masked.sync.gz.tbi,USA.Linvilla.10/15/15
http://berglandlab.uvadcos.io/dest_mapped/pipeline_output/PA_li_15_spring/PA_li_15_spring.masked.sync.gz ,PA_li_15_spring,PA_li_15_spring.masked.sync.gz,USA.Linvilla.07/15/15
http://berglandlab.uvadcos.io/dest_mapped/pipeline_output/PA_li_15_spring/PA_li_15_spring.masked.sync.gz.tbi ,PA_li_15_spring,PA_li_15_spring.masked.sync.gz.tbi,USA.Linvilla.07/15/15
http://berglandlab.uvadcos.io/dest_mapped/pipeline_output/PA_st_14_fall/PA_st_14_fall.masked.sync.gz ,PA_st_14_fall,PA_st_14_fall.masked.sync.gz,USA.State College.10/16/14
http://berglandlab.uvadcos.io/dest_mapped/pipeline_output/PA_st_14_fall/PA_st_14_fall.masked.sync.gz.tbi ,PA_st_14_fall,PA_st_14_fall.masked.sync.gz.tbi,USA.State College.10/16/14
http://berglandlab.uvadcos.io/dest_mapped/pipeline_output/PA_st_14_spring/PA_st_14_spring.masked.sync.gz ,PA_st_14_spring,PA_st_14_spring.masked.sync.gz,USA.State College.06/18/14
http://berglandlab.uvadcos.io/dest_mapped/pipeline_output/PA_st_14_spring/PA_st_14_spring.masked.sync.gz.tbi ,PA_st_14_spring,PA_st_14_spring.masked.sync.gz.tbi,USA.State College.06/18/14
http://berglandlab.uvadcos.io/dest_mapped/pipeline_output/PA_st_15_spring/PA_st_15_spring.masked.sync.gz ,PA_st_15_spring,PA_st_15_spring.masked.sync.gz,USA.State College.07/18/15
http://berglandlab.uvadcos.io/dest_mapped/pipeline_output/PA_st_15_spring/PA_st_15_spring.masked.sync.gz.tbi ,PA_st_15_spring,PA_st_15_spring.masked.sync.gz.tbi,USA.State College.07/18/15
http://berglandlab.uvadcos.io/dest_mapped/pipeline_output/PO_Brz_15_12/PO_Brz_15_12.masked.sync.gz ,PO_Brz_15_12,PO_Brz_15_12.masked.sync.gz,Poland.Brzezina.09/28/15
http://berglandlab.uvadcos.io/dest_mapped/pipeline_output/PO_Brz_15_12/PO_Brz_15_12.masked.sync.gz.tbi ,PO_Brz_15_12,PO_Brz_15_12.masked.sync.gz.tbi,Poland.Brzezina.09/28/15
http://berglandlab.uvadcos.io/dest_mapped/pipeline_output/PO_Brz_16_17/PO_Brz_16_17.masked.sync.gz ,PO_Brz_16_17,PO_Brz_16_17.masked.sync.gz,Poland.Brzezina.08/08/16
http://berglandlab.uvadcos.io/dest_mapped/pipeline_output/PO_Brz_16_17/PO_Brz_16_17.masked.sync.gz.tbi ,PO_Brz_16_17,PO_Brz_16_17.masked.sync.gz.tbi,Poland.Brzezina.08/08/16
http://berglandlab.uvadcos.io/dest_mapped/pipeline_output/PO_Gda_16_16/PO_Gda_16_16.masked.sync.gz ,PO_Gda_16_16,PO_Gda_16_16.masked.sync.gz,Poland.Gdansk.08/01/16
http://berglandlab.uvadcos.io/dest_mapped/pipeline_output/PO_Gda_16_16/PO_Gda_16_16.masked.sync.gz.tbi ,PO_Gda_16_16,PO_Gda_16_16.masked.sync.gz.tbi,Poland.Gdansk.08/01/16
http://berglandlab.uvadcos.io/dest_mapped/pipeline_output/PT_Rec_14_33/PT_Rec_14_33.masked.sync.gz ,PT_Rec_14_33,PT_Rec_14_33.masked.sync.gz,Portugal.Recarei.09/26/14
http://berglandlab.uvadcos.io/dest_mapped/pipeline_output/PT_Rec_14_33/PT_Rec_14_33.masked.sync.gz.tbi ,PT_Rec_14_33,PT_Rec_14_33.masked.sync.gz.tbi,Portugal.Recarei.09/26/14
http://berglandlab.uvadcos.io/dest_mapped/pipeline_output/PT_Rec_15_16/PT_Rec_15_16.masked.sync.gz ,PT_Rec_15_16,PT_Rec_15_16.masked.sync.gz,Portugal.Recarei.09/01/15
http://berglandlab.uvadcos.io/dest_mapped/pipeline_output/PT_Rec_15_16/PT_Rec_15_16.masked.sync.gz.tbi ,PT_Rec_15_16,PT_Rec_15_16.masked.sync.gz.tbi,Portugal.Recarei.09/01/15
http://berglandlab.uvadcos.io/dest_mapped/pipeline_output/PT_Rec_16_18/PT_Rec_16_18.masked.sync.gz ,PT_Rec_16_18,PT_Rec_16_18.masked.sync.gz,Portugal.Recarei.10/01/16
http://berglandlab.uvadcos.io/dest_mapped/pipeline_output/PT_Rec_16_18/PT_Rec_16_18.masked.sync.gz.tbi ,PT_Rec_16_18,PT_Rec_16_18.masked.sync.gz.tbi,Portugal.Recarei.10/01/16
http://berglandlab.uvadcos.io/dest_mapped/pipeline_output/RS_Kal_16_28/RS_Kal_16_28.masked.sync.gz ,RS_Kal_16_28,RS_Kal_16_28.masked.sync.gz,Serbia.Kalna.06/30/16
http://berglandlab.uvadcos.io/dest_mapped/pipeline_output/RS_Kal_16_28/RS_Kal_16_28.masked.sync.gz.tbi ,RS_Kal_16_28,RS_Kal_16_28.masked.sync.gz.tbi,Serbia.Kalna.06/30/16
http://berglandlab.uvadcos.io/dest_mapped/pipeline_output/RS_Kal_16_29/RS_Kal_16_29.masked.sync.gz ,RS_Kal_16_29,RS_Kal_16_29.masked.sync.gz,Serbia.Kalna.09/13/16
http://berglandlab.uvadcos.io/dest_mapped/pipeline_output/RS_Kal_16_29/RS_Kal_16_29.masked.sync.gz.tbi ,RS_Kal_16_29,RS_Kal_16_29.masked.sync.gz.tbi,Serbia.Kalna.09/13/16
http://berglandlab.uvadcos.io/dest_mapped/pipeline_output/RS_Sla_16_30/RS_Sla_16_30.masked.sync.gz ,RS_Sla_16_30,RS_Sla_16_30.masked.sync.gz,Serbia.Slankamen. Vinogradi.06/18/16
http://berglandlab.uvadcos.io/dest_mapped/pipeline_output/RS_Sla_16_30/RS_Sla_16_30.masked.sync.gz.tbi ,RS_Sla_16_30,RS_Sla_16_30.masked.sync.gz.tbi,Serbia.Slankamen. Vinogradi.06/18/16
http://berglandlab.uvadcos.io/dest_mapped/pipeline_output/RS_Sla_16_31/RS_Sla_16_31.masked.sync.gz ,RS_Sla_16_31,RS_Sla_16_31.masked.sync.gz,Serbia.Slankamen. Vinogradi.09/09/16
http://berglandlab.uvadcos.io/dest_mapped/pipeline_output/RS_Sla_16_31/RS_Sla_16_31.masked.sync.gz.tbi ,RS_Sla_16_31,RS_Sla_16_31.masked.sync.gz.tbi,Serbia.Slankamen. Vinogradi.09/09/16
http://berglandlab.uvadcos.io/dest_mapped/pipeline_output/RU_Ale_15_55/RU_Ale_15_55.masked.sync.gz ,RU_Ale_15_55,RU_Ale_15_55.masked.sync.gz,Russia.Alexandrov.09/15/15
http://berglandlab.uvadcos.io/dest_mapped/pipeline_output/RU_Ale_15_55/RU_Ale_15_55.masked.sync.gz.tbi ,RU_Ale_15_55,RU_Ale_15_55.masked.sync.gz.tbi,Russia.Alexandrov.09/15/15
http://berglandlab.uvadcos.io/dest_mapped/pipeline_output/RU_Ale_16_22/RU_Ale_16_22.masked.sync.gz ,RU_Ale_16_22,RU_Ale_16_22.masked.sync.gz,Russia.Alexandrov.10/15/16
http://berglandlab.uvadcos.io/dest_mapped/pipeline_output/RU_Ale_16_22/RU_Ale_16_22.masked.sync.gz.tbi ,RU_Ale_16_22,RU_Ale_16_22.masked.sync.gz.tbi,Russia.Alexandrov.10/15/16
http://berglandlab.uvadcos.io/dest_mapped/pipeline_output/RU_Val_14_51/RU_Val_14_51.masked.sync.gz ,RU_Val_14_51,RU_Val_14_51.masked.sync.gz,Russia.Valday.08/17/14
http://berglandlab.uvadcos.io/dest_mapped/pipeline_output/RU_Val_14_51/RU_Val_14_51.masked.sync.gz.tbi ,RU_Val_14_51,RU_Val_14_51.masked.sync.gz.tbi,Russia.Valday.08/17/14
http://berglandlab.uvadcos.io/dest_mapped/pipeline_output/RU_Val_16_19/RU_Val_16_19.masked.sync.gz ,RU_Val_16_19,RU_Val_16_19.masked.sync.gz,Russia.Valday.08/23/16
http://berglandlab.uvadcos.io/dest_mapped/pipeline_output/RU_Val_16_19/RU_Val_16_19.masked.sync.gz.tbi ,RU_Val_16_19,RU_Val_16_19.masked.sync.gz.tbi,Russia.Valday.08/23/16
http://berglandlab.uvadcos.io/dest_mapped/pipeline_output/RU_Val_16_20/RU_Val_16_20.masked.sync.gz ,RU_Val_16_20,RU_Val_16_20.masked.sync.gz,Russia.Valday.09/29/16
http://berglandlab.uvadcos.io/dest_mapped/pipeline_output/RU_Val_16_20/RU_Val_16_20.masked.sync.gz.tbi ,RU_Val_16_20,RU_Val_16_20.masked.sync.gz.tbi,Russia.Valday.09/29/16
http://berglandlab.uvadcos.io/dest_mapped/pipeline_output/RU_Val_16_21/RU_Val_16_21.masked.sync.gz ,RU_Val_16_21,RU_Val_16_21.masked.sync.gz,Russia.Valday.10/24/16
http://berglandlab.uvadcos.io/dest_mapped/pipeline_output/RU_Val_16_21/RU_Val_16_21.masked.sync.gz.tbi ,RU_Val_16_21,RU_Val_16_21.masked.sync.gz.tbi,Russia.Valday.10/24/16
http://berglandlab.uvadcos.io/dest_mapped/pipeline_output/RU_tul_15_37/RU_tul_15_37.masked.sync.gz ,RU_tul_15_37,RU_tul_15_37.masked.sync.gz,Russia.tula.09/20/15
http://berglandlab.uvadcos.io/dest_mapped/pipeline_output/RU_tul_15_37/RU_tul_15_37.masked.sync.gz.tbi ,RU_tul_15_37,RU_tul_15_37.masked.sync.gz.tbi,Russia.tula.09/20/15
http://berglandlab.uvadcos.io/dest_mapped/pipeline_output/RU_val_15_36/RU_val_15_36.masked.sync.gz ,RU_val_15_36,RU_val_15_36.masked.sync.gz,Russia.valday.08/23/15
http://berglandlab.uvadcos.io/dest_mapped/pipeline_output/RU_val_15_36/RU_val_15_36.masked.sync.gz.tbi ,RU_val_15_36,RU_val_15_36.masked.sync.gz.tbi,Russia.valday.08/23/15
http://berglandlab.uvadcos.io/dest_mapped/pipeline_output/RU_val_15_38/RU_val_15_38.masked.sync.gz ,RU_val_15_38,RU_val_15_38.masked.sync.gz,Russia.valday.10/05/15
http://berglandlab.uvadcos.io/dest_mapped/pipeline_output/RU_val_15_38/RU_val_15_38.masked.sync.gz.tbi ,RU_val_15_38,RU_val_15_38.masked.sync.gz.tbi,Russia.valday.10/05/15
http://berglandlab.uvadcos.io/dest_mapped/pipeline_output/SC_eu_10_spring/SC_eu_10_spring.masked.sync.gz ,SC_eu_10_spring,SC_eu_10_spring.masked.sync.gz,USA.Eutawville.07/15/10
http://berglandlab.uvadcos.io/dest_mapped/pipeline_output/SC_eu_10_spring/SC_eu_10_spring.masked.sync.gz.tbi ,SC_eu_10_spring,SC_eu_10_spring.masked.sync.gz.tbi,USA.Eutawville.07/15/10
http://berglandlab.uvadcos.io/dest_mapped/pipeline_output/SE_Lun_14_30/SE_Lun_14_30.masked.sync.gz ,SE_Lun_14_30,SE_Lun_14_30.masked.sync.gz,Sweden.Lund.07/31/14
http://berglandlab.uvadcos.io/dest_mapped/pipeline_output/SE_Lun_14_30/SE_Lun_14_30.masked.sync.gz.tbi ,SE_Lun_14_30,SE_Lun_14_30.masked.sync.gz.tbi,Sweden.Lund.07/31/14
http://berglandlab.uvadcos.io/dest_mapped/pipeline_output/SE_Lun_15_14/SE_Lun_15_14.masked.sync.gz ,SE_Lun_15_14,SE_Lun_15_14.masked.sync.gz,Sweden.Lund.08/24/15
http://berglandlab.uvadcos.io/dest_mapped/pipeline_output/SE_Lun_15_14/SE_Lun_15_14.masked.sync.gz.tbi ,SE_Lun_15_14,SE_Lun_15_14.masked.sync.gz.tbi,Sweden.Lund.08/24/15
http://berglandlab.uvadcos.io/dest_mapped/pipeline_output/SE_Lun_15_15/SE_Lun_15_15.masked.sync.gz ,SE_Lun_15_15,SE_Lun_15_15.masked.sync.gz,Sweden.Lund.08/08/15
http://berglandlab.uvadcos.io/dest_mapped/pipeline_output/SE_Lun_15_15/SE_Lun_15_15.masked.sync.gz.tbi ,SE_Lun_15_15,SE_Lun_15_15.masked.sync.gz.tbi,Sweden.Lund.08/08/15
http://berglandlab.uvadcos.io/dest_mapped/pipeline_output/TR_Yes_14_03/TR_Yes_14_03.masked.sync.gz ,TR_Yes_14_03,TR_Yes_14_03.masked.sync.gz,Turkey.Yesiloz.08/31/14
http://berglandlab.uvadcos.io/dest_mapped/pipeline_output/TR_Yes_14_03/TR_Yes_14_03.masked.sync.gz.tbi ,TR_Yes_14_03,TR_Yes_14_03.masked.sync.gz.tbi,Turkey.Yesiloz.08/31/14
http://berglandlab.uvadcos.io/dest_mapped/pipeline_output/TR_Yes_14_04/TR_Yes_14_04.masked.sync.gz ,TR_Yes_14_04,TR_Yes_14_04.masked.sync.gz,Turkey.Yesiloz.10/23/14
http://berglandlab.uvadcos.io/dest_mapped/pipeline_output/TR_Yes_14_04/TR_Yes_14_04.masked.sync.gz.tbi ,TR_Yes_14_04,TR_Yes_14_04.masked.sync.gz.tbi,Turkey.Yesiloz.10/23/14
http://berglandlab.uvadcos.io/dest_mapped/pipeline_output/TR_Yes_15_3/TR_Yes_15_3.masked.sync.gz ,TR_Yes_15_3,TR_Yes_15_3.masked.sync.gz,Turkey.Yesiloz.05/01/15
http://berglandlab.uvadcos.io/dest_mapped/pipeline_output/TR_Yes_15_3/TR_Yes_15_3.masked.sync.gz.tbi ,TR_Yes_15_3,TR_Yes_15_3.masked.sync.gz.tbi,Turkey.Yesiloz.05/01/15
http://berglandlab.uvadcos.io/dest_mapped/pipeline_output/TR_Yes_15_4/TR_Yes_15_4.masked.sync.gz ,TR_Yes_15_4,TR_Yes_15_4.masked.sync.gz,Turkey.Yesiloz.06/01/15
http://berglandlab.uvadcos.io/dest_mapped/pipeline_output/TR_Yes_15_4/TR_Yes_15_4.masked.sync.gz.tbi ,TR_Yes_15_4,TR_Yes_15_4.masked.sync.gz.tbi,Turkey.Yesiloz.06/01/15
http://berglandlab.uvadcos.io/dest_mapped/pipeline_output/TR_Yes_15_5/TR_Yes_15_5.masked.sync.gz ,TR_Yes_15_5,TR_Yes_15_5.masked.sync.gz,Turkey.Yesiloz.07/28/15
http://berglandlab.uvadcos.io/dest_mapped/pipeline_output/TR_Yes_15_5/TR_Yes_15_5.masked.sync.gz.tbi ,TR_Yes_15_5,TR_Yes_15_5.masked.sync.gz.tbi,Turkey.Yesiloz.07/28/15
http://berglandlab.uvadcos.io/dest_mapped/pipeline_output/TR_Yes_15_6/TR_Yes_15_6.masked.sync.gz ,TR_Yes_15_6,TR_Yes_15_6.masked.sync.gz,Turkey.Yesiloz.08/27/15
http://berglandlab.uvadcos.io/dest_mapped/pipeline_output/TR_Yes_15_6/TR_Yes_15_6.masked.sync.gz.tbi ,TR_Yes_15_6,TR_Yes_15_6.masked.sync.gz.tbi,Turkey.Yesiloz.08/27/15
http://berglandlab.uvadcos.io/dest_mapped/pipeline_output/TR_Yes_15_7/TR_Yes_15_7.masked.sync.gz ,TR_Yes_15_7,TR_Yes_15_7.masked.sync.gz,Turkey.Yesiloz.09/17/15
http://berglandlab.uvadcos.io/dest_mapped/pipeline_output/TR_Yes_15_7/TR_Yes_15_7.masked.sync.gz.tbi ,TR_Yes_15_7,TR_Yes_15_7.masked.sync.gz.tbi,Turkey.Yesiloz.09/17/15
http://berglandlab.uvadcos.io/dest_mapped/pipeline_output/TR_Yes_15_8/TR_Yes_15_8.masked.sync.gz ,TR_Yes_15_8,TR_Yes_15_8.masked.sync.gz,Turkey.Yesiloz.10/15/15
http://berglandlab.uvadcos.io/dest_mapped/pipeline_output/TR_Yes_15_8/TR_Yes_15_8.masked.sync.gz.tbi ,TR_Yes_15_8,TR_Yes_15_8.masked.sync.gz.tbi,Turkey.Yesiloz.10/15/15
http://berglandlab.uvadcos.io/dest_mapped/pipeline_output/TR_Yes_16_39/TR_Yes_16_39.masked.sync.gz ,TR_Yes_16_39,TR_Yes_16_39.masked.sync.gz,Turkey.Yesiloz TR13.05/26/16
http://berglandlab.uvadcos.io/dest_mapped/pipeline_output/TR_Yes_16_39/TR_Yes_16_39.masked.sync.gz.tbi ,TR_Yes_16_39,TR_Yes_16_39.masked.sync.gz.tbi,Turkey.Yesiloz TR13.05/26/16
http://berglandlab.uvadcos.io/dest_mapped/pipeline_output/TR_Yes_16_40/TR_Yes_16_40.masked.sync.gz ,TR_Yes_16_40,TR_Yes_16_40.masked.sync.gz,Turkey.Yesiloz TR14.06/25/16
http://berglandlab.uvadcos.io/dest_mapped/pipeline_output/TR_Yes_16_40/TR_Yes_16_40.masked.sync.gz.tbi ,TR_Yes_16_40,TR_Yes_16_40.masked.sync.gz.tbi,Turkey.Yesiloz TR14.06/25/16
http://berglandlab.uvadcos.io/dest_mapped/pipeline_output/TR_Yes_16_41/TR_Yes_16_41.masked.sync.gz ,TR_Yes_16_41,TR_Yes_16_41.masked.sync.gz,Turkey.Yesiloz TR15.07/27/16
http://berglandlab.uvadcos.io/dest_mapped/pipeline_output/TR_Yes_16_41/TR_Yes_16_41.masked.sync.gz.tbi ,TR_Yes_16_41,TR_Yes_16_41.masked.sync.gz.tbi,Turkey.Yesiloz TR15.07/27/16
http://berglandlab.uvadcos.io/dest_mapped/pipeline_output/TR_Yes_16_42/TR_Yes_16_42.masked.sync.gz ,TR_Yes_16_42,TR_Yes_16_42.masked.sync.gz,Turkey.Yesiloz TR16.08/24/16
http://berglandlab.uvadcos.io/dest_mapped/pipeline_output/TR_Yes_16_42/TR_Yes_16_42.masked.sync.gz.tbi ,TR_Yes_16_42,TR_Yes_16_42.masked.sync.gz.tbi,Turkey.Yesiloz TR16.08/24/16
http://berglandlab.uvadcos.io/dest_mapped/pipeline_output/TR_Yes_16_43/TR_Yes_16_43.masked.sync.gz ,TR_Yes_16_43,TR_Yes_16_43.masked.sync.gz,Turkey.Yesiloz TR17.09/27/16
http://berglandlab.uvadcos.io/dest_mapped/pipeline_output/TR_Yes_16_43/TR_Yes_16_43.masked.sync.gz.tbi ,TR_Yes_16_43,TR_Yes_16_43.masked.sync.gz.tbi,Turkey.Yesiloz TR17.09/27/16
http://berglandlab.uvadcos.io/dest_mapped/pipeline_output/TR_Yes_16_52/TR_Yes_16_52.masked.sync.gz ,TR_Yes_16_52,TR_Yes_16_52.masked.sync.gz,Turkey.Yesiloz TR18.10/13/16
http://berglandlab.uvadcos.io/dest_mapped/pipeline_output/TR_Yes_16_52/TR_Yes_16_52.masked.sync.gz.tbi ,TR_Yes_16_52,TR_Yes_16_52.masked.sync.gz.tbi,Turkey.Yesiloz TR18.10/13/16
http://berglandlab.uvadcos.io/dest_mapped/pipeline_output/UA_Che_14_28/UA_Che_14_28.masked.sync.gz ,UA_Che_14_28,UA_Che_14_28.masked.sync.gz,Ukraine.Chornobyl (Cooling pond).09/13/14
http://berglandlab.uvadcos.io/dest_mapped/pipeline_output/UA_Che_14_28/UA_Che_14_28.masked.sync.gz.tbi ,UA_Che_14_28,UA_Che_14_28.masked.sync.gz.tbi,Ukraine.Chornobyl (Cooling pond).09/13/14
http://berglandlab.uvadcos.io/dest_mapped/pipeline_output/UA_Che_14_29/UA_Che_14_29.masked.sync.gz ,UA_Che_14_29,UA_Che_14_29.masked.sync.gz,Ukraine.Chornobyl Yaniv.09/13/14
http://berglandlab.uvadcos.io/dest_mapped/pipeline_output/UA_Che_14_29/UA_Che_14_29.masked.sync.gz.tbi ,UA_Che_14_29,UA_Che_14_29.masked.sync.gz.tbi,Ukraine.Chornobyl Yaniv.09/13/14
http://berglandlab.uvadcos.io/dest_mapped/pipeline_output/UA_Che_14_47/UA_Che_14_47.masked.sync.gz ,UA_Che_14_47,UA_Che_14_47.masked.sync.gz,Ukraine.Chornobyl Applegarden.09/13/14
http://berglandlab.uvadcos.io/dest_mapped/pipeline_output/UA_Che_14_47/UA_Che_14_47.masked.sync.gz.tbi ,UA_Che_14_47,UA_Che_14_47.masked.sync.gz.tbi,Ukraine.Chornobyl Applegarden.09/13/14
http://berglandlab.uvadcos.io/dest_mapped/pipeline_output/UA_Che_14_48/UA_Che_14_48.masked.sync.gz ,UA_Che_14_48,UA_Che_14_48.masked.sync.gz,Ukraine.Chornobyl Polisske.09/13/14
http://berglandlab.uvadcos.io/dest_mapped/pipeline_output/UA_Che_14_48/UA_Che_14_48.masked.sync.gz.tbi ,UA_Che_14_48,UA_Che_14_48.masked.sync.gz.tbi,Ukraine.Chornobyl Polisske.09/13/14
http://berglandlab.uvadcos.io/dest_mapped/pipeline_output/UA_Cho_15_24/UA_Cho_15_24.masked.sync.gz ,UA_Cho_15_24,UA_Cho_15_24.masked.sync.gz,Ukraine.Chornobyl Applegarden.08/20/15
http://berglandlab.uvadcos.io/dest_mapped/pipeline_output/UA_Cho_15_24/UA_Cho_15_24.masked.sync.gz.tbi ,UA_Cho_15_24,UA_Cho_15_24.masked.sync.gz.tbi,Ukraine.Chornobyl Applegarden.08/20/15
http://berglandlab.uvadcos.io/dest_mapped/pipeline_output/UA_Cho_15_25/UA_Cho_15_25.masked.sync.gz ,UA_Cho_15_25,UA_Cho_15_25.masked.sync.gz,Ukraine.Chornobyl Applegarden.06/15/15
http://berglandlab.uvadcos.io/dest_mapped/pipeline_output/UA_Cho_15_25/UA_Cho_15_25.masked.sync.gz.tbi ,UA_Cho_15_25,UA_Cho_15_25.masked.sync.gz.tbi,Ukraine.Chornobyl Applegarden.06/15/15
http://berglandlab.uvadcos.io/dest_mapped/pipeline_output/UA_Cho_15_26/UA_Cho_15_26.masked.sync.gz ,UA_Cho_15_26,UA_Cho_15_26.masked.sync.gz,Ukraine.Chornobyl Kopachi.08/26/15
http://berglandlab.uvadcos.io/dest_mapped/pipeline_output/UA_Cho_15_26/UA_Cho_15_26.masked.sync.gz.tbi ,UA_Cho_15_26,UA_Cho_15_26.masked.sync.gz.tbi,Ukraine.Chornobyl Kopachi.08/26/15
http://berglandlab.uvadcos.io/dest_mapped/pipeline_output/UA_Cho_15_27/UA_Cho_15_27.masked.sync.gz ,UA_Cho_15_27,UA_Cho_15_27.masked.sync.gz,Ukraine.Chornobyl Yaniv.08/26/15
http://berglandlab.uvadcos.io/dest_mapped/pipeline_output/UA_Cho_15_27/UA_Cho_15_27.masked.sync.gz.tbi ,UA_Cho_15_27,UA_Cho_15_27.masked.sync.gz.tbi,Ukraine.Chornobyl Yaniv.08/26/15
http://berglandlab.uvadcos.io/dest_mapped/pipeline_output/UA_Cho_15_65/UA_Cho_15_65.masked.sync.gz ,UA_Cho_15_65,UA_Cho_15_65.masked.sync.gz,Ukraine.Chornobyl (Cooling pond).08/26/15
http://berglandlab.uvadcos.io/dest_mapped/pipeline_output/UA_Cho_15_65/UA_Cho_15_65.masked.sync.gz.tbi ,UA_Cho_15_65,UA_Cho_15_65.masked.sync.gz.tbi,Ukraine.Chornobyl (Cooling pond).08/26/15
http://berglandlab.uvadcos.io/dest_mapped/pipeline_output/UA_Cho_15_67/UA_Cho_15_67.masked.sync.gz ,UA_Cho_15_67,UA_Cho_15_67.masked.sync.gz,Ukraine.Chornobyl Applegarden.08/26/15
http://berglandlab.uvadcos.io/dest_mapped/pipeline_output/UA_Cho_15_67/UA_Cho_15_67.masked.sync.gz.tbi ,UA_Cho_15_67,UA_Cho_15_67.masked.sync.gz.tbi,Ukraine.Chornobyl Applegarden.08/26/15
http://berglandlab.uvadcos.io/dest_mapped/pipeline_output/UA_Cho_15_68/UA_Cho_15_68.masked.sync.gz ,UA_Cho_15_68,UA_Cho_15_68.masked.sync.gz,Ukraine.Chornobyl Polisske.08/26/15
http://berglandlab.uvadcos.io/dest_mapped/pipeline_output/UA_Cho_15_68/UA_Cho_15_68.masked.sync.gz.tbi ,UA_Cho_15_68,UA_Cho_15_68.masked.sync.gz.tbi,Ukraine.Chornobyl Polisske.08/26/15
http://berglandlab.uvadcos.io/dest_mapped/pipeline_output/UA_Cho_15_69/UA_Cho_15_69.masked.sync.gz ,UA_Cho_15_69,UA_Cho_15_69.masked.sync.gz,Ukraine.Chornobyl Applegarden.08/26/15
http://berglandlab.uvadcos.io/dest_mapped/pipeline_output/UA_Cho_15_69/UA_Cho_15_69.masked.sync.gz.tbi ,UA_Cho_15_69,UA_Cho_15_69.masked.sync.gz.tbi,Ukraine.Chornobyl Applegarden.08/26/15
http://berglandlab.uvadcos.io/dest_mapped/pipeline_output/UA_Cho_15_70/UA_Cho_15_70.masked.sync.gz ,UA_Cho_15_70,UA_Cho_15_70.masked.sync.gz,Ukraine.Chornobyl Applegarden.07/07/15
http://berglandlab.uvadcos.io/dest_mapped/pipeline_output/UA_Cho_15_70/UA_Cho_15_70.masked.sync.gz.tbi ,UA_Cho_15_70,UA_Cho_15_70.masked.sync.gz.tbi,Ukraine.Chornobyl Applegarden.07/07/15
http://berglandlab.uvadcos.io/dest_mapped/pipeline_output/UA_Cho_16_54/UA_Cho_16_54.masked.sync.gz ,UA_Cho_16_54,UA_Cho_16_54.masked.sync.gz,Ukraine.Chornobyl Applegarden.09/04/16
http://berglandlab.uvadcos.io/dest_mapped/pipeline_output/UA_Cho_16_54/UA_Cho_16_54.masked.sync.gz.tbi ,UA_Cho_16_54,UA_Cho_16_54.masked.sync.gz.tbi,Ukraine.Chornobyl Applegarden.09/04/16
http://berglandlab.uvadcos.io/dest_mapped/pipeline_output/UA_Cho_16_55/UA_Cho_16_55.masked.sync.gz ,UA_Cho_16_55,UA_Cho_16_55.masked.sync.gz,Ukraine.Chornobyl (Cooling pond).09/05/16
http://berglandlab.uvadcos.io/dest_mapped/pipeline_output/UA_Cho_16_55/UA_Cho_16_55.masked.sync.gz.tbi ,UA_Cho_16_55,UA_Cho_16_55.masked.sync.gz.tbi,Ukraine.Chornobyl (Cooling pond).09/05/16
http://berglandlab.uvadcos.io/dest_mapped/pipeline_output/UA_Cho_16_62/UA_Cho_16_62.masked.sync.gz ,UA_Cho_16_62,UA_Cho_16_62.masked.sync.gz,Ukraine.Chornobyl Yaniv.09/04/16
http://berglandlab.uvadcos.io/dest_mapped/pipeline_output/UA_Cho_16_62/UA_Cho_16_62.masked.sync.gz.tbi ,UA_Cho_16_62,UA_Cho_16_62.masked.sync.gz.tbi,Ukraine.Chornobyl Yaniv.09/04/16
http://berglandlab.uvadcos.io/dest_mapped/pipeline_output/UA_Dro_14_27/UA_Dro_14_27.masked.sync.gz ,UA_Dro_14_27,UA_Dro_14_27.masked.sync.gz,Ukraine.Drogobych.08/24/14
http://berglandlab.uvadcos.io/dest_mapped/pipeline_output/UA_Dro_14_27/UA_Dro_14_27.masked.sync.gz.tbi ,UA_Dro_14_27,UA_Dro_14_27.masked.sync.gz.tbi,Ukraine.Drogobych.08/24/14
http://berglandlab.uvadcos.io/dest_mapped/pipeline_output/UA_Dro_15_10/UA_Dro_15_10.masked.sync.gz ,UA_Dro_15_10,UA_Dro_15_10.masked.sync.gz,Ukraine.Drogobych.09/18/15
http://berglandlab.uvadcos.io/dest_mapped/pipeline_output/UA_Dro_15_10/UA_Dro_15_10.masked.sync.gz.tbi ,UA_Dro_15_10,UA_Dro_15_10.masked.sync.gz.tbi,Ukraine.Drogobych.09/18/15
http://berglandlab.uvadcos.io/dest_mapped/pipeline_output/UA_Dro_16_56/UA_Dro_16_56.masked.sync.gz ,UA_Dro_16_56,UA_Dro_16_56.masked.sync.gz,Ukraine.Drogobych.09/12/16
http://berglandlab.uvadcos.io/dest_mapped/pipeline_output/UA_Dro_16_56/UA_Dro_16_56.masked.sync.gz.tbi ,UA_Dro_16_56,UA_Dro_16_56.masked.sync.gz.tbi,Ukraine.Drogobych.09/12/16
http://berglandlab.uvadcos.io/dest_mapped/pipeline_output/UA_Kan_16_57/UA_Kan_16_57.masked.sync.gz ,UA_Kan_16_57,UA_Kan_16_57.masked.sync.gz,Ukraine.Kaniv.07/08/16
http://berglandlab.uvadcos.io/dest_mapped/pipeline_output/UA_Kan_16_57/UA_Kan_16_57.masked.sync.gz.tbi ,UA_Kan_16_57,UA_Kan_16_57.masked.sync.gz.tbi,Ukraine.Kaniv.07/08/16
http://berglandlab.uvadcos.io/dest_mapped/pipeline_output/UA_Kha_14_45/UA_Kha_14_45.masked.sync.gz ,UA_Kha_14_45,UA_Kha_14_45.masked.sync.gz,Ukraine.Kharkiv.07/26/14
http://berglandlab.uvadcos.io/dest_mapped/pipeline_output/UA_Kha_14_45/UA_Kha_14_45.masked.sync.gz.tbi ,UA_Kha_14_45,UA_Kha_14_45.masked.sync.gz.tbi,Ukraine.Kharkiv.07/26/14
http://berglandlab.uvadcos.io/dest_mapped/pipeline_output/UA_Kha_14_46/UA_Kha_14_46.masked.sync.gz ,UA_Kha_14_46,UA_Kha_14_46.masked.sync.gz,Ukraine.Kharkiv.09/14/14
http://berglandlab.uvadcos.io/dest_mapped/pipeline_output/UA_Kha_14_46/UA_Kha_14_46.masked.sync.gz.tbi ,UA_Kha_14_46,UA_Kha_14_46.masked.sync.gz.tbi,Ukraine.Kharkiv.09/14/14
http://berglandlab.uvadcos.io/dest_mapped/pipeline_output/UA_Kha_15_19/UA_Kha_15_19.masked.sync.gz ,UA_Kha_15_19,UA_Kha_15_19.masked.sync.gz,Ukraine.Kharkiv.08/20/15
http://berglandlab.uvadcos.io/dest_mapped/pipeline_output/UA_Kha_15_19/UA_Kha_15_19.masked.sync.gz.tbi ,UA_Kha_15_19,UA_Kha_15_19.masked.sync.gz.tbi,Ukraine.Kharkiv.08/20/15
http://berglandlab.uvadcos.io/dest_mapped/pipeline_output/UA_Kha_16_58/UA_Kha_16_58.masked.sync.gz ,UA_Kha_16_58,UA_Kha_16_58.masked.sync.gz,Ukraine.Kharkiv.08/18/16
http://berglandlab.uvadcos.io/dest_mapped/pipeline_output/UA_Kha_16_58/UA_Kha_16_58.masked.sync.gz.tbi ,UA_Kha_16_58,UA_Kha_16_58.masked.sync.gz.tbi,Ukraine.Kharkiv.08/18/16
http://berglandlab.uvadcos.io/dest_mapped/pipeline_output/UA_Kyi_14_23/UA_Kyi_14_23.masked.sync.gz ,UA_Kyi_14_23,UA_Kyi_14_23.masked.sync.gz,Ukraine.Kyiv.08/09/14
http://berglandlab.uvadcos.io/dest_mapped/pipeline_output/UA_Kyi_14_23/UA_Kyi_14_23.masked.sync.gz.tbi ,UA_Kyi_14_23,UA_Kyi_14_23.masked.sync.gz.tbi,Ukraine.Kyiv.08/09/14
http://berglandlab.uvadcos.io/dest_mapped/pipeline_output/UA_Kyi_14_24/UA_Kyi_14_24.masked.sync.gz ,UA_Kyi_14_24,UA_Kyi_14_24.masked.sync.gz,Ukraine.Kyiv.09/08/14
http://berglandlab.uvadcos.io/dest_mapped/pipeline_output/UA_Kyi_14_24/UA_Kyi_14_24.masked.sync.gz.tbi ,UA_Kyi_14_24,UA_Kyi_14_24.masked.sync.gz.tbi,Ukraine.Kyiv.09/08/14
http://berglandlab.uvadcos.io/dest_mapped/pipeline_output/UA_Kyi_14_49/UA_Kyi_14_49.masked.sync.gz ,UA_Kyi_14_49,UA_Kyi_14_49.masked.sync.gz,Ukraine.Kyiv.10/11/14
http://berglandlab.uvadcos.io/dest_mapped/pipeline_output/UA_Kyi_14_49/UA_Kyi_14_49.masked.sync.gz.tbi ,UA_Kyi_14_49,UA_Kyi_14_49.masked.sync.gz.tbi,Ukraine.Kyiv.10/11/14
http://berglandlab.uvadcos.io/dest_mapped/pipeline_output/UA_Kyi_15_64/UA_Kyi_15_64.masked.sync.gz ,UA_Kyi_15_64,UA_Kyi_15_64.masked.sync.gz,Ukraine.Kyiv (Vyshneve).08/10/15
http://berglandlab.uvadcos.io/dest_mapped/pipeline_output/UA_Kyi_15_64/UA_Kyi_15_64.masked.sync.gz.tbi ,UA_Kyi_15_64,UA_Kyi_15_64.masked.sync.gz.tbi,Ukraine.Kyiv (Vyshneve).08/10/15
http://berglandlab.uvadcos.io/dest_mapped/pipeline_output/UA_Kyi_16_44/UA_Kyi_16_44.masked.sync.gz ,UA_Kyi_16_44,UA_Kyi_16_44.masked.sync.gz,Ukraine.Kyiv (Vyshneve).08/04/16
http://berglandlab.uvadcos.io/dest_mapped/pipeline_output/UA_Kyi_16_44/UA_Kyi_16_44.masked.sync.gz.tbi ,UA_Kyi_16_44,UA_Kyi_16_44.masked.sync.gz.tbi,Ukraine.Kyiv (Vyshneve).08/04/16
http://berglandlab.uvadcos.io/dest_mapped/pipeline_output/UA_Kyi_16_45/UA_Kyi_16_45.masked.sync.gz ,UA_Kyi_16_45,UA_Kyi_16_45.masked.sync.gz,Ukraine.Kyiv (Vyshneve).10/03/16
http://berglandlab.uvadcos.io/dest_mapped/pipeline_output/UA_Kyi_16_45/UA_Kyi_16_45.masked.sync.gz.tbi ,UA_Kyi_16_45,UA_Kyi_16_45.masked.sync.gz.tbi,Ukraine.Kyiv (Vyshneve).10/03/16
http://berglandlab.uvadcos.io/dest_mapped/pipeline_output/UA_Kyi_16_59/UA_Kyi_16_59.masked.sync.gz ,UA_Kyi_16_59,UA_Kyi_16_59.masked.sync.gz,Ukraine.Kyiv (Vyshneve).08/06/16
http://berglandlab.uvadcos.io/dest_mapped/pipeline_output/UA_Kyi_16_59/UA_Kyi_16_59.masked.sync.gz.tbi ,UA_Kyi_16_59,UA_Kyi_16_59.masked.sync.gz.tbi,Ukraine.Kyiv (Vyshneve).08/06/16
http://berglandlab.uvadcos.io/dest_mapped/pipeline_output/UA_Ode_14_19/UA_Ode_14_19.masked.sync.gz ,UA_Ode_14_19,UA_Ode_14_19.masked.sync.gz,Ukraine.Odesa.07/03/14
http://berglandlab.uvadcos.io/dest_mapped/pipeline_output/UA_Ode_14_19/UA_Ode_14_19.masked.sync.gz.tbi ,UA_Ode_14_19,UA_Ode_14_19.masked.sync.gz.tbi,Ukraine.Odesa.07/03/14
http://berglandlab.uvadcos.io/dest_mapped/pipeline_output/UA_Ode_14_20/UA_Ode_14_20.masked.sync.gz ,UA_Ode_14_20,UA_Ode_14_20.masked.sync.gz,Ukraine.Odesa.07/22/14
http://berglandlab.uvadcos.io/dest_mapped/pipeline_output/UA_Ode_14_20/UA_Ode_14_20.masked.sync.gz.tbi ,UA_Ode_14_20,UA_Ode_14_20.masked.sync.gz.tbi,Ukraine.Odesa.07/22/14
http://berglandlab.uvadcos.io/dest_mapped/pipeline_output/UA_Ode_14_21/UA_Ode_14_21.masked.sync.gz ,UA_Ode_14_21,UA_Ode_14_21.masked.sync.gz,Ukraine.Odesa.08/29/14
http://berglandlab.uvadcos.io/dest_mapped/pipeline_output/UA_Ode_14_21/UA_Ode_14_21.masked.sync.gz.tbi ,UA_Ode_14_21,UA_Ode_14_21.masked.sync.gz.tbi,Ukraine.Odesa.08/29/14
http://berglandlab.uvadcos.io/dest_mapped/pipeline_output/UA_Ode_14_22/UA_Ode_14_22.masked.sync.gz ,UA_Ode_14_22,UA_Ode_14_22.masked.sync.gz,Ukraine.Odesa.10/10/14
http://berglandlab.uvadcos.io/dest_mapped/pipeline_output/UA_Ode_14_22/UA_Ode_14_22.masked.sync.gz.tbi ,UA_Ode_14_22,UA_Ode_14_22.masked.sync.gz.tbi,Ukraine.Odesa.10/10/14
http://berglandlab.uvadcos.io/dest_mapped/pipeline_output/UA_Ode_15_11/UA_Ode_15_11.masked.sync.gz ,UA_Ode_15_11,UA_Ode_15_11.masked.sync.gz,Ukraine.Odessa.09/26/15
http://berglandlab.uvadcos.io/dest_mapped/pipeline_output/UA_Ode_15_11/UA_Ode_15_11.masked.sync.gz.tbi ,UA_Ode_15_11,UA_Ode_15_11.masked.sync.gz.tbi,Ukraine.Odessa.09/26/15
http://berglandlab.uvadcos.io/dest_mapped/pipeline_output/UA_Ode_15_20/UA_Ode_15_20.masked.sync.gz ,UA_Ode_15_20,UA_Ode_15_20.masked.sync.gz,Ukraine.Odessa.06/30/15
http://berglandlab.uvadcos.io/dest_mapped/pipeline_output/UA_Ode_15_20/UA_Ode_15_20.masked.sync.gz.tbi ,UA_Ode_15_20,UA_Ode_15_20.masked.sync.gz.tbi,Ukraine.Odessa.06/30/15
http://berglandlab.uvadcos.io/dest_mapped/pipeline_output/UA_Ode_15_22/UA_Ode_15_22.masked.sync.gz ,UA_Ode_15_22,UA_Ode_15_22.masked.sync.gz,Ukraine.Odessa.08/27/15
http://berglandlab.uvadcos.io/dest_mapped/pipeline_output/UA_Ode_15_22/UA_Ode_15_22.masked.sync.gz.tbi ,UA_Ode_15_22,UA_Ode_15_22.masked.sync.gz.tbi,Ukraine.Odessa.08/27/15
http://berglandlab.uvadcos.io/dest_mapped/pipeline_output/UA_Ode_15_66/UA_Ode_15_66.masked.sync.gz ,UA_Ode_15_66,UA_Ode_15_66.masked.sync.gz,Ukraine.Odessa.07/26/15
http://berglandlab.uvadcos.io/dest_mapped/pipeline_output/UA_Ode_15_66/UA_Ode_15_66.masked.sync.gz.tbi ,UA_Ode_15_66,UA_Ode_15_66.masked.sync.gz.tbi,Ukraine.Odessa.07/26/15
http://berglandlab.uvadcos.io/dest_mapped/pipeline_output/UA_Ode_16_46/UA_Ode_16_46.masked.sync.gz ,UA_Ode_16_46,UA_Ode_16_46.masked.sync.gz,Ukraine.Odesa.08/20/16
http://berglandlab.uvadcos.io/dest_mapped/pipeline_output/UA_Ode_16_46/UA_Ode_16_46.masked.sync.gz.tbi ,UA_Ode_16_46,UA_Ode_16_46.masked.sync.gz.tbi,Ukraine.Odesa.08/20/16
http://berglandlab.uvadcos.io/dest_mapped/pipeline_output/UA_Ode_16_47/UA_Ode_16_47.masked.sync.gz ,UA_Ode_16_47,UA_Ode_16_47.masked.sync.gz,Ukraine.Odesa.09/15/16
http://berglandlab.uvadcos.io/dest_mapped/pipeline_output/UA_Ode_16_47/UA_Ode_16_47.masked.sync.gz.tbi ,UA_Ode_16_47,UA_Ode_16_47.masked.sync.gz.tbi,Ukraine.Odesa.09/15/16
http://berglandlab.uvadcos.io/dest_mapped/pipeline_output/UA_Pir_14_26/UA_Pir_14_26.masked.sync.gz ,UA_Pir_14_26,UA_Pir_14_26.masked.sync.gz,Ukraine.Piryuatin.08/20/14
http://berglandlab.uvadcos.io/dest_mapped/pipeline_output/UA_Pir_14_26/UA_Pir_14_26.masked.sync.gz.tbi ,UA_Pir_14_26,UA_Pir_14_26.masked.sync.gz.tbi,Ukraine.Piryuatin.08/20/14
http://berglandlab.uvadcos.io/dest_mapped/pipeline_output/UA_Pir_15_21/UA_Pir_15_21.masked.sync.gz ,UA_Pir_15_21,UA_Pir_15_21.masked.sync.gz,Ukraine.Piryuatin.08/26/15
http://berglandlab.uvadcos.io/dest_mapped/pipeline_output/UA_Pir_15_21/UA_Pir_15_21.masked.sync.gz.tbi ,UA_Pir_15_21,UA_Pir_15_21.masked.sync.gz.tbi,Ukraine.Piryuatin.08/26/15
http://berglandlab.uvadcos.io/dest_mapped/pipeline_output/UA_Pyr_16_48/UA_Pyr_16_48.masked.sync.gz ,UA_Pyr_16_48,UA_Pyr_16_48.masked.sync.gz,Ukraine.Pyriatyn.09/03/16
http://berglandlab.uvadcos.io/dest_mapped/pipeline_output/UA_Pyr_16_48/UA_Pyr_16_48.masked.sync.gz.tbi ,UA_Pyr_16_48,UA_Pyr_16_48.masked.sync.gz.tbi,Ukraine.Pyriatyn.09/03/16
http://berglandlab.uvadcos.io/dest_mapped/pipeline_output/UA_Pyr_16_49/UA_Pyr_16_49.masked.sync.gz ,UA_Pyr_16_49,UA_Pyr_16_49.masked.sync.gz,Ukraine.Pyryatyn.09/23/16
http://berglandlab.uvadcos.io/dest_mapped/pipeline_output/UA_Pyr_16_49/UA_Pyr_16_49.masked.sync.gz.tbi ,UA_Pyr_16_49,UA_Pyr_16_49.masked.sync.gz.tbi,Ukraine.Pyryatyn.09/23/16
http://berglandlab.uvadcos.io/dest_mapped/pipeline_output/UA_Uma_14_50/UA_Uma_14_50.masked.sync.gz ,UA_Uma_14_50,UA_Uma_14_50.masked.sync.gz,Ukraine.Uman.10/01/14
http://berglandlab.uvadcos.io/dest_mapped/pipeline_output/UA_Uma_14_50/UA_Uma_14_50.masked.sync.gz.tbi ,UA_Uma_14_50,UA_Uma_14_50.masked.sync.gz.tbi,Ukraine.Uman.10/01/14
http://berglandlab.uvadcos.io/dest_mapped/pipeline_output/UA_Uma_15_9/UA_Uma_15_9.masked.sync.gz ,UA_Uma_15_9,UA_Uma_15_9.masked.sync.gz,Ukraine.Uman'.09/26/15
http://berglandlab.uvadcos.io/dest_mapped/pipeline_output/UA_Uma_15_9/UA_Uma_15_9.masked.sync.gz.tbi ,UA_Uma_15_9,UA_Uma_15_9.masked.sync.gz.tbi,Ukraine.Uman'.09/26/15
http://berglandlab.uvadcos.io/dest_mapped/pipeline_output/UA_Uma_16_50/UA_Uma_16_50.masked.sync.gz ,UA_Uma_16_50,UA_Uma_16_50.masked.sync.gz,Ukraine.Uman.09/17/16
http://berglandlab.uvadcos.io/dest_mapped/pipeline_output/UA_Uma_16_50/UA_Uma_16_50.masked.sync.gz.tbi ,UA_Uma_16_50,UA_Uma_16_50.masked.sync.gz.tbi,Ukraine.Uman.09/17/16
http://berglandlab.uvadcos.io/dest_mapped/pipeline_output/UA_Uma_16_51/UA_Uma_16_51.masked.sync.gz ,UA_Uma_16_51,UA_Uma_16_51.masked.sync.gz,Ukraine.Uman K.09/11/16
http://berglandlab.uvadcos.io/dest_mapped/pipeline_output/UA_Uma_16_51/UA_Uma_16_51.masked.sync.gz.tbi ,UA_Uma_16_51,UA_Uma_16_51.masked.sync.gz.tbi,Ukraine.Uman K.09/11/16
http://berglandlab.uvadcos.io/dest_mapped/pipeline_output/UA_Var_14_25/UA_Var_14_25.masked.sync.gz ,UA_Var_14_25,UA_Var_14_25.masked.sync.gz,Ukraine.Varva.08/18/14
http://berglandlab.uvadcos.io/dest_mapped/pipeline_output/UA_Var_14_25/UA_Var_14_25.masked.sync.gz.tbi ,UA_Var_14_25,UA_Var_14_25.masked.sync.gz.tbi,Ukraine.Varva.08/18/14
http://berglandlab.uvadcos.io/dest_mapped/pipeline_output/UA_Var_15_18/UA_Var_15_18.masked.sync.gz ,UA_Var_15_18,UA_Var_15_18.masked.sync.gz,Ukraine.Varva.08/25/15
http://berglandlab.uvadcos.io/dest_mapped/pipeline_output/UA_Var_15_18/UA_Var_15_18.masked.sync.gz.tbi ,UA_Var_15_18,UA_Var_15_18.masked.sync.gz.tbi,Ukraine.Varva.08/25/15
http://berglandlab.uvadcos.io/dest_mapped/pipeline_output/UA_Var_16_60/UA_Var_16_60.masked.sync.gz ,UA_Var_16_60,UA_Var_16_60.masked.sync.gz,Ukraine.Varva.08/26/16
http://berglandlab.uvadcos.io/dest_mapped/pipeline_output/UA_Var_16_60/UA_Var_16_60.masked.sync.gz.tbi ,UA_Var_16_60,UA_Var_16_60.masked.sync.gz.tbi,Ukraine.Varva.08/26/16
http://berglandlab.uvadcos.io/dest_mapped/pipeline_output/UA_Yal_14_16/UA_Yal_14_16.masked.sync.gz ,UA_Yal_14_16,UA_Yal_14_16.masked.sync.gz,Ukraine.Yalta.06/20/14
http://berglandlab.uvadcos.io/dest_mapped/pipeline_output/UA_Yal_14_16/UA_Yal_14_16.masked.sync.gz.tbi ,UA_Yal_14_16,UA_Yal_14_16.masked.sync.gz.tbi,Ukraine.Yalta.06/20/14
http://berglandlab.uvadcos.io/dest_mapped/pipeline_output/UA_Yal_14_18/UA_Yal_14_18.masked.sync.gz ,UA_Yal_14_18,UA_Yal_14_18.masked.sync.gz,Ukraine.Yalta.08/27/14
http://berglandlab.uvadcos.io/dest_mapped/pipeline_output/UA_Yal_14_18/UA_Yal_14_18.masked.sync.gz.tbi ,UA_Yal_14_18,UA_Yal_14_18.masked.sync.gz.tbi,Ukraine.Yalta.08/27/14
http://berglandlab.uvadcos.io/dest_mapped/pipeline_output/UA_Yal_15_23/UA_Yal_15_23.masked.sync.gz ,UA_Yal_15_23,UA_Yal_15_23.masked.sync.gz,Ukraine.Yalta.06/24/15
http://berglandlab.uvadcos.io/dest_mapped/pipeline_output/UA_Yal_15_23/UA_Yal_15_23.masked.sync.gz.tbi ,UA_Yal_15_23,UA_Yal_15_23.masked.sync.gz.tbi,Ukraine.Yalta.06/24/15
http://berglandlab.uvadcos.io/dest_mapped/pipeline_output/UA_Yal_15_63/UA_Yal_15_63.masked.sync.gz ,UA_Yal_15_63,UA_Yal_15_63.masked.sync.gz,Ukraine.Yalta.08/24/15
http://berglandlab.uvadcos.io/dest_mapped/pipeline_output/UA_Yal_15_63/UA_Yal_15_63.masked.sync.gz.tbi ,UA_Yal_15_63,UA_Yal_15_63.masked.sync.gz.tbi,Ukraine.Yalta.08/24/15
http://berglandlab.uvadcos.io/dest_mapped/pipeline_output/UA_Yal_16_61/UA_Yal_16_61.masked.sync.gz ,UA_Yal_16_61,UA_Yal_16_61.masked.sync.gz,Ukraine.Yalta.08/20/16
http://berglandlab.uvadcos.io/dest_mapped/pipeline_output/UA_Yal_16_61/UA_Yal_16_61.masked.sync.gz.tbi ,UA_Yal_16_61,UA_Yal_16_61.masked.sync.gz.tbi,Ukraine.Yalta.08/20/16
http://berglandlab.uvadcos.io/dest_mapped/pipeline_output/UA_od_13_fall/UA_od_13_fall.masked.sync.gz ,UA_od_13_fall,UA_od_13_fall.masked.sync.gz,Ukraine.Odessa.10/15/13
http://berglandlab.uvadcos.io/dest_mapped/pipeline_output/UA_od_13_fall/UA_od_13_fall.masked.sync.gz.tbi ,UA_od_13_fall,UA_od_13_fall.masked.sync.gz.tbi,Ukraine.Odessa.10/15/13
http://berglandlab.uvadcos.io/dest_mapped/pipeline_output/UA_od_13_spring/UA_od_13_spring.masked.sync.gz ,UA_od_13_spring,UA_od_13_spring.masked.sync.gz,Ukraine.Odessa.05/15/13
http://berglandlab.uvadcos.io/dest_mapped/pipeline_output/UA_od_13_spring/UA_od_13_spring.masked.sync.gz.tbi ,UA_od_13_spring,UA_od_13_spring.masked.sync.gz.tbi,Ukraine.Odessa.05/15/13
http://berglandlab.uvadcos.io/dest_mapped/pipeline_output/UK_Dai_15_52/UK_Dai_15_52.masked.sync.gz ,UK_Dai_15_52,UK_Dai_15_52.masked.sync.gz,United Kingdom.Dairsie. Fife.08/19/15
http://berglandlab.uvadcos.io/dest_mapped/pipeline_output/UK_Dai_15_52/UK_Dai_15_52.masked.sync.gz.tbi ,UK_Dai_15_52,UK_Dai_15_52.masked.sync.gz.tbi,United Kingdom.Dairsie. Fife.08/19/15
http://berglandlab.uvadcos.io/dest_mapped/pipeline_output/UK_Dai_16_23/UK_Dai_16_23.masked.sync.gz ,UK_Dai_16_23,UK_Dai_16_23.masked.sync.gz,United Kingdom.Dairsie. Fife.08/06/16
http://berglandlab.uvadcos.io/dest_mapped/pipeline_output/UK_Dai_16_23/UK_Dai_16_23.masked.sync.gz.tbi ,UK_Dai_16_23,UK_Dai_16_23.masked.sync.gz.tbi,United Kingdom.Dairsie. Fife.08/06/16
http://berglandlab.uvadcos.io/dest_mapped/pipeline_output/UK_Lut_14_13/UK_Lut_14_13.masked.sync.gz ,UK_Lut_14_13,UK_Lut_14_13.masked.sync.gz,United Kingdom.Lutterworth.10/20/14
http://berglandlab.uvadcos.io/dest_mapped/pipeline_output/UK_Lut_14_13/UK_Lut_14_13.masked.sync.gz.tbi ,UK_Lut_14_13,UK_Lut_14_13.masked.sync.gz.tbi,United Kingdom.Lutterworth.10/20/14
http://berglandlab.uvadcos.io/dest_mapped/pipeline_output/UK_Mar_14_12/UK_Mar_14_12.masked.sync.gz ,UK_Mar_14_12,UK_Mar_14_12.masked.sync.gz,United Kingdom.Market Harborough.10/20/14
http://berglandlab.uvadcos.io/dest_mapped/pipeline_output/UK_Mar_14_12/UK_Mar_14_12.masked.sync.gz.tbi ,UK_Mar_14_12,UK_Mar_14_12.masked.sync.gz.tbi,United Kingdom.Market Harborough.10/20/14
http://berglandlab.uvadcos.io/dest_mapped/pipeline_output/UK_Mar_15_42/UK_Mar_15_42.masked.sync.gz ,UK_Mar_15_42,UK_Mar_15_42.masked.sync.gz,United Kingdom.Market Harborough.07/07/15
http://berglandlab.uvadcos.io/dest_mapped/pipeline_output/UK_Mar_15_42/UK_Mar_15_42.masked.sync.gz.tbi ,UK_Mar_15_42,UK_Mar_15_42.masked.sync.gz.tbi,United Kingdom.Market Harborough.07/07/15
http://berglandlab.uvadcos.io/dest_mapped/pipeline_output/UK_Mar_16_53/UK_Mar_16_53.masked.sync.gz ,UK_Mar_16_53,UK_Mar_16_53.masked.sync.gz,United Kingdom.Market Harborough.10/23/16
http://berglandlab.uvadcos.io/dest_mapped/pipeline_output/UK_Mar_16_53/UK_Mar_16_53.masked.sync.gz.tbi ,UK_Mar_16_53,UK_Mar_16_53.masked.sync.gz.tbi,United Kingdom.Market Harborough.10/23/16
http://berglandlab.uvadcos.io/dest_mapped/pipeline_output/UK_She_14_09/UK_She_14_09.masked.sync.gz ,UK_She_14_09,UK_She_14_09.masked.sync.gz,United Kingdom.Sheffield.08/25/14
http://berglandlab.uvadcos.io/dest_mapped/pipeline_output/UK_She_14_09/UK_She_14_09.masked.sync.gz.tbi ,UK_She_14_09,UK_She_14_09.masked.sync.gz.tbi,United Kingdom.Sheffield.08/25/14
http://berglandlab.uvadcos.io/dest_mapped/pipeline_output/UK_She_15_17/UK_She_15_17.masked.sync.gz ,UK_She_15_17,UK_She_15_17.masked.sync.gz,United Kingdom.Sheffield.10/04/15
http://berglandlab.uvadcos.io/dest_mapped/pipeline_output/UK_She_15_17/UK_She_15_17.masked.sync.gz.tbi ,UK_She_15_17,UK_She_15_17.masked.sync.gz.tbi,United Kingdom.Sheffield.10/04/15
http://berglandlab.uvadcos.io/dest_mapped/pipeline_output/UK_Sou_14_10/UK_Sou_14_10.masked.sync.gz ,UK_Sou_14_10,UK_Sou_14_10.masked.sync.gz,United Kingdom.South Queensferry.07/14/14
http://berglandlab.uvadcos.io/dest_mapped/pipeline_output/UK_Sou_14_10/UK_Sou_14_10.masked.sync.gz.tbi ,UK_Sou_14_10,UK_Sou_14_10.masked.sync.gz.tbi,United Kingdom.South Queensferry.07/14/14
http://berglandlab.uvadcos.io/dest_mapped/pipeline_output/VA_ch_12_fall/VA_ch_12_fall.masked.sync.gz ,VA_ch_12_fall,VA_ch_12_fall.masked.sync.gz,USA.Charlottesville.11/05/12
http://berglandlab.uvadcos.io/dest_mapped/pipeline_output/VA_ch_12_fall/VA_ch_12_fall.masked.sync.gz.tbi ,VA_ch_12_fall,VA_ch_12_fall.masked.sync.gz.tbi,USA.Charlottesville.11/05/12
http://berglandlab.uvadcos.io/dest_mapped/pipeline_output/VA_ch_12_spring/VA_ch_12_spring.masked.sync.gz ,VA_ch_12_spring,VA_ch_12_spring.masked.sync.gz,USA.Charlottesville.07/18/12
http://berglandlab.uvadcos.io/dest_mapped/pipeline_output/VA_ch_12_spring/VA_ch_12_spring.masked.sync.gz.tbi ,VA_ch_12_spring,VA_ch_12_spring.masked.sync.gz.tbi,USA.Charlottesville.07/18/12
http://berglandlab.uvadcos.io/dest_mapped/pipeline_output/VA_ch_14_fall/VA_ch_14_fall.masked.sync.gz ,VA_ch_14_fall,VA_ch_14_fall.masked.sync.gz,USA.Charlotttesville.10/14/14
http://berglandlab.uvadcos.io/dest_mapped/pipeline_output/VA_ch_14_fall/VA_ch_14_fall.masked.sync.gz.tbi ,VA_ch_14_fall,VA_ch_14_fall.masked.sync.gz.tbi,USA.Charlotttesville.10/14/14
http://berglandlab.uvadcos.io/dest_mapped/pipeline_output/VA_ch_14_spring/VA_ch_14_spring.masked.sync.gz ,VA_ch_14_spring,VA_ch_14_spring.masked.sync.gz,USA.Charlotttesville.06/25/14
http://berglandlab.uvadcos.io/dest_mapped/pipeline_output/VA_ch_14_spring/VA_ch_14_spring.masked.sync.gz.tbi ,VA_ch_14_spring,VA_ch_14_spring.masked.sync.gz.tbi,USA.Charlotttesville.06/25/14
http://berglandlab.uvadcos.io/dest_mapped/pipeline_output/VA_ch_15_fall/VA_ch_15_fall.masked.sync.gz ,VA_ch_15_fall,VA_ch_15_fall.masked.sync.gz,USA.Charlotttesville.10/19/15
http://berglandlab.uvadcos.io/dest_mapped/pipeline_output/VA_ch_15_fall/VA_ch_15_fall.masked.sync.gz.tbi ,VA_ch_15_fall,VA_ch_15_fall.masked.sync.gz.tbi,USA.Charlotttesville.10/19/15
http://berglandlab.uvadcos.io/dest_mapped/pipeline_output/VA_ch_15_spring/VA_ch_15_spring.masked.sync.gz ,VA_ch_15_spring,VA_ch_15_spring.masked.sync.gz,USA.Charlotttesville.07/01/15
http://berglandlab.uvadcos.io/dest_mapped/pipeline_output/VA_ch_15_spring/VA_ch_15_spring.masked.sync.gz.tbi ,VA_ch_15_spring,VA_ch_15_spring.masked.sync.gz.tbi,USA.Charlotttesville.07/01/15
http://berglandlab.uvadcos.io/dest_mapped/pipeline_output/WA_se_14_spring/WA_se_14_spring.masked.sync.gz ,WA_se_14_spring,WA_se_14_spring.masked.sync.gz,USA.Tacoma.07/15/14
http://berglandlab.uvadcos.io/dest_mapped/pipeline_output/WA_se_14_spring/WA_se_14_spring.masked.sync.gz.tbi ,WA_se_14_spring,WA_se_14_spring.masked.sync.gz.tbi,USA.Tacoma.07/15/14
http://berglandlab.uvadcos.io/dest_mapped/pipeline_output/WI_cp_12_fall/WI_cp_12_fall.masked.sync.gz ,WI_cp_12_fall,WI_cp_12_fall.masked.sync.gz,USA.Cross Plains.09/11/12
http://berglandlab.uvadcos.io/dest_mapped/pipeline_output/WI_cp_12_fall/WI_cp_12_fall.masked.sync.gz.tbi ,WI_cp_12_fall,WI_cp_12_fall.masked.sync.gz.tbi,USA.Cross Plains.09/11/12
http://berglandlab.uvadcos.io/dest_mapped/pipeline_output/WI_cp_12_frost/WI_cp_12_frost.masked.sync.gz ,WI_cp_12_frost,WI_cp_12_frost.masked.sync.gz,USA.Cross Plains.10/20/12
http://berglandlab.uvadcos.io/dest_mapped/pipeline_output/WI_cp_12_frost/WI_cp_12_frost.masked.sync.gz.tbi ,WI_cp_12_frost,WI_cp_12_frost.masked.sync.gz.tbi,USA.Cross Plains.10/20/12
http://berglandlab.uvadcos.io/dest_mapped/pipeline_output/WI_cp_12_spring/WI_cp_12_spring.masked.sync.gz ,WI_cp_12_spring,WI_cp_12_spring.masked.sync.gz,USA.Cross Plains.06/10/12
http://berglandlab.uvadcos.io/dest_mapped/pipeline_output/WI_cp_12_spring/WI_cp_12_spring.masked.sync.gz.tbi ,WI_cp_12_spring,WI_cp_12_spring.masked.sync.gz.tbi,USA.Cross Plains.06/10/12
http://berglandlab.uvadcos.io/dest_mapped/pipeline_output/WI_cp_13_fall/WI_cp_13_fall.masked.sync.gz ,WI_cp_13_fall,WI_cp_13_fall.masked.sync.gz,USA.Cross Plains.09/22/13
http://berglandlab.uvadcos.io/dest_mapped/pipeline_output/WI_cp_13_fall/WI_cp_13_fall.masked.sync.gz.tbi ,WI_cp_13_fall,WI_cp_13_fall.masked.sync.gz.tbi,USA.Cross Plains.09/22/13
http://berglandlab.uvadcos.io/dest_mapped/pipeline_output/WI_cp_13_spring/WI_cp_13_spring.masked.sync.gz ,WI_cp_13_spring,WI_cp_13_spring.masked.sync.gz,USA.Cross Plains.07/02/13
http://berglandlab.uvadcos.io/dest_mapped/pipeline_output/WI_cp_13_spring/WI_cp_13_spring.masked.sync.gz.tbi ,WI_cp_13_spring,WI_cp_13_spring.masked.sync.gz.tbi,USA.Cross Plains.07/02/13
http://berglandlab.uvadcos.io/dest_mapped/pipeline_output/WI_cp_14_fall/WI_cp_14_fall.masked.sync.gz ,WI_cp_14_fall,WI_cp_14_fall.masked.sync.gz,USA.Cross Plains.09/18/14
http://berglandlab.uvadcos.io/dest_mapped/pipeline_output/WI_cp_14_fall/WI_cp_14_fall.masked.sync.gz.tbi ,WI_cp_14_fall,WI_cp_14_fall.masked.sync.gz.tbi,USA.Cross Plains.09/18/14
http://berglandlab.uvadcos.io/dest_mapped/pipeline_output/WI_cp_14_spring/WI_cp_14_spring.masked.sync.gz ,WI_cp_14_spring,WI_cp_14_spring.masked.sync.gz,USA.Cross Plains.06/25/14
http://berglandlab.uvadcos.io/dest_mapped/pipeline_output/WI_cp_14_spring/WI_cp_14_spring.masked.sync.gz.tbi ,WI_cp_14_spring,WI_cp_14_spring.masked.sync.gz.tbi,USA.Cross Plains.06/25/14