http://berglandlab.uvadcos.io/dest_mapped/pipeline_output/AT_Mau_14_01/,dest_mapped,pipeline_output,AT_Mau_14_01
http://berglandlab.uvadcos.io/dest_mapped/pipeline_output/AT_Mau_14_02/,dest_mapped,pipeline_output,AT_Mau_14_02
http://berglandlab.uvadcos.io/dest_mapped/pipeline_output/AT_Mau_15_50/,dest_mapped,pipeline_output,AT_Mau_15_50
http://berglandlab.uvadcos.io/dest_mapped/pipeline_output/AT_Mau_15_51/,dest_mapped,pipeline_output,AT_Mau_15_51
http://berglandlab.uvadcos.io/dest_mapped/pipeline_output/AT_See_14_44/,dest_mapped,pipeline_output,AT_See_14_44
http://berglandlab.uvadcos.io/dest_mapped/pipeline_output/AT_See_16_1/,dest_mapped,pipeline_output,AT_See_16_1
http://berglandlab.uvadcos.io/dest_mapped/pipeline_output/AT_gr_12_fall/,dest_mapped,pipeline_output,AT_gr_12_fall
http://berglandlab.uvadcos.io/dest_mapped/pipeline_output/AT_gr_12_spring/,dest_mapped,pipeline_output,AT_gr_12_spring
http://berglandlab.uvadcos.io/dest_mapped/pipeline_output/BY_Bre_15_13/,dest_mapped,pipeline_output,BY_Bre_15_13
http://berglandlab.uvadcos.io/dest_mapped/pipeline_output/CA_es_12_fall/,dest_mapped,pipeline_output,CA_es_12_fall
http://berglandlab.uvadcos.io/dest_mapped/pipeline_output/CA_es_12_frost/,dest_mapped,pipeline_output,CA_es_12_frost
http://berglandlab.uvadcos.io/dest_mapped/pipeline_output/CA_es_12_spring/,dest_mapped,pipeline_output,CA_es_12_spring
http://berglandlab.uvadcos.io/dest_mapped/pipeline_output/CA_es_13_fall/,dest_mapped,pipeline_output,CA_es_13_fall
http://berglandlab.uvadcos.io/dest_mapped/pipeline_output/CA_es_13_spring/,dest_mapped,pipeline_output,CA_es_13_spring
http://berglandlab.uvadcos.io/dest_mapped/pipeline_output/CA_pl_12_fall/,dest_mapped,pipeline_output,CA_pl_12_fall
http://berglandlab.uvadcos.io/dest_mapped/pipeline_output/CA_pl_12_frost/,dest_mapped,pipeline_output,CA_pl_12_frost
http://berglandlab.uvadcos.io/dest_mapped/pipeline_output/CA_pl_13_fall/,dest_mapped,pipeline_output,CA_pl_13_fall
http://berglandlab.uvadcos.io/dest_mapped/pipeline_output/CA_pl_13_frost/,dest_mapped,pipeline_output,CA_pl_13_frost
http://berglandlab.uvadcos.io/dest_mapped/pipeline_output/CA_st_12_fall/,dest_mapped,pipeline_output,CA_st_12_fall
http://berglandlab.uvadcos.io/dest_mapped/pipeline_output/CA_st_12_frost/,dest_mapped,pipeline_output,CA_st_12_frost
http://berglandlab.uvadcos.io/dest_mapped/pipeline_output/CA_st_13_fall/,dest_mapped,pipeline_output,CA_st_13_fall
http://berglandlab.uvadcos.io/dest_mapped/pipeline_output/CA_tu_12_fall/,dest_mapped,pipeline_output,CA_tu_12_fall
http://berglandlab.uvadcos.io/dest_mapped/pipeline_output/CA_tu_12_frost/,dest_mapped,pipeline_output,CA_tu_12_frost
http://berglandlab.uvadcos.io/dest_mapped/pipeline_output/CA_tu_13_fall/,dest_mapped,pipeline_output,CA_tu_13_fall
http://berglandlab.uvadcos.io/dest_mapped/pipeline_output/CA_tu_13_frost/,dest_mapped,pipeline_output,CA_tu_13_frost
http://berglandlab.uvadcos.io/dest_mapped/pipeline_output/CA_tu_13_spring/,dest_mapped,pipeline_output,CA_tu_13_spring
http://berglandlab.uvadcos.io/dest_mapped/pipeline_output/CH_Cha_14_42/,dest_mapped,pipeline_output,CH_Cha_14_42
http://berglandlab.uvadcos.io/dest_mapped/pipeline_output/CH_Cha_14_43/,dest_mapped,pipeline_output,CH_Cha_14_43
http://berglandlab.uvadcos.io/dest_mapped/pipeline_output/CH_Cha_15_39/,dest_mapped,pipeline_output,CH_Cha_15_39
http://berglandlab.uvadcos.io/dest_mapped/pipeline_output/CH_Cha_16_38/,dest_mapped,pipeline_output,CH_Cha_16_38
http://berglandlab.uvadcos.io/dest_mapped/pipeline_output/CY_Nic_14_11/,dest_mapped,pipeline_output,CY_Nic_14_11
http://berglandlab.uvadcos.io/dest_mapped/pipeline_output/DE_Bro_14_14/,dest_mapped,pipeline_output,DE_Bro_14_14
http://berglandlab.uvadcos.io/dest_mapped/pipeline_output/DE_Bro_14_15/,dest_mapped,pipeline_output,DE_Bro_14_15
http://berglandlab.uvadcos.io/dest_mapped/pipeline_output/DE_Bro_15_53/,dest_mapped,pipeline_output,DE_Bro_15_53
http://berglandlab.uvadcos.io/dest_mapped/pipeline_output/DE_Bro_15_54/,dest_mapped,pipeline_output,DE_Bro_15_54
http://berglandlab.uvadcos.io/dest_mapped/pipeline_output/DE_Bro_16_10/,dest_mapped,pipeline_output,DE_Bro_16_10
http://berglandlab.uvadcos.io/dest_mapped/pipeline_output/DE_Bro_16_11/,dest_mapped,pipeline_output,DE_Bro_16_11
http://berglandlab.uvadcos.io/dest_mapped/pipeline_output/DE_Mun_14_31/,dest_mapped,pipeline_output,DE_Mun_14_31
http://berglandlab.uvadcos.io/dest_mapped/pipeline_output/DE_Mun_14_32/,dest_mapped,pipeline_output,DE_Mun_14_32
http://berglandlab.uvadcos.io/dest_mapped/pipeline_output/DE_Mun_15_45/,dest_mapped,pipeline_output,DE_Mun_15_45
http://berglandlab.uvadcos.io/dest_mapped/pipeline_output/DE_Mun_15_46/,dest_mapped,pipeline_output,DE_Mun_15_46
http://berglandlab.uvadcos.io/dest_mapped/pipeline_output/DE_Mun_16_12/,dest_mapped,pipeline_output,DE_Mun_16_12
http://berglandlab.uvadcos.io/dest_mapped/pipeline_output/DE_Mun_16_13/,dest_mapped,pipeline_output,DE_Mun_16_13
http://berglandlab.uvadcos.io/dest_mapped/pipeline_output/DK_Kar_14_39/,dest_mapped,pipeline_output,DK_Kar_14_39
http://berglandlab.uvadcos.io/dest_mapped/pipeline_output/DK_Kar_14_41/,dest_mapped,pipeline_output,DK_Kar_14_41
http://berglandlab.uvadcos.io/dest_mapped/pipeline_output/DK_Kar_16_2/,dest_mapped,pipeline_output,DK_Kar_16_2
http://berglandlab.uvadcos.io/dest_mapped/pipeline_output/DK_Kar_16_3/,dest_mapped,pipeline_output,DK_Kar_16_3
http://berglandlab.uvadcos.io/dest_mapped/pipeline_output/DK_Kar_16_4/,dest_mapped,pipeline_output,DK_Kar_16_4
http://berglandlab.uvadcos.io/dest_mapped/pipeline_output/ES_Ben_16_32/,dest_mapped,pipeline_output,ES_Ben_16_32
http://berglandlab.uvadcos.io/dest_mapped/pipeline_output/ES_Cor_15_33/,dest_mapped,pipeline_output,ES_Cor_15_33
http://berglandlab.uvadcos.io/dest_mapped/pipeline_output/ES_Gim_14_34/,dest_mapped,pipeline_output,ES_Gim_14_34
http://berglandlab.uvadcos.io/dest_mapped/pipeline_output/ES_Gim_14_35/,dest_mapped,pipeline_output,ES_Gim_14_35
http://berglandlab.uvadcos.io/dest_mapped/pipeline_output/ES_Gim_15_30/,dest_mapped,pipeline_output,ES_Gim_15_30
http://berglandlab.uvadcos.io/dest_mapped/pipeline_output/ES_Gim_15_31/,dest_mapped,pipeline_output,ES_Gim_15_31
http://berglandlab.uvadcos.io/dest_mapped/pipeline_output/ES_Gim_16_33/,dest_mapped,pipeline_output,ES_Gim_16_33
http://berglandlab.uvadcos.io/dest_mapped/pipeline_output/ES_Gim_16_34/,dest_mapped,pipeline_output,ES_Gim_16_34
http://berglandlab.uvadcos.io/dest_mapped/pipeline_output/ES_Gua_15_32/,dest_mapped,pipeline_output,ES_Gua_15_32
http://berglandlab.uvadcos.io/dest_mapped/pipeline_output/ES_Pur_16_35/,dest_mapped,pipeline_output,ES_Pur_16_35
http://berglandlab.uvadcos.io/dest_mapped/pipeline_output/ES_Tom_15_28/,dest_mapped,pipeline_output,ES_Tom_15_28
http://berglandlab.uvadcos.io/dest_mapped/pipeline_output/ES_Tom_15_29/,dest_mapped,pipeline_output,ES_Tom_15_29
http://berglandlab.uvadcos.io/dest_mapped/pipeline_output/ES_Tom_16_36/,dest_mapped,pipeline_output,ES_Tom_16_36
http://berglandlab.uvadcos.io/dest_mapped/pipeline_output/ES_Tom_16_37/,dest_mapped,pipeline_output,ES_Tom_16_37
http://berglandlab.uvadcos.io/dest_mapped/pipeline_output/ES_ba_12_fall/,dest_mapped,pipeline_output,ES_ba_12_fall
http://berglandlab.uvadcos.io/dest_mapped/pipeline_output/ES_ba_12_spring/,dest_mapped,pipeline_output,ES_ba_12_spring
http://berglandlab.uvadcos.io/dest_mapped/pipeline_output/FI_Aka_14_36/,dest_mapped,pipeline_output,FI_Aka_14_36
http://berglandlab.uvadcos.io/dest_mapped/pipeline_output/FI_Aka_14_37/,dest_mapped,pipeline_output,FI_Aka_14_37
http://berglandlab.uvadcos.io/dest_mapped/pipeline_output/FI_Aka_15_34/,dest_mapped,pipeline_output,FI_Aka_15_34
http://berglandlab.uvadcos.io/dest_mapped/pipeline_output/FI_Aka_15_35/,dest_mapped,pipeline_output,FI_Aka_15_35
http://berglandlab.uvadcos.io/dest_mapped/pipeline_output/FI_Aka_16_5/,dest_mapped,pipeline_output,FI_Aka_16_5
http://berglandlab.uvadcos.io/dest_mapped/pipeline_output/FI_Aka_16_6/,dest_mapped,pipeline_output,FI_Aka_16_6
http://berglandlab.uvadcos.io/dest_mapped/pipeline_output/FI_Ves_14_38/,dest_mapped,pipeline_output,FI_Ves_14_38
http://berglandlab.uvadcos.io/dest_mapped/pipeline_output/FI_Ves_16_7/,dest_mapped,pipeline_output,FI_Ves_16_7
http://berglandlab.uvadcos.io/dest_mapped/pipeline_output/FL_ho_10_fall/,dest_mapped,pipeline_output,FL_ho_10_fall
http://berglandlab.uvadcos.io/dest_mapped/pipeline_output/FL_ho_10_spring/,dest_mapped,pipeline_output,FL_ho_10_spring
http://berglandlab.uvadcos.io/dest_mapped/pipeline_output/FR_Got_14_08/,dest_mapped,pipeline_output,FR_Got_14_08
http://berglandlab.uvadcos.io/dest_mapped/pipeline_output/FR_Got_15_47/,dest_mapped,pipeline_output,FR_Got_15_47
http://berglandlab.uvadcos.io/dest_mapped/pipeline_output/FR_Got_15_48/,dest_mapped,pipeline_output,FR_Got_15_48
http://berglandlab.uvadcos.io/dest_mapped/pipeline_output/FR_Got_15_49/,dest_mapped,pipeline_output,FR_Got_15_49
http://berglandlab.uvadcos.io/dest_mapped/pipeline_output/FR_Got_16_8/,dest_mapped,pipeline_output,FR_Got_16_8
http://berglandlab.uvadcos.io/dest_mapped/pipeline_output/FR_Vil_14_05/,dest_mapped,pipeline_output,FR_Vil_14_05
http://berglandlab.uvadcos.io/dest_mapped/pipeline_output/FR_Vil_14_07/,dest_mapped,pipeline_output,FR_Vil_14_07
http://berglandlab.uvadcos.io/dest_mapped/pipeline_output/FR_Vil_15_40/,dest_mapped,pipeline_output,FR_Vil_15_40
http://berglandlab.uvadcos.io/dest_mapped/pipeline_output/FR_Vil_15_41/,dest_mapped,pipeline_output,FR_Vil_15_41
http://berglandlab.uvadcos.io/dest_mapped/pipeline_output/FR_Vil_16_9/,dest_mapped,pipeline_output,FR_Vil_16_9
http://berglandlab.uvadcos.io/dest_mapped/pipeline_output/GA_at_14_fall/,dest_mapped,pipeline_output,GA_at_14_fall
http://berglandlab.uvadcos.io/dest_mapped/pipeline_output/GA_at_14_spring/,dest_mapped,pipeline_output,GA_at_14_spring
http://berglandlab.uvadcos.io/dest_mapped/pipeline_output/GA_ha_08_spring/,dest_mapped,pipeline_output,GA_ha_08_spring
http://berglandlab.uvadcos.io/dest_mapped/pipeline_output/GS_Des_15_1/,dest_mapped,pipeline_output,GS_Des_15_1
http://berglandlab.uvadcos.io/dest_mapped/pipeline_output/GS_Sai_15_2/,dest_mapped,pipeline_output,GS_Sai_15_2
http://berglandlab.uvadcos.io/dest_mapped/pipeline_output/HU_Sze_16_14/,dest_mapped,pipeline_output,HU_Sze_16_14
http://berglandlab.uvadcos.io/dest_mapped/pipeline_output/IL_ur_15_spring/,dest_mapped,pipeline_output,IL_ur_15_spring
http://berglandlab.uvadcos.io/dest_mapped/pipeline_output/IT_Mez_15_43/,dest_mapped,pipeline_output,IT_Mez_15_43
http://berglandlab.uvadcos.io/dest_mapped/pipeline_output/IT_Mez_15_44/,dest_mapped,pipeline_output,IT_Mez_15_44
http://berglandlab.uvadcos.io/dest_mapped/pipeline_output/IT_Tre_16_15/,dest_mapped,pipeline_output,IT_Tre_16_15
http://berglandlab.uvadcos.io/dest_mapped/pipeline_output/KA_to_14_fall/,dest_mapped,pipeline_output,KA_to_14_fall
http://berglandlab.uvadcos.io/dest_mapped/pipeline_output/KA_to_14_spring/,dest_mapped,pipeline_output,KA_to_14_spring
http://berglandlab.uvadcos.io/dest_mapped/pipeline_output/MA_la_12_fall/,dest_mapped,pipeline_output,MA_la_12_fall
http://berglandlab.uvadcos.io/dest_mapped/pipeline_output/MA_la_12_spring/,dest_mapped,pipeline_output,MA_la_12_spring
http://berglandlab.uvadcos.io/dest_mapped/pipeline_output/MA_la_14_fall/,dest_mapped,pipeline_output,MA_la_14_fall
http://berglandlab.uvadcos.io/dest_mapped/pipeline_output/MA_la_14_spring/,dest_mapped,pipeline_output,MA_la_14_spring
http://berglandlab.uvadcos.io/dest_mapped/pipeline_output/ME_bo_09_fall.r1/,dest_mapped,pipeline_output,ME_bo_09_fall.r1
http://berglandlab.uvadcos.io/dest_mapped/pipeline_output/ME_bo_09_fall.r2/,dest_mapped,pipeline_output,ME_bo_09_fall.r2
http://berglandlab.uvadcos.io/dest_mapped/pipeline_output/MI_bh_14_fall/,dest_mapped,pipeline_output,MI_bh_14_fall
http://berglandlab.uvadcos.io/dest_mapped/pipeline_output/MI_bh_14_spring/,dest_mapped,pipeline_output,MI_bh_14_spring
http://berglandlab.uvadcos.io/dest_mapped/pipeline_output/NC_ra_03_n/,dest_mapped,pipeline_output,NC_ra_03_n
http://berglandlab.uvadcos.io/dest_mapped/pipeline_output/NY_it_12_fall/,dest_mapped,pipeline_output,NY_it_12_fall
http://berglandlab.uvadcos.io/dest_mapped/pipeline_output/NY_it_12_spring/,dest_mapped,pipeline_output,NY_it_12_spring
http://berglandlab.uvadcos.io/dest_mapped/pipeline_output/ON_su_15_fall/,dest_mapped,pipeline_output,ON_su_15_fall
http://berglandlab.uvadcos.io/dest_mapped/pipeline_output/ON_su_15_spring/,dest_mapped,pipeline_output,ON_su_15_spring
http://berglandlab.uvadcos.io/dest_mapped/pipeline_output/PA_li_09_fall/,dest_mapped,pipeline_output,PA_li_09_fall
http://berglandlab.uvadcos.io/dest_mapped/pipeline_output/PA_li_09_spring/,dest_mapped,pipeline_output,PA_li_09_spring
http://berglandlab.uvadcos.io/dest_mapped/pipeline_output/PA_li_10_fall/,dest_mapped,pipeline_output,PA_li_10_fall
http://berglandlab.uvadcos.io/dest_mapped/pipeline_output/PA_li_10_spring/,dest_mapped,pipeline_output,PA_li_10_spring
http://berglandlab.uvadcos.io/dest_mapped/pipeline_output/PA_li_11_fall/,dest_mapped,pipeline_output,PA_li_11_fall
http://berglandlab.uvadcos.io/dest_mapped/pipeline_output/PA_li_11_frost/,dest_mapped,pipeline_output,PA_li_11_frost
http://berglandlab.uvadcos.io/dest_mapped/pipeline_output/PA_li_11_spring/,dest_mapped,pipeline_output,PA_li_11_spring
http://berglandlab.uvadcos.io/dest_mapped/pipeline_output/PA_li_12_fall/,dest_mapped,pipeline_output,PA_li_12_fall
http://berglandlab.uvadcos.io/dest_mapped/pipeline_output/PA_li_12_spring/,dest_mapped,pipeline_output,PA_li_12_spring
http://berglandlab.uvadcos.io/dest_mapped/pipeline_output/PA_li_12_sum/,dest_mapped,pipeline_output,PA_li_12_sum
http://berglandlab.uvadcos.io/dest_mapped/pipeline_output/PA_li_13_spring/,dest_mapped,pipeline_output,PA_li_13_spring
http://berglandlab.uvadcos.io/dest_mapped/pipeline_output/PA_li_14_fall/,dest_mapped,pipeline_output,PA_li_14_fall
http://berglandlab.uvadcos.io/dest_mapped/pipeline_output/PA_li_14_spring/,dest_mapped,pipeline_output,PA_li_14_spring
http://berglandlab.uvadcos.io/dest_mapped/pipeline_output/PA_li_15_fall/,dest_mapped,pipeline_output,PA_li_15_fall
http://berglandlab.uvadcos.io/dest_mapped/pipeline_output/PA_li_15_spring/,dest_mapped,pipeline_output,PA_li_15_spring
http://berglandlab.uvadcos.io/dest_mapped/pipeline_output/PA_st_14_fall/,dest_mapped,pipeline_output,PA_st_14_fall
http://berglandlab.uvadcos.io/dest_mapped/pipeline_output/PA_st_14_spring/,dest_mapped,pipeline_output,PA_st_14_spring
http://berglandlab.uvadcos.io/dest_mapped/pipeline_output/PA_st_15_spring/,dest_mapped,pipeline_output,PA_st_15_spring
http://berglandlab.uvadcos.io/dest_mapped/pipeline_output/PO_Brz_15_12/,dest_mapped,pipeline_output,PO_Brz_15_12
http://berglandlab.uvadcos.io/dest_mapped/pipeline_output/PO_Brz_16_17/,dest_mapped,pipeline_output,PO_Brz_16_17
http://berglandlab.uvadcos.io/dest_mapped/pipeline_output/PO_Gda_16_16/,dest_mapped,pipeline_output,PO_Gda_16_16
http://berglandlab.uvadcos.io/dest_mapped/pipeline_output/PT_Rec_14_33/,dest_mapped,pipeline_output,PT_Rec_14_33
http://berglandlab.uvadcos.io/dest_mapped/pipeline_output/PT_Rec_15_16/,dest_mapped,pipeline_output,PT_Rec_15_16
http://berglandlab.uvadcos.io/dest_mapped/pipeline_output/PT_Rec_16_18/,dest_mapped,pipeline_output,PT_Rec_16_18
http://berglandlab.uvadcos.io/dest_mapped/pipeline_output/RS_Kal_16_28/,dest_mapped,pipeline_output,RS_Kal_16_28
http://berglandlab.uvadcos.io/dest_mapped/pipeline_output/RS_Kal_16_29/,dest_mapped,pipeline_output,RS_Kal_16_29
http://berglandlab.uvadcos.io/dest_mapped/pipeline_output/RS_Sla_16_30/,dest_mapped,pipeline_output,RS_Sla_16_30
http://berglandlab.uvadcos.io/dest_mapped/pipeline_output/RS_Sla_16_31/,dest_mapped,pipeline_output,RS_Sla_16_31
http://berglandlab.uvadcos.io/dest_mapped/pipeline_output/RU_Ale_15_55/,dest_mapped,pipeline_output,RU_Ale_15_55
http://berglandlab.uvadcos.io/dest_mapped/pipeline_output/RU_Ale_16_22/,dest_mapped,pipeline_output,RU_Ale_16_22
http://berglandlab.uvadcos.io/dest_mapped/pipeline_output/RU_Val_14_51/,dest_mapped,pipeline_output,RU_Val_14_51
http://berglandlab.uvadcos.io/dest_mapped/pipeline_output/RU_Val_16_19/,dest_mapped,pipeline_output,RU_Val_16_19
http://berglandlab.uvadcos.io/dest_mapped/pipeline_output/RU_Val_16_20/,dest_mapped,pipeline_output,RU_Val_16_20
http://berglandlab.uvadcos.io/dest_mapped/pipeline_output/RU_Val_16_21/,dest_mapped,pipeline_output,RU_Val_16_21
http://berglandlab.uvadcos.io/dest_mapped/pipeline_output/RU_tul_15_37/,dest_mapped,pipeline_output,RU_tul_15_37
http://berglandlab.uvadcos.io/dest_mapped/pipeline_output/RU_val_15_36/,dest_mapped,pipeline_output,RU_val_15_36
http://berglandlab.uvadcos.io/dest_mapped/pipeline_output/RU_val_15_38/,dest_mapped,pipeline_output,RU_val_15_38
http://berglandlab.uvadcos.io/dest_mapped/pipeline_output/SC_eu_10_spring/,dest_mapped,pipeline_output,SC_eu_10_spring
http://berglandlab.uvadcos.io/dest_mapped/pipeline_output/SE_Lun_14_30/,dest_mapped,pipeline_output,SE_Lun_14_30
http://berglandlab.uvadcos.io/dest_mapped/pipeline_output/SE_Lun_15_14/,dest_mapped,pipeline_output,SE_Lun_15_14
http://berglandlab.uvadcos.io/dest_mapped/pipeline_output/SE_Lun_15_15/,dest_mapped,pipeline_output,SE_Lun_15_15
http://berglandlab.uvadcos.io/dest_mapped/pipeline_output/TR_Yes_14_03/,dest_mapped,pipeline_output,TR_Yes_14_03
http://berglandlab.uvadcos.io/dest_mapped/pipeline_output/TR_Yes_14_04/,dest_mapped,pipeline_output,TR_Yes_14_04
http://berglandlab.uvadcos.io/dest_mapped/pipeline_output/TR_Yes_15_3/,dest_mapped,pipeline_output,TR_Yes_15_3
http://berglandlab.uvadcos.io/dest_mapped/pipeline_output/TR_Yes_15_4/,dest_mapped,pipeline_output,TR_Yes_15_4
http://berglandlab.uvadcos.io/dest_mapped/pipeline_output/TR_Yes_15_5/,dest_mapped,pipeline_output,TR_Yes_15_5
http://berglandlab.uvadcos.io/dest_mapped/pipeline_output/TR_Yes_15_6/,dest_mapped,pipeline_output,TR_Yes_15_6
http://berglandlab.uvadcos.io/dest_mapped/pipeline_output/TR_Yes_15_7/,dest_mapped,pipeline_output,TR_Yes_15_7
http://berglandlab.uvadcos.io/dest_mapped/pipeline_output/TR_Yes_15_8/,dest_mapped,pipeline_output,TR_Yes_15_8
http://berglandlab.uvadcos.io/dest_mapped/pipeline_output/TR_Yes_16_39/,dest_mapped,pipeline_output,TR_Yes_16_39
http://berglandlab.uvadcos.io/dest_mapped/pipeline_output/TR_Yes_16_40/,dest_mapped,pipeline_output,TR_Yes_16_40
http://berglandlab.uvadcos.io/dest_mapped/pipeline_output/TR_Yes_16_41/,dest_mapped,pipeline_output,TR_Yes_16_41
http://berglandlab.uvadcos.io/dest_mapped/pipeline_output/TR_Yes_16_42/,dest_mapped,pipeline_output,TR_Yes_16_42
http://berglandlab.uvadcos.io/dest_mapped/pipeline_output/TR_Yes_16_43/,dest_mapped,pipeline_output,TR_Yes_16_43
http://berglandlab.uvadcos.io/dest_mapped/pipeline_output/TR_Yes_16_52/,dest_mapped,pipeline_output,TR_Yes_16_52
http://berglandlab.uvadcos.io/dest_mapped/pipeline_output/UA_Che_14_28/,dest_mapped,pipeline_output,UA_Che_14_28
http://berglandlab.uvadcos.io/dest_mapped/pipeline_output/UA_Che_14_29/,dest_mapped,pipeline_output,UA_Che_14_29
http://berglandlab.uvadcos.io/dest_mapped/pipeline_output/UA_Che_14_47/,dest_mapped,pipeline_output,UA_Che_14_47
http://berglandlab.uvadcos.io/dest_mapped/pipeline_output/UA_Che_14_48/,dest_mapped,pipeline_output,UA_Che_14_48
http://berglandlab.uvadcos.io/dest_mapped/pipeline_output/UA_Cho_15_24/,dest_mapped,pipeline_output,UA_Cho_15_24
http://berglandlab.uvadcos.io/dest_mapped/pipeline_output/UA_Cho_15_25/,dest_mapped,pipeline_output,UA_Cho_15_25
http://berglandlab.uvadcos.io/dest_mapped/pipeline_output/UA_Cho_15_26/,dest_mapped,pipeline_output,UA_Cho_15_26
http://berglandlab.uvadcos.io/dest_mapped/pipeline_output/UA_Cho_15_27/,dest_mapped,pipeline_output,UA_Cho_15_27
http://berglandlab.uvadcos.io/dest_mapped/pipeline_output/UA_Cho_15_65/,dest_mapped,pipeline_output,UA_Cho_15_65
http://berglandlab.uvadcos.io/dest_mapped/pipeline_output/UA_Cho_15_67/,dest_mapped,pipeline_output,UA_Cho_15_67
http://berglandlab.uvadcos.io/dest_mapped/pipeline_output/UA_Cho_15_68/,dest_mapped,pipeline_output,UA_Cho_15_68
http://berglandlab.uvadcos.io/dest_mapped/pipeline_output/UA_Cho_15_69/,dest_mapped,pipeline_output,UA_Cho_15_69
http://berglandlab.uvadcos.io/dest_mapped/pipeline_output/UA_Cho_15_70/,dest_mapped,pipeline_output,UA_Cho_15_70
http://berglandlab.uvadcos.io/dest_mapped/pipeline_output/UA_Cho_16_54/,dest_mapped,pipeline_output,UA_Cho_16_54
http://berglandlab.uvadcos.io/dest_mapped/pipeline_output/UA_Cho_16_55/,dest_mapped,pipeline_output,UA_Cho_16_55
http://berglandlab.uvadcos.io/dest_mapped/pipeline_output/UA_Cho_16_62/,dest_mapped,pipeline_output,UA_Cho_16_62
http://berglandlab.uvadcos.io/dest_mapped/pipeline_output/UA_Dro_14_27/,dest_mapped,pipeline_output,UA_Dro_14_27
http://berglandlab.uvadcos.io/dest_mapped/pipeline_output/UA_Dro_15_10/,dest_mapped,pipeline_output,UA_Dro_15_10
http://berglandlab.uvadcos.io/dest_mapped/pipeline_output/UA_Dro_16_56/,dest_mapped,pipeline_output,UA_Dro_16_56
http://berglandlab.uvadcos.io/dest_mapped/pipeline_output/UA_Kan_16_57/,dest_mapped,pipeline_output,UA_Kan_16_57
http://berglandlab.uvadcos.io/dest_mapped/pipeline_output/UA_Kha_14_45/,dest_mapped,pipeline_output,UA_Kha_14_45
http://berglandlab.uvadcos.io/dest_mapped/pipeline_output/UA_Kha_14_46/,dest_mapped,pipeline_output,UA_Kha_14_46
http://berglandlab.uvadcos.io/dest_mapped/pipeline_output/UA_Kha_15_19/,dest_mapped,pipeline_output,UA_Kha_15_19
http://berglandlab.uvadcos.io/dest_mapped/pipeline_output/UA_Kha_16_58/,dest_mapped,pipeline_output,UA_Kha_16_58
http://berglandlab.uvadcos.io/dest_mapped/pipeline_output/UA_Kyi_14_23/,dest_mapped,pipeline_output,UA_Kyi_14_23
http://berglandlab.uvadcos.io/dest_mapped/pipeline_output/UA_Kyi_14_24/,dest_mapped,pipeline_output,UA_Kyi_14_24
http://berglandlab.uvadcos.io/dest_mapped/pipeline_output/UA_Kyi_14_49/,dest_mapped,pipeline_output,UA_Kyi_14_49
http://berglandlab.uvadcos.io/dest_mapped/pipeline_output/UA_Kyi_15_64/,dest_mapped,pipeline_output,UA_Kyi_15_64
http://berglandlab.uvadcos.io/dest_mapped/pipeline_output/UA_Kyi_16_44/,dest_mapped,pipeline_output,UA_Kyi_16_44
http://berglandlab.uvadcos.io/dest_mapped/pipeline_output/UA_Kyi_16_45/,dest_mapped,pipeline_output,UA_Kyi_16_45
http://berglandlab.uvadcos.io/dest_mapped/pipeline_output/UA_Kyi_16_59/,dest_mapped,pipeline_output,UA_Kyi_16_59
http://berglandlab.uvadcos.io/dest_mapped/pipeline_output/UA_Ode_14_19/,dest_mapped,pipeline_output,UA_Ode_14_19
http://berglandlab.uvadcos.io/dest_mapped/pipeline_output/UA_Ode_14_20/,dest_mapped,pipeline_output,UA_Ode_14_20
http://berglandlab.uvadcos.io/dest_mapped/pipeline_output/UA_Ode_14_21/,dest_mapped,pipeline_output,UA_Ode_14_21
http://berglandlab.uvadcos.io/dest_mapped/pipeline_output/UA_Ode_14_22/,dest_mapped,pipeline_output,UA_Ode_14_22
http://berglandlab.uvadcos.io/dest_mapped/pipeline_output/UA_Ode_15_11/,dest_mapped,pipeline_output,UA_Ode_15_11
http://berglandlab.uvadcos.io/dest_mapped/pipeline_output/UA_Ode_15_20/,dest_mapped,pipeline_output,UA_Ode_15_20
http://berglandlab.uvadcos.io/dest_mapped/pipeline_output/UA_Ode_15_22/,dest_mapped,pipeline_output,UA_Ode_15_22
http://berglandlab.uvadcos.io/dest_mapped/pipeline_output/UA_Ode_15_66/,dest_mapped,pipeline_output,UA_Ode_15_66
http://berglandlab.uvadcos.io/dest_mapped/pipeline_output/UA_Ode_16_46/,dest_mapped,pipeline_output,UA_Ode_16_46
http://berglandlab.uvadcos.io/dest_mapped/pipeline_output/UA_Ode_16_47/,dest_mapped,pipeline_output,UA_Ode_16_47
http://berglandlab.uvadcos.io/dest_mapped/pipeline_output/UA_Pir_14_26/,dest_mapped,pipeline_output,UA_Pir_14_26
http://berglandlab.uvadcos.io/dest_mapped/pipeline_output/UA_Pir_15_21/,dest_mapped,pipeline_output,UA_Pir_15_21
http://berglandlab.uvadcos.io/dest_mapped/pipeline_output/UA_Pyr_16_48/,dest_mapped,pipeline_output,UA_Pyr_16_48
http://berglandlab.uvadcos.io/dest_mapped/pipeline_output/UA_Pyr_16_49/,dest_mapped,pipeline_output,UA_Pyr_16_49
http://berglandlab.uvadcos.io/dest_mapped/pipeline_output/UA_Uma_14_50/,dest_mapped,pipeline_output,UA_Uma_14_50
http://berglandlab.uvadcos.io/dest_mapped/pipeline_output/UA_Uma_15_9/,dest_mapped,pipeline_output,UA_Uma_15_9
http://berglandlab.uvadcos.io/dest_mapped/pipeline_output/UA_Uma_16_50/,dest_mapped,pipeline_output,UA_Uma_16_50
http://berglandlab.uvadcos.io/dest_mapped/pipeline_output/UA_Uma_16_51/,dest_mapped,pipeline_output,UA_Uma_16_51
http://berglandlab.uvadcos.io/dest_mapped/pipeline_output/UA_Var_14_25/,dest_mapped,pipeline_output,UA_Var_14_25
http://berglandlab.uvadcos.io/dest_mapped/pipeline_output/UA_Var_15_18/,dest_mapped,pipeline_output,UA_Var_15_18
http://berglandlab.uvadcos.io/dest_mapped/pipeline_output/UA_Var_16_60/,dest_mapped,pipeline_output,UA_Var_16_60
http://berglandlab.uvadcos.io/dest_mapped/pipeline_output/UA_Yal_14_16/,dest_mapped,pipeline_output,UA_Yal_14_16
http://berglandlab.uvadcos.io/dest_mapped/pipeline_output/UA_Yal_14_18/,dest_mapped,pipeline_output,UA_Yal_14_18
http://berglandlab.uvadcos.io/dest_mapped/pipeline_output/UA_Yal_15_23/,dest_mapped,pipeline_output,UA_Yal_15_23
http://berglandlab.uvadcos.io/dest_mapped/pipeline_output/UA_Yal_15_63/,dest_mapped,pipeline_output,UA_Yal_15_63
http://berglandlab.uvadcos.io/dest_mapped/pipeline_output/UA_Yal_16_61/,dest_mapped,pipeline_output,UA_Yal_16_61
http://berglandlab.uvadcos.io/dest_mapped/pipeline_output/UA_od_13_fall/,dest_mapped,pipeline_output,UA_od_13_fall
http://berglandlab.uvadcos.io/dest_mapped/pipeline_output/UA_od_13_spring/,dest_mapped,pipeline_output,UA_od_13_spring
http://berglandlab.uvadcos.io/dest_mapped/pipeline_output/UK_Dai_15_52/,dest_mapped,pipeline_output,UK_Dai_15_52
http://berglandlab.uvadcos.io/dest_mapped/pipeline_output/UK_Dai_16_23/,dest_mapped,pipeline_output,UK_Dai_16_23
http://berglandlab.uvadcos.io/dest_mapped/pipeline_output/UK_Lut_14_13/,dest_mapped,pipeline_output,UK_Lut_14_13
http://berglandlab.uvadcos.io/dest_mapped/pipeline_output/UK_Mar_14_12/,dest_mapped,pipeline_output,UK_Mar_14_12
http://berglandlab.uvadcos.io/dest_mapped/pipeline_output/UK_Mar_15_42/,dest_mapped,pipeline_output,UK_Mar_15_42
http://berglandlab.uvadcos.io/dest_mapped/pipeline_output/UK_Mar_16_53/,dest_mapped,pipeline_output,UK_Mar_16_53
http://berglandlab.uvadcos.io/dest_mapped/pipeline_output/UK_She_14_09/,dest_mapped,pipeline_output,UK_She_14_09
http://berglandlab.uvadcos.io/dest_mapped/pipeline_output/UK_She_15_17/,dest_mapped,pipeline_output,UK_She_15_17
http://berglandlab.uvadcos.io/dest_mapped/pipeline_output/UK_Sou_14_10/,dest_mapped,pipeline_output,UK_Sou_14_10
http://berglandlab.uvadcos.io/dest_mapped/pipeline_output/VA_ch_12_fall/,dest_mapped,pipeline_output,VA_ch_12_fall
http://berglandlab.uvadcos.io/dest_mapped/pipeline_output/VA_ch_12_spring/,dest_mapped,pipeline_output,VA_ch_12_spring
http://berglandlab.uvadcos.io/dest_mapped/pipeline_output/VA_ch_14_fall/,dest_mapped,pipeline_output,VA_ch_14_fall
http://berglandlab.uvadcos.io/dest_mapped/pipeline_output/VA_ch_14_spring/,dest_mapped,pipeline_output,VA_ch_14_spring
http://berglandlab.uvadcos.io/dest_mapped/pipeline_output/VA_ch_15_fall/,dest_mapped,pipeline_output,VA_ch_15_fall
http://berglandlab.uvadcos.io/dest_mapped/pipeline_output/VA_ch_15_spring/,dest_mapped,pipeline_output,VA_ch_15_spring
http://berglandlab.uvadcos.io/dest_mapped/pipeline_output/WA_se_14_spring/,dest_mapped,pipeline_output,WA_se_14_spring
http://berglandlab.uvadcos.io/dest_mapped/pipeline_output/WI_cp_12_fall/,dest_mapped,pipeline_output,WI_cp_12_fall
http://berglandlab.uvadcos.io/dest_mapped/pipeline_output/WI_cp_12_frost/,dest_mapped,pipeline_output,WI_cp_12_frost
http://berglandlab.uvadcos.io/dest_mapped/pipeline_output/WI_cp_12_spring/,dest_mapped,pipeline_output,WI_cp_12_spring
http://berglandlab.uvadcos.io/dest_mapped/pipeline_output/WI_cp_13_fall/,dest_mapped,pipeline_output,WI_cp_13_fall
http://berglandlab.uvadcos.io/dest_mapped/pipeline_output/WI_cp_13_spring/,dest_mapped,pipeline_output,WI_cp_13_spring
http://berglandlab.uvadcos.io/dest_mapped/pipeline_output/WI_cp_14_fall/,dest_mapped,pipeline_output,WI_cp_14_fall
http://berglandlab.uvadcos.io/dest_mapped/pipeline_output/WI_cp_14_spring/,dest_mapped,pipeline_output,WI_cp_14_spring