http://berglandlab.uvadcos.io/dest_mapped/pipeline_output/AT_Mau_14_01/AT_Mau_14_01.SNAPE.monomorphic.masked.sync.gz,6f307bd1f23699c5c3db4c70ab09bf2e
http://berglandlab.uvadcos.io/dest_mapped/pipeline_output/AT_Mau_14_01/AT_Mau_14_01.SNAPE.monomorphic.masked.sync.gz.tbi,f7f8b1aeee1f2247782fc682f48bc37b
http://berglandlab.uvadcos.io/dest_mapped/pipeline_output/AT_Mau_14_02/AT_Mau_14_02.SNAPE.monomorphic.masked.sync.gz,12815e1c4b56e96d6b895bc675fca284
http://berglandlab.uvadcos.io/dest_mapped/pipeline_output/AT_Mau_14_02/AT_Mau_14_02.SNAPE.monomorphic.masked.sync.gz.tbi,e083b6a546d061aff1d73d5a17bfb38a
http://berglandlab.uvadcos.io/dest_mapped/pipeline_output/AT_Mau_15_50/AT_Mau_15_50.SNAPE.monomorphic.masked.sync.gz,15936d1e0ed0fb19c421d9d4cd218ce4
http://berglandlab.uvadcos.io/dest_mapped/pipeline_output/AT_Mau_15_50/AT_Mau_15_50.SNAPE.monomorphic.masked.sync.gz.tbi,0477173d6da16cba3c21cd6fe788cd1c
http://berglandlab.uvadcos.io/dest_mapped/pipeline_output/AT_Mau_15_51/AT_Mau_15_51.SNAPE.monomorphic.masked.sync.gz,2694b1dde628082cfaddd1726cd6f578
http://berglandlab.uvadcos.io/dest_mapped/pipeline_output/AT_Mau_15_51/AT_Mau_15_51.SNAPE.monomorphic.masked.sync.gz.tbi,6b248a3b7dde863de904856dc97d1e03
http://berglandlab.uvadcos.io/dest_mapped/pipeline_output/AT_See_14_44/AT_See_14_44.SNAPE.monomorphic.masked.sync.gz,89bfaa7dcff580dc345974b58c53dc44
http://berglandlab.uvadcos.io/dest_mapped/pipeline_output/AT_See_14_44/AT_See_14_44.SNAPE.monomorphic.masked.sync.gz.tbi,14b1f5efd77bd077a57946a840e2192b
http://berglandlab.uvadcos.io/dest_mapped/pipeline_output/AT_See_16_1/AT_See_16_1.SNAPE.monomorphic.masked.sync.gz,936bec3c267f6b6b2005024846831c56
http://berglandlab.uvadcos.io/dest_mapped/pipeline_output/AT_See_16_1/AT_See_16_1.SNAPE.monomorphic.masked.sync.gz.tbi,fac551937f9972c42d0228dfeb437039
http://berglandlab.uvadcos.io/dest_mapped/pipeline_output/AT_gr_12_fall/AT_gr_12_fall.SNAPE.monomorphic.masked.sync.gz,0b8174283c3d68b48781729aa3e2f455
http://berglandlab.uvadcos.io/dest_mapped/pipeline_output/AT_gr_12_fall/AT_gr_12_fall.SNAPE.monomorphic.masked.sync.gz.tbi,fc387628e3eb6df6b5799a2aeafeca5e
http://berglandlab.uvadcos.io/dest_mapped/pipeline_output/AT_gr_12_spring/AT_gr_12_spring.SNAPE.monomorphic.masked.sync.gz,ec16e8a36e90340573096d1600065832
http://berglandlab.uvadcos.io/dest_mapped/pipeline_output/AT_gr_12_spring/AT_gr_12_spring.SNAPE.monomorphic.masked.sync.gz.tbi,a78e95cc5b8f676cc48efade37da0dda
http://berglandlab.uvadcos.io/dest_mapped/pipeline_output/BY_Bre_15_13/BY_Bre_15_13.SNAPE.monomorphic.masked.sync.gz,3e2d35bae1ecc33281f43fdaac1438d3
http://berglandlab.uvadcos.io/dest_mapped/pipeline_output/BY_Bre_15_13/BY_Bre_15_13.SNAPE.monomorphic.masked.sync.gz.tbi,9b99522970dd427de92e70b1a2c3eda1
http://berglandlab.uvadcos.io/dest_mapped/pipeline_output/CA_es_12_fall/CA_es_12_fall.SNAPE.monomorphic.masked.sync.gz,c0a4e502facf834c4551a291659fb515
http://berglandlab.uvadcos.io/dest_mapped/pipeline_output/CA_es_12_fall/CA_es_12_fall.SNAPE.monomorphic.masked.sync.gz.tbi,04cd5633af4a5d6355600a966727ee84
http://berglandlab.uvadcos.io/dest_mapped/pipeline_output/CA_es_12_frost/CA_es_12_frost.SNAPE.monomorphic.masked.sync.gz,828a5ea6f3a22b711e57f9ba2f5a2808
http://berglandlab.uvadcos.io/dest_mapped/pipeline_output/CA_es_12_frost/CA_es_12_frost.SNAPE.monomorphic.masked.sync.gz.tbi,e729990f9b12aa18571c8ab0c094cecb
http://berglandlab.uvadcos.io/dest_mapped/pipeline_output/CA_es_12_spring/CA_es_12_spring.SNAPE.monomorphic.masked.sync.gz,54d27b461fac0a6c113563e29a0e5952
http://berglandlab.uvadcos.io/dest_mapped/pipeline_output/CA_es_12_spring/CA_es_12_spring.SNAPE.monomorphic.masked.sync.gz.tbi,51bb8743dd8f2e57838476095527e201
http://berglandlab.uvadcos.io/dest_mapped/pipeline_output/CA_es_13_fall/CA_es_13_fall.SNAPE.monomorphic.masked.sync.gz,d3446f65485c0d26a68642e4d476a05a
http://berglandlab.uvadcos.io/dest_mapped/pipeline_output/CA_es_13_fall/CA_es_13_fall.SNAPE.monomorphic.masked.sync.gz.tbi,a328ad5f1e04e15c8a270eef0d896e15
http://berglandlab.uvadcos.io/dest_mapped/pipeline_output/CA_es_13_spring/CA_es_13_spring.SNAPE.monomorphic.masked.sync.gz,35163bd2781667f5eedb71436a40cbf6
http://berglandlab.uvadcos.io/dest_mapped/pipeline_output/CA_es_13_spring/CA_es_13_spring.SNAPE.monomorphic.masked.sync.gz.tbi,148756eda772872f93c4556efff198c8
http://berglandlab.uvadcos.io/dest_mapped/pipeline_output/CA_pl_12_fall/CA_pl_12_fall.SNAPE.monomorphic.masked.sync.gz,17bbb5b6be592dca16838e513a63d8db
http://berglandlab.uvadcos.io/dest_mapped/pipeline_output/CA_pl_12_fall/CA_pl_12_fall.SNAPE.monomorphic.masked.sync.gz.tbi,eeba0d36e49465fde466746033421dbd
http://berglandlab.uvadcos.io/dest_mapped/pipeline_output/CA_pl_12_frost/CA_pl_12_frost.SNAPE.monomorphic.masked.sync.gz,f36f8e2d619ac082ce014a8496607de2
http://berglandlab.uvadcos.io/dest_mapped/pipeline_output/CA_pl_12_frost/CA_pl_12_frost.SNAPE.monomorphic.masked.sync.gz.tbi,fdd8231c7834544ddd4bf744bbd30c49
http://berglandlab.uvadcos.io/dest_mapped/pipeline_output/CA_pl_13_fall/CA_pl_13_fall.SNAPE.monomorphic.masked.sync.gz,85a8321e90f49b6ab179bbc36036d3b1
http://berglandlab.uvadcos.io/dest_mapped/pipeline_output/CA_pl_13_fall/CA_pl_13_fall.SNAPE.monomorphic.masked.sync.gz.tbi,d43ba1ddf6f373dcb6d2df25c018abc5
http://berglandlab.uvadcos.io/dest_mapped/pipeline_output/CA_pl_13_frost/CA_pl_13_frost.SNAPE.monomorphic.masked.sync.gz,2c7afa0014dccdea21d1a476e8ff89cd
http://berglandlab.uvadcos.io/dest_mapped/pipeline_output/CA_pl_13_frost/CA_pl_13_frost.SNAPE.monomorphic.masked.sync.gz.tbi,7e2076c192e03b315fb200c1f1d19da3
http://berglandlab.uvadcos.io/dest_mapped/pipeline_output/CA_st_12_fall/CA_st_12_fall.SNAPE.monomorphic.masked.sync.gz,08fdf0bad8931cce9caaa7b64f042677
http://berglandlab.uvadcos.io/dest_mapped/pipeline_output/CA_st_12_fall/CA_st_12_fall.SNAPE.monomorphic.masked.sync.gz.tbi,c91c5df19a4a6f6ca4e9d4562dbc5abc
http://berglandlab.uvadcos.io/dest_mapped/pipeline_output/CA_st_12_frost/CA_st_12_frost.SNAPE.monomorphic.masked.sync.gz,cff9e98a402359de3ca48c813c68b433
http://berglandlab.uvadcos.io/dest_mapped/pipeline_output/CA_st_12_frost/CA_st_12_frost.SNAPE.monomorphic.masked.sync.gz.tbi,d03df8410f0391755e3fd54ef119ab54
http://berglandlab.uvadcos.io/dest_mapped/pipeline_output/CA_st_13_fall/CA_st_13_fall.SNAPE.monomorphic.masked.sync.gz,b49a9431f5c87edaa7fe9cc1da5b9d2e
http://berglandlab.uvadcos.io/dest_mapped/pipeline_output/CA_st_13_fall/CA_st_13_fall.SNAPE.monomorphic.masked.sync.gz.tbi,f921e2b1db0da18e0b54c4b3aa9588f3
http://berglandlab.uvadcos.io/dest_mapped/pipeline_output/CA_tu_12_fall/CA_tu_12_fall.SNAPE.monomorphic.masked.sync.gz,1add86551a83762c95798b8024e4f613
http://berglandlab.uvadcos.io/dest_mapped/pipeline_output/CA_tu_12_fall/CA_tu_12_fall.SNAPE.monomorphic.masked.sync.gz.tbi,c95cfc08dd0126983c431011827319fb
http://berglandlab.uvadcos.io/dest_mapped/pipeline_output/CA_tu_12_frost/CA_tu_12_frost.SNAPE.monomorphic.masked.sync.gz,4a49355f1b118e676311b527a24547e3
http://berglandlab.uvadcos.io/dest_mapped/pipeline_output/CA_tu_12_frost/CA_tu_12_frost.SNAPE.monomorphic.masked.sync.gz.tbi,8a455c50cbc3a518c46c8afa3b78a769
http://berglandlab.uvadcos.io/dest_mapped/pipeline_output/CA_tu_13_fall/CA_tu_13_fall.SNAPE.monomorphic.masked.sync.gz,5dfe977cf33c53ab9e8086456d53fef9
http://berglandlab.uvadcos.io/dest_mapped/pipeline_output/CA_tu_13_fall/CA_tu_13_fall.SNAPE.monomorphic.masked.sync.gz.tbi,599b6ade203f8e71bbd9235fd32e789e
http://berglandlab.uvadcos.io/dest_mapped/pipeline_output/CA_tu_13_frost/CA_tu_13_frost.SNAPE.monomorphic.masked.sync.gz,f9a9a5af7f64555ae9e6d33706e35d19
http://berglandlab.uvadcos.io/dest_mapped/pipeline_output/CA_tu_13_frost/CA_tu_13_frost.SNAPE.monomorphic.masked.sync.gz.tbi,ff4f27da8352f00f98481fbdc67b4597
http://berglandlab.uvadcos.io/dest_mapped/pipeline_output/CA_tu_13_spring/CA_tu_13_spring.SNAPE.monomorphic.masked.sync.gz,3164ccde7ce42dc2b4a99458493fbc7c
http://berglandlab.uvadcos.io/dest_mapped/pipeline_output/CA_tu_13_spring/CA_tu_13_spring.SNAPE.monomorphic.masked.sync.gz.tbi,8303d7da6d659a4e436f1c41d7aa9b95
http://berglandlab.uvadcos.io/dest_mapped/pipeline_output/CH_Cha_14_42/CH_Cha_14_42.SNAPE.monomorphic.masked.sync.gz,b09f25f7702a8669ffc8f51c44e09359
http://berglandlab.uvadcos.io/dest_mapped/pipeline_output/CH_Cha_14_42/CH_Cha_14_42.SNAPE.monomorphic.masked.sync.gz.tbi,8ca3bbaf45ef4a7920d50f92e21f007f
http://berglandlab.uvadcos.io/dest_mapped/pipeline_output/CH_Cha_14_43/CH_Cha_14_43.SNAPE.monomorphic.masked.sync.gz,7e02eceebe7ca1d9537df08f0cb72216
http://berglandlab.uvadcos.io/dest_mapped/pipeline_output/CH_Cha_14_43/CH_Cha_14_43.SNAPE.monomorphic.masked.sync.gz.tbi,f7f29100f95f176353e94d5709fa439c
http://berglandlab.uvadcos.io/dest_mapped/pipeline_output/CH_Cha_15_39/CH_Cha_15_39.SNAPE.monomorphic.masked.sync.gz,bdcc90e2244a0b48bbd17a16e545fcb2
http://berglandlab.uvadcos.io/dest_mapped/pipeline_output/CH_Cha_15_39/CH_Cha_15_39.SNAPE.monomorphic.masked.sync.gz.tbi,8cc8c0116e2a63c5a2fb6ab2b9942db0
http://berglandlab.uvadcos.io/dest_mapped/pipeline_output/CH_Cha_16_38/CH_Cha_16_38.SNAPE.monomorphic.masked.sync.gz,b0515c2eff39c39482dbc387f49e1381
http://berglandlab.uvadcos.io/dest_mapped/pipeline_output/CH_Cha_16_38/CH_Cha_16_38.SNAPE.monomorphic.masked.sync.gz.tbi,846d223bfdea924b62e29538342b170b
http://berglandlab.uvadcos.io/dest_mapped/pipeline_output/CY_Nic_14_11/CY_Nic_14_11.SNAPE.monomorphic.masked.sync.gz,768f49b9a83c161e4d115c372d211295
http://berglandlab.uvadcos.io/dest_mapped/pipeline_output/CY_Nic_14_11/CY_Nic_14_11.SNAPE.monomorphic.masked.sync.gz.tbi,7304d07930ee568a1ff053605583700e
http://berglandlab.uvadcos.io/dest_mapped/pipeline_output/DE_Bro_14_14/DE_Bro_14_14.SNAPE.monomorphic.masked.sync.gz,874250386d2e0f17ee8dcd1632714aac
http://berglandlab.uvadcos.io/dest_mapped/pipeline_output/DE_Bro_14_14/DE_Bro_14_14.SNAPE.monomorphic.masked.sync.gz.tbi,3a654f82d7a126f5f9454a9194612bf7
http://berglandlab.uvadcos.io/dest_mapped/pipeline_output/DE_Bro_14_15/DE_Bro_14_15.SNAPE.monomorphic.masked.sync.gz,88d89de6d290bd76acb309852a279979
http://berglandlab.uvadcos.io/dest_mapped/pipeline_output/DE_Bro_14_15/DE_Bro_14_15.SNAPE.monomorphic.masked.sync.gz.tbi,aef15caa6f962b14f745193e16994b18
http://berglandlab.uvadcos.io/dest_mapped/pipeline_output/DE_Bro_15_53/DE_Bro_15_53.SNAPE.monomorphic.masked.sync.gz,043eb765e8e1ba31aeb01b273b6514e0
http://berglandlab.uvadcos.io/dest_mapped/pipeline_output/DE_Bro_15_53/DE_Bro_15_53.SNAPE.monomorphic.masked.sync.gz.tbi,098cd61ffd32c3277bbfcb5ddc125b11
http://berglandlab.uvadcos.io/dest_mapped/pipeline_output/DE_Bro_15_54/DE_Bro_15_54.SNAPE.monomorphic.masked.sync.gz,d106505b7bfcf2d2a45aba8c52823b73
http://berglandlab.uvadcos.io/dest_mapped/pipeline_output/DE_Bro_15_54/DE_Bro_15_54.SNAPE.monomorphic.masked.sync.gz.tbi,a97bdacf37c8f617620698aeef83f32f
http://berglandlab.uvadcos.io/dest_mapped/pipeline_output/DE_Bro_16_10/DE_Bro_16_10.SNAPE.monomorphic.masked.sync.gz,62978a401f95af72bff5d887508cd65a
http://berglandlab.uvadcos.io/dest_mapped/pipeline_output/DE_Bro_16_10/DE_Bro_16_10.SNAPE.monomorphic.masked.sync.gz.tbi,8ab743178e3cf362a4aac0f9cbf97471
http://berglandlab.uvadcos.io/dest_mapped/pipeline_output/DE_Bro_16_11/DE_Bro_16_11.SNAPE.monomorphic.masked.sync.gz,6694e8b3a425f79206a750a90902de24
http://berglandlab.uvadcos.io/dest_mapped/pipeline_output/DE_Bro_16_11/DE_Bro_16_11.SNAPE.monomorphic.masked.sync.gz.tbi,7354a89fad999d38b4630964eac2ee8c
http://berglandlab.uvadcos.io/dest_mapped/pipeline_output/DE_Mun_14_31/DE_Mun_14_31.SNAPE.monomorphic.masked.sync.gz,5b637c9a1f949f1dd51bd6131533f262
http://berglandlab.uvadcos.io/dest_mapped/pipeline_output/DE_Mun_14_31/DE_Mun_14_31.SNAPE.monomorphic.masked.sync.gz.tbi,4cfb33adad77870b5c26af423e35528e
http://berglandlab.uvadcos.io/dest_mapped/pipeline_output/DE_Mun_14_32/DE_Mun_14_32.SNAPE.monomorphic.masked.sync.gz,1832479dbbb6d9868e3b6ee8c35ae915
http://berglandlab.uvadcos.io/dest_mapped/pipeline_output/DE_Mun_14_32/DE_Mun_14_32.SNAPE.monomorphic.masked.sync.gz.tbi,6b0054b63001e94a551edde002c2d1e0
http://berglandlab.uvadcos.io/dest_mapped/pipeline_output/DE_Mun_15_45/DE_Mun_15_45.SNAPE.monomorphic.masked.sync.gz,c72b1953f801819ba0951f3a657c1dab
http://berglandlab.uvadcos.io/dest_mapped/pipeline_output/DE_Mun_15_45/DE_Mun_15_45.SNAPE.monomorphic.masked.sync.gz.tbi,7b9d2f94f305e46cd3fbdf0e6fb8e9e4
http://berglandlab.uvadcos.io/dest_mapped/pipeline_output/DE_Mun_15_46/DE_Mun_15_46.SNAPE.monomorphic.masked.sync.gz,e2efad63307085723687cc3dbc385f15
http://berglandlab.uvadcos.io/dest_mapped/pipeline_output/DE_Mun_15_46/DE_Mun_15_46.SNAPE.monomorphic.masked.sync.gz.tbi,5bdc169164b38ad681789379169dc9ca
http://berglandlab.uvadcos.io/dest_mapped/pipeline_output/DE_Mun_16_12/DE_Mun_16_12.SNAPE.monomorphic.masked.sync.gz,65e655a9a6fc3d9c85cd25f8d6a16d76
http://berglandlab.uvadcos.io/dest_mapped/pipeline_output/DE_Mun_16_12/DE_Mun_16_12.SNAPE.monomorphic.masked.sync.gz.tbi,763d6f2b86bbbc0fdc26872765cabca1
http://berglandlab.uvadcos.io/dest_mapped/pipeline_output/DE_Mun_16_13/DE_Mun_16_13.SNAPE.monomorphic.masked.sync.gz,1a8b7b3dae6522f0b36ee24dad21570b
http://berglandlab.uvadcos.io/dest_mapped/pipeline_output/DE_Mun_16_13/DE_Mun_16_13.SNAPE.monomorphic.masked.sync.gz.tbi,0da489a696f14bbe0f58f87211482d1f
http://berglandlab.uvadcos.io/dest_mapped/pipeline_output/DK_Kar_14_39/DK_Kar_14_39.SNAPE.monomorphic.masked.sync.gz,d19e3582cae65b0f58fd05d47eac4c19
http://berglandlab.uvadcos.io/dest_mapped/pipeline_output/DK_Kar_14_39/DK_Kar_14_39.SNAPE.monomorphic.masked.sync.gz.tbi,dc68dddce0f86c44f47a789085e451be
http://berglandlab.uvadcos.io/dest_mapped/pipeline_output/DK_Kar_14_41/DK_Kar_14_41.SNAPE.monomorphic.masked.sync.gz,592ff4fcf4a7cd3848a4785c79c3f89a
http://berglandlab.uvadcos.io/dest_mapped/pipeline_output/DK_Kar_14_41/DK_Kar_14_41.SNAPE.monomorphic.masked.sync.gz.tbi,4fa57867a3a15b436ea7ff37b220535d
http://berglandlab.uvadcos.io/dest_mapped/pipeline_output/DK_Kar_16_2/DK_Kar_16_2.SNAPE.monomorphic.masked.sync.gz,d53b0aec8f5e4d7eba89c9cdd074f78a
http://berglandlab.uvadcos.io/dest_mapped/pipeline_output/DK_Kar_16_2/DK_Kar_16_2.SNAPE.monomorphic.masked.sync.gz.tbi,de9bde7b36462890a864784890be1050
http://berglandlab.uvadcos.io/dest_mapped/pipeline_output/DK_Kar_16_3/DK_Kar_16_3.SNAPE.monomorphic.masked.sync.gz,472a6ba4429138bd55120dc8484748e8
http://berglandlab.uvadcos.io/dest_mapped/pipeline_output/DK_Kar_16_3/DK_Kar_16_3.SNAPE.monomorphic.masked.sync.gz.tbi,d1296901d3e3c4bcc8b5f32f3d69ffbc
http://berglandlab.uvadcos.io/dest_mapped/pipeline_output/DK_Kar_16_4/DK_Kar_16_4.SNAPE.monomorphic.masked.sync.gz,4cabc6c6c51408cf55af6fb6dc6aa98f
http://berglandlab.uvadcos.io/dest_mapped/pipeline_output/DK_Kar_16_4/DK_Kar_16_4.SNAPE.monomorphic.masked.sync.gz.tbi,c411c0fdb19b450918166d0efa59795a
http://berglandlab.uvadcos.io/dest_mapped/pipeline_output/ES_Ben_16_32/ES_Ben_16_32.SNAPE.monomorphic.masked.sync.gz,0ce8cde715f6a13c4c9aaaaf041382c9
http://berglandlab.uvadcos.io/dest_mapped/pipeline_output/ES_Ben_16_32/ES_Ben_16_32.SNAPE.monomorphic.masked.sync.gz.tbi,7daba924d18c9fdc33aac3356d52435c
http://berglandlab.uvadcos.io/dest_mapped/pipeline_output/ES_Cor_15_33/ES_Cor_15_33.SNAPE.monomorphic.masked.sync.gz,d72329b5599aac9a29c4e6b5fb66742d
http://berglandlab.uvadcos.io/dest_mapped/pipeline_output/ES_Cor_15_33/ES_Cor_15_33.SNAPE.monomorphic.masked.sync.gz.tbi,ab7999a5f1c945af41da4038ffa5b03c
http://berglandlab.uvadcos.io/dest_mapped/pipeline_output/ES_Gim_14_34/ES_Gim_14_34.SNAPE.monomorphic.masked.sync.gz,dcf166dc0574adb910b0e2ee58ffc039
http://berglandlab.uvadcos.io/dest_mapped/pipeline_output/ES_Gim_14_34/ES_Gim_14_34.SNAPE.monomorphic.masked.sync.gz.tbi,f33e291aa535f1889edde6aee9032f15
http://berglandlab.uvadcos.io/dest_mapped/pipeline_output/ES_Gim_14_35/ES_Gim_14_35.SNAPE.monomorphic.masked.sync.gz,fb0a9767522d4a5077dbedefe50cee3f
http://berglandlab.uvadcos.io/dest_mapped/pipeline_output/ES_Gim_14_35/ES_Gim_14_35.SNAPE.monomorphic.masked.sync.gz.tbi,a601cc6f46d07e2a990b8eb34903ea3c
http://berglandlab.uvadcos.io/dest_mapped/pipeline_output/ES_Gim_15_30/ES_Gim_15_30.SNAPE.monomorphic.masked.sync.gz,5930e0f5bdb237a511df7ccbf115a82b
http://berglandlab.uvadcos.io/dest_mapped/pipeline_output/ES_Gim_15_30/ES_Gim_15_30.SNAPE.monomorphic.masked.sync.gz.tbi,389f11ae78e1e55144e1e86b0e8cabc6
http://berglandlab.uvadcos.io/dest_mapped/pipeline_output/ES_Gim_15_31/ES_Gim_15_31.SNAPE.monomorphic.masked.sync.gz,2a60824cc9db580adb8aaaa83e198827
http://berglandlab.uvadcos.io/dest_mapped/pipeline_output/ES_Gim_15_31/ES_Gim_15_31.SNAPE.monomorphic.masked.sync.gz.tbi,a709e867cd38ae095e61ebec99775076
http://berglandlab.uvadcos.io/dest_mapped/pipeline_output/ES_Gim_16_33/ES_Gim_16_33.SNAPE.monomorphic.masked.sync.gz,20567dea2bce840b07290d316626b8b1
http://berglandlab.uvadcos.io/dest_mapped/pipeline_output/ES_Gim_16_33/ES_Gim_16_33.SNAPE.monomorphic.masked.sync.gz.tbi,b51a351c0ea7e5bb78732fa343b511ba
http://berglandlab.uvadcos.io/dest_mapped/pipeline_output/ES_Gim_16_34/ES_Gim_16_34.SNAPE.monomorphic.masked.sync.gz,bbc87cc03427349780fc47617fe68c32
http://berglandlab.uvadcos.io/dest_mapped/pipeline_output/ES_Gim_16_34/ES_Gim_16_34.SNAPE.monomorphic.masked.sync.gz.tbi,76d09f203f3f94a2d2146b3cb7f1c252
http://berglandlab.uvadcos.io/dest_mapped/pipeline_output/ES_Gua_15_32/ES_Gua_15_32.SNAPE.monomorphic.masked.sync.gz,f83e0569ee2eca3ac65b85acccf51611
http://berglandlab.uvadcos.io/dest_mapped/pipeline_output/ES_Gua_15_32/ES_Gua_15_32.SNAPE.monomorphic.masked.sync.gz.tbi,1b5d97ecd9fe8d84c570b7adfeace9f8
http://berglandlab.uvadcos.io/dest_mapped/pipeline_output/ES_Pur_16_35/ES_Pur_16_35.SNAPE.monomorphic.masked.sync.gz,ac3516553c7e30002d56a19a5b08a56a
http://berglandlab.uvadcos.io/dest_mapped/pipeline_output/ES_Pur_16_35/ES_Pur_16_35.SNAPE.monomorphic.masked.sync.gz.tbi,488507f8dcfce5d418a7e0830ee74190
http://berglandlab.uvadcos.io/dest_mapped/pipeline_output/ES_Tom_15_28/ES_Tom_15_28.SNAPE.monomorphic.masked.sync.gz,4e370b555271599850ae01f79231f306
http://berglandlab.uvadcos.io/dest_mapped/pipeline_output/ES_Tom_15_28/ES_Tom_15_28.SNAPE.monomorphic.masked.sync.gz.tbi,b947dec9b345c0efdd674a8677ead8ce
http://berglandlab.uvadcos.io/dest_mapped/pipeline_output/ES_Tom_15_29/ES_Tom_15_29.SNAPE.monomorphic.masked.sync.gz,51e771b2e2901d2a29dd6a803b0c59fa
http://berglandlab.uvadcos.io/dest_mapped/pipeline_output/ES_Tom_15_29/ES_Tom_15_29.SNAPE.monomorphic.masked.sync.gz.tbi,eda304f87d60ed61c53567dae8b67147
http://berglandlab.uvadcos.io/dest_mapped/pipeline_output/ES_Tom_16_36/ES_Tom_16_36.SNAPE.monomorphic.masked.sync.gz,46a1bcf154b49e2c3f0ecd6af68d9487
http://berglandlab.uvadcos.io/dest_mapped/pipeline_output/ES_Tom_16_36/ES_Tom_16_36.SNAPE.monomorphic.masked.sync.gz.tbi,c275fb2fadd71bb7fa8e7640397d2389
http://berglandlab.uvadcos.io/dest_mapped/pipeline_output/ES_Tom_16_37/ES_Tom_16_37.SNAPE.monomorphic.masked.sync.gz,f1afb6ec3690e569ae264a6adfa95c15
http://berglandlab.uvadcos.io/dest_mapped/pipeline_output/ES_Tom_16_37/ES_Tom_16_37.SNAPE.monomorphic.masked.sync.gz.tbi,ed45f2208c39e22d967a80d6b8748db4
http://berglandlab.uvadcos.io/dest_mapped/pipeline_output/ES_ba_12_fall/ES_ba_12_fall.SNAPE.monomorphic.masked.sync.gz,4cc52132eb4431bc6b92c6324b5484b5
http://berglandlab.uvadcos.io/dest_mapped/pipeline_output/ES_ba_12_fall/ES_ba_12_fall.SNAPE.monomorphic.masked.sync.gz.tbi,a624c7ef35d07bcaa26ad52248bdd78a
http://berglandlab.uvadcos.io/dest_mapped/pipeline_output/ES_ba_12_spring/ES_ba_12_spring.SNAPE.monomorphic.masked.sync.gz,fa0f7776b34981ae39053b5e4cead96d
http://berglandlab.uvadcos.io/dest_mapped/pipeline_output/ES_ba_12_spring/ES_ba_12_spring.SNAPE.monomorphic.masked.sync.gz.tbi,5f543f6a30c920410365f9f3ff1d3b6b
http://berglandlab.uvadcos.io/dest_mapped/pipeline_output/FI_Aka_14_36/FI_Aka_14_36.SNAPE.monomorphic.masked.sync.gz,e25961f097d46cdff281ec73701d7e04
http://berglandlab.uvadcos.io/dest_mapped/pipeline_output/FI_Aka_14_36/FI_Aka_14_36.SNAPE.monomorphic.masked.sync.gz.tbi,76341a81fb3e2e91a446c8c5d5b293ff
http://berglandlab.uvadcos.io/dest_mapped/pipeline_output/FI_Aka_14_37/FI_Aka_14_37.SNAPE.monomorphic.masked.sync.gz,71a99ffe93680550cd7f5c1d724ff4b2
http://berglandlab.uvadcos.io/dest_mapped/pipeline_output/FI_Aka_14_37/FI_Aka_14_37.SNAPE.monomorphic.masked.sync.gz.tbi,6b92badcc4059ac1aa46e3079cd9786a
http://berglandlab.uvadcos.io/dest_mapped/pipeline_output/FI_Aka_15_34/FI_Aka_15_34.SNAPE.monomorphic.masked.sync.gz,42c04bd8a38361f13ac53d78149c0bf1
http://berglandlab.uvadcos.io/dest_mapped/pipeline_output/FI_Aka_15_34/FI_Aka_15_34.SNAPE.monomorphic.masked.sync.gz.tbi,52b88fa4c7afa38a174d8347a75907ec
http://berglandlab.uvadcos.io/dest_mapped/pipeline_output/FI_Aka_15_35/FI_Aka_15_35.SNAPE.monomorphic.masked.sync.gz,6755cc35bba7165fca55f1c294492d94
http://berglandlab.uvadcos.io/dest_mapped/pipeline_output/FI_Aka_15_35/FI_Aka_15_35.SNAPE.monomorphic.masked.sync.gz.tbi,b37b9d09fc379325b11d4ac82c851c46
http://berglandlab.uvadcos.io/dest_mapped/pipeline_output/FI_Aka_16_5/FI_Aka_16_5.SNAPE.monomorphic.masked.sync.gz,c8455be1ea4bcb7a0cea39664e22d44b
http://berglandlab.uvadcos.io/dest_mapped/pipeline_output/FI_Aka_16_5/FI_Aka_16_5.SNAPE.monomorphic.masked.sync.gz.tbi,d7cb3e570e04ef36f817261a50c659d4
http://berglandlab.uvadcos.io/dest_mapped/pipeline_output/FI_Aka_16_6/FI_Aka_16_6.SNAPE.monomorphic.masked.sync.gz,716ef0f682ffa1909729782613c01c77
http://berglandlab.uvadcos.io/dest_mapped/pipeline_output/FI_Aka_16_6/FI_Aka_16_6.SNAPE.monomorphic.masked.sync.gz.tbi,a79016e0439f68a25b2c7695d98e5c91
http://berglandlab.uvadcos.io/dest_mapped/pipeline_output/FI_Ves_14_38/FI_Ves_14_38.SNAPE.monomorphic.masked.sync.gz,cf8c04b9715f66a55b92708e057f8db2
http://berglandlab.uvadcos.io/dest_mapped/pipeline_output/FI_Ves_14_38/FI_Ves_14_38.SNAPE.monomorphic.masked.sync.gz.tbi,8afca7a23adfff67cd9e693dd9c631f7
http://berglandlab.uvadcos.io/dest_mapped/pipeline_output/FI_Ves_16_7/FI_Ves_16_7.SNAPE.monomorphic.masked.sync.gz,7b358b7956755f53fa44738cf7e3f7ed
http://berglandlab.uvadcos.io/dest_mapped/pipeline_output/FI_Ves_16_7/FI_Ves_16_7.SNAPE.monomorphic.masked.sync.gz.tbi,25b79401f4fbdec3333dd5d7f8684241
http://berglandlab.uvadcos.io/dest_mapped/pipeline_output/FL_ho_10_fall/FL_ho_10_fall.SNAPE.monomorphic.masked.sync.gz,1f2cf5fcbd5b1c6b91c1fbef0296f466
http://berglandlab.uvadcos.io/dest_mapped/pipeline_output/FL_ho_10_fall/FL_ho_10_fall.SNAPE.monomorphic.masked.sync.gz.tbi,e782f26f7928ce9672b2817fa5349836
http://berglandlab.uvadcos.io/dest_mapped/pipeline_output/FL_ho_10_spring/FL_ho_10_spring.SNAPE.monomorphic.masked.sync.gz,740c646369c656bc2b8584b80b1b34ab
http://berglandlab.uvadcos.io/dest_mapped/pipeline_output/FL_ho_10_spring/FL_ho_10_spring.SNAPE.monomorphic.masked.sync.gz.tbi,389fb4cb55bed500ae304e0edfb47212
http://berglandlab.uvadcos.io/dest_mapped/pipeline_output/FR_Got_14_08/FR_Got_14_08.SNAPE.monomorphic.masked.sync.gz,68491466d69e167ca9158bc450919241
http://berglandlab.uvadcos.io/dest_mapped/pipeline_output/FR_Got_14_08/FR_Got_14_08.SNAPE.monomorphic.masked.sync.gz.tbi,698967bb8647766d5d7c9656ef1bf89e
http://berglandlab.uvadcos.io/dest_mapped/pipeline_output/FR_Got_15_47/FR_Got_15_47.SNAPE.monomorphic.masked.sync.gz,cd65e5526fb2032b84cbfb1770151f37
http://berglandlab.uvadcos.io/dest_mapped/pipeline_output/FR_Got_15_47/FR_Got_15_47.SNAPE.monomorphic.masked.sync.gz.tbi,e0bfb65c815749f9e3db75a20efaa3a0
http://berglandlab.uvadcos.io/dest_mapped/pipeline_output/FR_Got_15_48/FR_Got_15_48.SNAPE.monomorphic.masked.sync.gz,cba77a2fc3efe30bf9cd6d8c0a58558d
http://berglandlab.uvadcos.io/dest_mapped/pipeline_output/FR_Got_15_48/FR_Got_15_48.SNAPE.monomorphic.masked.sync.gz.tbi,e5c4872ca279bde589fc2d7e07a76a4b
http://berglandlab.uvadcos.io/dest_mapped/pipeline_output/FR_Got_15_49/FR_Got_15_49.SNAPE.monomorphic.masked.sync.gz,035a87295aeeb0964705798465555b9d
http://berglandlab.uvadcos.io/dest_mapped/pipeline_output/FR_Got_15_49/FR_Got_15_49.SNAPE.monomorphic.masked.sync.gz.tbi,29eaf711b90058950fd22fbdf25f9019
http://berglandlab.uvadcos.io/dest_mapped/pipeline_output/FR_Got_16_8/FR_Got_16_8.SNAPE.monomorphic.masked.sync.gz,395784b65eb7c4b5c1b5dd5b361e76a7
http://berglandlab.uvadcos.io/dest_mapped/pipeline_output/FR_Got_16_8/FR_Got_16_8.SNAPE.monomorphic.masked.sync.gz.tbi,3d81b0e53bb9a3575f9a25cc59c77fd6
http://berglandlab.uvadcos.io/dest_mapped/pipeline_output/FR_Vil_14_05/FR_Vil_14_05.SNAPE.monomorphic.masked.sync.gz,ae7e48b39db1b84143d304e070e19446
http://berglandlab.uvadcos.io/dest_mapped/pipeline_output/FR_Vil_14_05/FR_Vil_14_05.SNAPE.monomorphic.masked.sync.gz.tbi,a0fa0bb6b8cf7f5bacde09c05bda074e
http://berglandlab.uvadcos.io/dest_mapped/pipeline_output/FR_Vil_14_07/FR_Vil_14_07.SNAPE.monomorphic.masked.sync.gz,6659693952b592055ec0e644b898bbf7
http://berglandlab.uvadcos.io/dest_mapped/pipeline_output/FR_Vil_14_07/FR_Vil_14_07.SNAPE.monomorphic.masked.sync.gz.tbi,636df4affeec2730b760492dd9403523
http://berglandlab.uvadcos.io/dest_mapped/pipeline_output/FR_Vil_15_40/FR_Vil_15_40.SNAPE.monomorphic.masked.sync.gz,060d2aa28b41c5ce30004377c6bb67ba
http://berglandlab.uvadcos.io/dest_mapped/pipeline_output/FR_Vil_15_40/FR_Vil_15_40.SNAPE.monomorphic.masked.sync.gz.tbi,59f0e21dd1feb490826c8be4d532f5cd
http://berglandlab.uvadcos.io/dest_mapped/pipeline_output/FR_Vil_15_41/FR_Vil_15_41.SNAPE.monomorphic.masked.sync.gz,fb47e2e096c6a20d0d952734e37a5bf8
http://berglandlab.uvadcos.io/dest_mapped/pipeline_output/FR_Vil_15_41/FR_Vil_15_41.SNAPE.monomorphic.masked.sync.gz.tbi,c2dc2d311c84c40121b14e2bc99102ea
http://berglandlab.uvadcos.io/dest_mapped/pipeline_output/FR_Vil_16_9/FR_Vil_16_9.SNAPE.monomorphic.masked.sync.gz,cd857e8fd178c2941968531951f57653
http://berglandlab.uvadcos.io/dest_mapped/pipeline_output/FR_Vil_16_9/FR_Vil_16_9.SNAPE.monomorphic.masked.sync.gz.tbi,9afcb08ab2e56ba8302e51b1cec1faa4
http://berglandlab.uvadcos.io/dest_mapped/pipeline_output/GA_at_14_fall/GA_at_14_fall.SNAPE.monomorphic.masked.sync.gz,0c936b7c7d33b0e011756a228c363cd7
http://berglandlab.uvadcos.io/dest_mapped/pipeline_output/GA_at_14_fall/GA_at_14_fall.SNAPE.monomorphic.masked.sync.gz.tbi,e9ef49784d3366fd79d9a5ff20114493
http://berglandlab.uvadcos.io/dest_mapped/pipeline_output/GA_at_14_spring/GA_at_14_spring.SNAPE.monomorphic.masked.sync.gz,b6b5b75095c38918601ba0afff8b52cd
http://berglandlab.uvadcos.io/dest_mapped/pipeline_output/GA_at_14_spring/GA_at_14_spring.SNAPE.monomorphic.masked.sync.gz.tbi,c1b5ed45f1b75bd7fd859d6b85913005
http://berglandlab.uvadcos.io/dest_mapped/pipeline_output/GA_ha_08_spring/GA_ha_08_spring.SNAPE.monomorphic.masked.sync.gz,f127f3090becd2900cf34b40c663ba0c
http://berglandlab.uvadcos.io/dest_mapped/pipeline_output/GA_ha_08_spring/GA_ha_08_spring.SNAPE.monomorphic.masked.sync.gz.tbi,d878a274139931bf301989128b850fbd
http://berglandlab.uvadcos.io/dest_mapped/pipeline_output/GS_Des_15_1/GS_Des_15_1.SNAPE.monomorphic.masked.sync.gz,d2ac23b6f48dba57b308c65042b6ca90
http://berglandlab.uvadcos.io/dest_mapped/pipeline_output/GS_Des_15_1/GS_Des_15_1.SNAPE.monomorphic.masked.sync.gz.tbi,2549252b80a79b2664d010a440efe215
http://berglandlab.uvadcos.io/dest_mapped/pipeline_output/GS_Sai_15_2/GS_Sai_15_2.SNAPE.monomorphic.masked.sync.gz,db512dfc4dd489c7d052e741a2ae0e42
http://berglandlab.uvadcos.io/dest_mapped/pipeline_output/GS_Sai_15_2/GS_Sai_15_2.SNAPE.monomorphic.masked.sync.gz.tbi,da84a63fed05cee64cfeed6bdb4423ac
http://berglandlab.uvadcos.io/dest_mapped/pipeline_output/HU_Sze_16_14/HU_Sze_16_14.SNAPE.monomorphic.masked.sync.gz,b35e30ec4bb950f7453395f5351db138
http://berglandlab.uvadcos.io/dest_mapped/pipeline_output/HU_Sze_16_14/HU_Sze_16_14.SNAPE.monomorphic.masked.sync.gz.tbi,17b2dd6db17aa04f3834c37b62c30166
http://berglandlab.uvadcos.io/dest_mapped/pipeline_output/IL_ur_15_spring/IL_ur_15_spring.SNAPE.monomorphic.masked.sync.gz,035c40e7dd96456a930719bb2ab62b93
http://berglandlab.uvadcos.io/dest_mapped/pipeline_output/IL_ur_15_spring/IL_ur_15_spring.SNAPE.monomorphic.masked.sync.gz.tbi,b893a685d5e066616631b29b6fd11885
http://berglandlab.uvadcos.io/dest_mapped/pipeline_output/IT_Mez_15_43/IT_Mez_15_43.SNAPE.monomorphic.masked.sync.gz,372c9470050b332881bb417c9ffb375c
http://berglandlab.uvadcos.io/dest_mapped/pipeline_output/IT_Mez_15_43/IT_Mez_15_43.SNAPE.monomorphic.masked.sync.gz.tbi,968f8d249226c054fb683aea0627afa9
http://berglandlab.uvadcos.io/dest_mapped/pipeline_output/IT_Mez_15_44/IT_Mez_15_44.SNAPE.monomorphic.masked.sync.gz,1ec1023adf2ccafd53b3d0bffaad6d41
http://berglandlab.uvadcos.io/dest_mapped/pipeline_output/IT_Mez_15_44/IT_Mez_15_44.SNAPE.monomorphic.masked.sync.gz.tbi,7a1d29c11c1cf03ca35a52e20c7d0174
http://berglandlab.uvadcos.io/dest_mapped/pipeline_output/IT_Tre_16_15/IT_Tre_16_15.SNAPE.monomorphic.masked.sync.gz,0e8abb7c67eef0887d48755c6c9fd417
http://berglandlab.uvadcos.io/dest_mapped/pipeline_output/IT_Tre_16_15/IT_Tre_16_15.SNAPE.monomorphic.masked.sync.gz.tbi,fb0f511fd316e7f0c5edc9b14b986a60
http://berglandlab.uvadcos.io/dest_mapped/pipeline_output/KA_to_14_fall/KA_to_14_fall.SNAPE.monomorphic.masked.sync.gz,7ae6dcc6b90315ab2c210e6bc097d453
http://berglandlab.uvadcos.io/dest_mapped/pipeline_output/KA_to_14_fall/KA_to_14_fall.SNAPE.monomorphic.masked.sync.gz.tbi,60b1350ae6432f0c30138e564cbf2329
http://berglandlab.uvadcos.io/dest_mapped/pipeline_output/KA_to_14_spring/KA_to_14_spring.SNAPE.monomorphic.masked.sync.gz,c848b4c95b05accaae13ca84c8854fbd
http://berglandlab.uvadcos.io/dest_mapped/pipeline_output/KA_to_14_spring/KA_to_14_spring.SNAPE.monomorphic.masked.sync.gz.tbi,4105f132b4cb3154db69bf77bac52180
http://berglandlab.uvadcos.io/dest_mapped/pipeline_output/MA_la_12_fall/MA_la_12_fall.SNAPE.monomorphic.masked.sync.gz,32a91d2054ee60107bb7e89902496579
http://berglandlab.uvadcos.io/dest_mapped/pipeline_output/MA_la_12_fall/MA_la_12_fall.SNAPE.monomorphic.masked.sync.gz.tbi,27e3eb02e6f2d0688778cef91ca6e765
http://berglandlab.uvadcos.io/dest_mapped/pipeline_output/MA_la_12_spring/MA_la_12_spring.SNAPE.monomorphic.masked.sync.gz,59136ab26d2289459c376d4b5ec59eee
http://berglandlab.uvadcos.io/dest_mapped/pipeline_output/MA_la_12_spring/MA_la_12_spring.SNAPE.monomorphic.masked.sync.gz.tbi,8c5edebbbe7db1a467f2da811df11661
http://berglandlab.uvadcos.io/dest_mapped/pipeline_output/MA_la_14_fall/MA_la_14_fall.SNAPE.monomorphic.masked.sync.gz,cf35fd115170ff6f9351087304f66e5c
http://berglandlab.uvadcos.io/dest_mapped/pipeline_output/MA_la_14_fall/MA_la_14_fall.SNAPE.monomorphic.masked.sync.gz.tbi,6e173843870dac02af3cf6979be9343e
http://berglandlab.uvadcos.io/dest_mapped/pipeline_output/MA_la_14_spring/MA_la_14_spring.SNAPE.monomorphic.masked.sync.gz,fab5d402186d898100ad35dd283bd05e
http://berglandlab.uvadcos.io/dest_mapped/pipeline_output/MA_la_14_spring/MA_la_14_spring.SNAPE.monomorphic.masked.sync.gz.tbi,650056dec2e65ae5f8181a34c2ebb2f8
http://berglandlab.uvadcos.io/dest_mapped/pipeline_output/ME_bo_09_fall.r1/ME_bo_09_fall.r1.SNAPE.monomorphic.masked.sync.gz,3a8bdc7b4db29756c4d9e3fb83c1c462
http://berglandlab.uvadcos.io/dest_mapped/pipeline_output/ME_bo_09_fall.r1/ME_bo_09_fall.r1.SNAPE.monomorphic.masked.sync.gz.tbi,d802fc71bb994bd1c3845d9088b574c1
http://berglandlab.uvadcos.io/dest_mapped/pipeline_output/ME_bo_09_fall.r2/ME_bo_09_fall.r2.SNAPE.monomorphic.masked.sync.gz,f0a73fceebc49e928b19a9052340d0ee
http://berglandlab.uvadcos.io/dest_mapped/pipeline_output/ME_bo_09_fall.r2/ME_bo_09_fall.r2.SNAPE.monomorphic.masked.sync.gz.tbi,43002c9e82178259197cbc800b7d323f
http://berglandlab.uvadcos.io/dest_mapped/pipeline_output/MI_bh_14_fall/MI_bh_14_fall.SNAPE.monomorphic.masked.sync.gz,dc54b073599cc605dab118c65dcaf7ef
http://berglandlab.uvadcos.io/dest_mapped/pipeline_output/MI_bh_14_fall/MI_bh_14_fall.SNAPE.monomorphic.masked.sync.gz.tbi,bc0ac81d3910c842ca644435e26c851b
http://berglandlab.uvadcos.io/dest_mapped/pipeline_output/MI_bh_14_spring/MI_bh_14_spring.SNAPE.monomorphic.masked.sync.gz,6a130b45b85bace6deeebf6157d3cfa6
http://berglandlab.uvadcos.io/dest_mapped/pipeline_output/MI_bh_14_spring/MI_bh_14_spring.SNAPE.monomorphic.masked.sync.gz.tbi,356216c1afa18f411df0ad67baca163b
http://berglandlab.uvadcos.io/dest_mapped/pipeline_output/NC_ra_03_n/NC_ra_03_n.SNAPE.monomorphic.masked.sync.gz,7db764b3a773db67ed0308f8e3c27f07
http://berglandlab.uvadcos.io/dest_mapped/pipeline_output/NC_ra_03_n/NC_ra_03_n.SNAPE.monomorphic.masked.sync.gz.tbi,131bcef2abf3d9be660c5149910867a4
http://berglandlab.uvadcos.io/dest_mapped/pipeline_output/NY_it_12_fall/NY_it_12_fall.SNAPE.monomorphic.masked.sync.gz,4b7bd1d09a79304ce5fb1572a8b29430
http://berglandlab.uvadcos.io/dest_mapped/pipeline_output/NY_it_12_fall/NY_it_12_fall.SNAPE.monomorphic.masked.sync.gz.tbi,5c1ad665dc673990939f8f5c776da141
http://berglandlab.uvadcos.io/dest_mapped/pipeline_output/NY_it_12_spring/NY_it_12_spring.SNAPE.monomorphic.masked.sync.gz,dded1b8e21894ce882ab6bfaec4110c2
http://berglandlab.uvadcos.io/dest_mapped/pipeline_output/NY_it_12_spring/NY_it_12_spring.SNAPE.monomorphic.masked.sync.gz.tbi,dceb46e8ea8037b47ce73f147461a417
http://berglandlab.uvadcos.io/dest_mapped/pipeline_output/ON_su_15_fall/ON_su_15_fall.SNAPE.monomorphic.masked.sync.gz,5fbc648c50a3ac350a8b70457c23fd3c
http://berglandlab.uvadcos.io/dest_mapped/pipeline_output/ON_su_15_fall/ON_su_15_fall.SNAPE.monomorphic.masked.sync.gz.tbi,92a3aa58847f4d25578883a81dab426c
http://berglandlab.uvadcos.io/dest_mapped/pipeline_output/ON_su_15_spring/ON_su_15_spring.SNAPE.monomorphic.masked.sync.gz,d8be4d0b74bbf44375e94da9b2bf898e
http://berglandlab.uvadcos.io/dest_mapped/pipeline_output/ON_su_15_spring/ON_su_15_spring.SNAPE.monomorphic.masked.sync.gz.tbi,d190b366f2f330d9c4f8ee298153ba4d
http://berglandlab.uvadcos.io/dest_mapped/pipeline_output/PA_li_09_fall/PA_li_09_fall.SNAPE.monomorphic.masked.sync.gz,811e16794f52fb2ebe5d08f370581607
http://berglandlab.uvadcos.io/dest_mapped/pipeline_output/PA_li_09_fall/PA_li_09_fall.SNAPE.monomorphic.masked.sync.gz.tbi,ce79a2e8f1844e1c22ead7e64c57af3e
http://berglandlab.uvadcos.io/dest_mapped/pipeline_output/PA_li_09_spring/PA_li_09_spring.SNAPE.monomorphic.masked.sync.gz,a4a4297e8e4a84145b73cda81a31e474
http://berglandlab.uvadcos.io/dest_mapped/pipeline_output/PA_li_09_spring/PA_li_09_spring.SNAPE.monomorphic.masked.sync.gz.tbi,045c69230287a95f781da5dcefaea3d9
http://berglandlab.uvadcos.io/dest_mapped/pipeline_output/PA_li_10_fall/PA_li_10_fall.SNAPE.monomorphic.masked.sync.gz,4824c3f32be864d96ea90f885f70e7fd
http://berglandlab.uvadcos.io/dest_mapped/pipeline_output/PA_li_10_fall/PA_li_10_fall.SNAPE.monomorphic.masked.sync.gz.tbi,7a6b8bd41118d30bc6747578c785c2ec
http://berglandlab.uvadcos.io/dest_mapped/pipeline_output/PA_li_10_spring/PA_li_10_spring.SNAPE.monomorphic.masked.sync.gz,9dc2b2478e35f184361ac75e54893871
http://berglandlab.uvadcos.io/dest_mapped/pipeline_output/PA_li_10_spring/PA_li_10_spring.SNAPE.monomorphic.masked.sync.gz.tbi,2edd450b34dc610e7322a6c8a161a173
http://berglandlab.uvadcos.io/dest_mapped/pipeline_output/PA_li_11_fall/PA_li_11_fall.SNAPE.monomorphic.masked.sync.gz,6e237da91e2e60554110db12d51e3e07
http://berglandlab.uvadcos.io/dest_mapped/pipeline_output/PA_li_11_fall/PA_li_11_fall.SNAPE.monomorphic.masked.sync.gz.tbi,f565941843a2ccfdc9774dc42978e9f4
http://berglandlab.uvadcos.io/dest_mapped/pipeline_output/PA_li_11_frost/PA_li_11_frost.SNAPE.monomorphic.masked.sync.gz,7f5d283173b1630b4363fcecaa8924c0
http://berglandlab.uvadcos.io/dest_mapped/pipeline_output/PA_li_11_frost/PA_li_11_frost.SNAPE.monomorphic.masked.sync.gz.tbi,b4464e85c59458f4f60a8bf357e36ba9
http://berglandlab.uvadcos.io/dest_mapped/pipeline_output/PA_li_11_spring/PA_li_11_spring.SNAPE.monomorphic.masked.sync.gz,b9448aa9e824c7c0bb7c755b46be3a34
http://berglandlab.uvadcos.io/dest_mapped/pipeline_output/PA_li_11_spring/PA_li_11_spring.SNAPE.monomorphic.masked.sync.gz.tbi,44d04fc5c99a4c8b2ed77cf4e122feb8
http://berglandlab.uvadcos.io/dest_mapped/pipeline_output/PA_li_12_fall/PA_li_12_fall.SNAPE.monomorphic.masked.sync.gz,2648cbde64a23308efba4ddbe2b9adec
http://berglandlab.uvadcos.io/dest_mapped/pipeline_output/PA_li_12_fall/PA_li_12_fall.SNAPE.monomorphic.masked.sync.gz.tbi,59c9b4035b4444be86ac51c055d6a636
http://berglandlab.uvadcos.io/dest_mapped/pipeline_output/PA_li_12_spring/PA_li_12_spring.SNAPE.monomorphic.masked.sync.gz,0ce76cd3aa377416753de8b5fcfc0c27
http://berglandlab.uvadcos.io/dest_mapped/pipeline_output/PA_li_12_spring/PA_li_12_spring.SNAPE.monomorphic.masked.sync.gz.tbi,108350223015caff570a031c1e3f85c4
http://berglandlab.uvadcos.io/dest_mapped/pipeline_output/PA_li_12_sum/PA_li_12_sum.SNAPE.monomorphic.masked.sync.gz,2c69b88a0fe579d02912536c4eedfead
http://berglandlab.uvadcos.io/dest_mapped/pipeline_output/PA_li_12_sum/PA_li_12_sum.SNAPE.monomorphic.masked.sync.gz.tbi,977898daef939d17092bceb160356747
http://berglandlab.uvadcos.io/dest_mapped/pipeline_output/PA_li_13_spring/PA_li_13_spring.SNAPE.monomorphic.masked.sync.gz,241e7e011f92009bbba1791b71824efa
http://berglandlab.uvadcos.io/dest_mapped/pipeline_output/PA_li_13_spring/PA_li_13_spring.SNAPE.monomorphic.masked.sync.gz.tbi,131924509189cf1ba7aff1dd8e609252
http://berglandlab.uvadcos.io/dest_mapped/pipeline_output/PA_li_14_fall/PA_li_14_fall.SNAPE.monomorphic.masked.sync.gz,ea311af8fd7c9e60cd529e44e8057846
http://berglandlab.uvadcos.io/dest_mapped/pipeline_output/PA_li_14_fall/PA_li_14_fall.SNAPE.monomorphic.masked.sync.gz.tbi,8666c83326edbd70b5f24d7ff6348361
http://berglandlab.uvadcos.io/dest_mapped/pipeline_output/PA_li_14_spring/PA_li_14_spring.SNAPE.monomorphic.masked.sync.gz,daf4a3b7a12fa71945e8d94d6c17a69f
http://berglandlab.uvadcos.io/dest_mapped/pipeline_output/PA_li_14_spring/PA_li_14_spring.SNAPE.monomorphic.masked.sync.gz.tbi,8003719e2a0bd5bd160cc6208ed679d6
http://berglandlab.uvadcos.io/dest_mapped/pipeline_output/PA_li_15_fall/PA_li_15_fall.SNAPE.monomorphic.masked.sync.gz,1389e29172fd2dfa25c86acc98170377
http://berglandlab.uvadcos.io/dest_mapped/pipeline_output/PA_li_15_fall/PA_li_15_fall.SNAPE.monomorphic.masked.sync.gz.tbi,b995ae7680917a363e47045f3abc46a5
http://berglandlab.uvadcos.io/dest_mapped/pipeline_output/PA_li_15_spring/PA_li_15_spring.SNAPE.monomorphic.masked.sync.gz,acc1885ed2f3da85c4bd133e86d66d33
http://berglandlab.uvadcos.io/dest_mapped/pipeline_output/PA_li_15_spring/PA_li_15_spring.SNAPE.monomorphic.masked.sync.gz.tbi,1f6ae2b5e18afc9a57649b5694dfba58
http://berglandlab.uvadcos.io/dest_mapped/pipeline_output/PA_st_14_fall/PA_st_14_fall.SNAPE.monomorphic.masked.sync.gz,dc0102046dffb5b157e563e7de3de0b9
http://berglandlab.uvadcos.io/dest_mapped/pipeline_output/PA_st_14_fall/PA_st_14_fall.SNAPE.monomorphic.masked.sync.gz.tbi,69f0b1c199819231bbd16876a561c5de
http://berglandlab.uvadcos.io/dest_mapped/pipeline_output/PA_st_14_spring/PA_st_14_spring.SNAPE.monomorphic.masked.sync.gz,739d510da23424bfc64c45c8122d41bc
http://berglandlab.uvadcos.io/dest_mapped/pipeline_output/PA_st_14_spring/PA_st_14_spring.SNAPE.monomorphic.masked.sync.gz.tbi,357b54f85250ab3fcc524beacf8bf2b4
http://berglandlab.uvadcos.io/dest_mapped/pipeline_output/PA_st_15_spring/PA_st_15_spring.SNAPE.monomorphic.masked.sync.gz,bcc621075e689ef0fc19f6c25826f0c2
http://berglandlab.uvadcos.io/dest_mapped/pipeline_output/PA_st_15_spring/PA_st_15_spring.SNAPE.monomorphic.masked.sync.gz.tbi,ec76a88200c0dd807e9615c818f24bbe
http://berglandlab.uvadcos.io/dest_mapped/pipeline_output/PO_Brz_15_12/PO_Brz_15_12.SNAPE.monomorphic.masked.sync.gz,adbc8cd4e3fcdaceacd82ea7d005598d
http://berglandlab.uvadcos.io/dest_mapped/pipeline_output/PO_Brz_15_12/PO_Brz_15_12.SNAPE.monomorphic.masked.sync.gz.tbi,93ca12df35e39f5d5612ebfa616bb914
http://berglandlab.uvadcos.io/dest_mapped/pipeline_output/PO_Brz_16_17/PO_Brz_16_17.SNAPE.monomorphic.masked.sync.gz,db4fd6c7b2f0b0de7249ba0b8d2366d7
http://berglandlab.uvadcos.io/dest_mapped/pipeline_output/PO_Brz_16_17/PO_Brz_16_17.SNAPE.monomorphic.masked.sync.gz.tbi,e80f1b4ef42e5ed67addc50e56deb1bd
http://berglandlab.uvadcos.io/dest_mapped/pipeline_output/PO_Gda_16_16/PO_Gda_16_16.SNAPE.monomorphic.masked.sync.gz,0c95e6bedbc71a51cfcdf8cb73e19e5c
http://berglandlab.uvadcos.io/dest_mapped/pipeline_output/PO_Gda_16_16/PO_Gda_16_16.SNAPE.monomorphic.masked.sync.gz.tbi,baf86d085b4f2569e9d466669564ded3
http://berglandlab.uvadcos.io/dest_mapped/pipeline_output/PT_Rec_14_33/PT_Rec_14_33.SNAPE.monomorphic.masked.sync.gz,aae586225affc8867687c2558c5006cd
http://berglandlab.uvadcos.io/dest_mapped/pipeline_output/PT_Rec_14_33/PT_Rec_14_33.SNAPE.monomorphic.masked.sync.gz.tbi,1ed43246135fd6c1155921d7905f8bfc
http://berglandlab.uvadcos.io/dest_mapped/pipeline_output/PT_Rec_15_16/PT_Rec_15_16.SNAPE.monomorphic.masked.sync.gz,08e844b50407aa3a5a008b7cce207c5e
http://berglandlab.uvadcos.io/dest_mapped/pipeline_output/PT_Rec_15_16/PT_Rec_15_16.SNAPE.monomorphic.masked.sync.gz.tbi,ba7c5c74f2203be213771ca19802d88b
http://berglandlab.uvadcos.io/dest_mapped/pipeline_output/PT_Rec_16_18/PT_Rec_16_18.SNAPE.monomorphic.masked.sync.gz,37d411c509a77cd068933c87ff5d8a15
http://berglandlab.uvadcos.io/dest_mapped/pipeline_output/PT_Rec_16_18/PT_Rec_16_18.SNAPE.monomorphic.masked.sync.gz.tbi,e78c2a8fea69c6b06277a5607f040528
http://berglandlab.uvadcos.io/dest_mapped/pipeline_output/RS_Kal_16_28/RS_Kal_16_28.SNAPE.monomorphic.masked.sync.gz,c816b9d8d80ff2c9dd047857c929520e
http://berglandlab.uvadcos.io/dest_mapped/pipeline_output/RS_Kal_16_28/RS_Kal_16_28.SNAPE.monomorphic.masked.sync.gz.tbi,5795fdf844e2b7b69f63cb6a2f618340
http://berglandlab.uvadcos.io/dest_mapped/pipeline_output/RS_Kal_16_29/RS_Kal_16_29.SNAPE.monomorphic.masked.sync.gz,40253f52d42f8094124e51b27a7d2442
http://berglandlab.uvadcos.io/dest_mapped/pipeline_output/RS_Kal_16_29/RS_Kal_16_29.SNAPE.monomorphic.masked.sync.gz.tbi,3d315fb09db78d0ccd85abf217b02a46
http://berglandlab.uvadcos.io/dest_mapped/pipeline_output/RS_Sla_16_30/RS_Sla_16_30.SNAPE.monomorphic.masked.sync.gz,b9679caedff349ebb81f80af3ab8aafe
http://berglandlab.uvadcos.io/dest_mapped/pipeline_output/RS_Sla_16_30/RS_Sla_16_30.SNAPE.monomorphic.masked.sync.gz.tbi,d4823e4a2084f09a53745224e5933c9c
http://berglandlab.uvadcos.io/dest_mapped/pipeline_output/RS_Sla_16_31/RS_Sla_16_31.SNAPE.monomorphic.masked.sync.gz,027ceacf1bf54cf24875fc6dcbeb2033
http://berglandlab.uvadcos.io/dest_mapped/pipeline_output/RS_Sla_16_31/RS_Sla_16_31.SNAPE.monomorphic.masked.sync.gz.tbi,d947eaee4d33ac8f64b038b9b423a3d7
http://berglandlab.uvadcos.io/dest_mapped/pipeline_output/RU_Ale_15_55/RU_Ale_15_55.SNAPE.monomorphic.masked.sync.gz,f6362f636dceced60017071df2a3b503
http://berglandlab.uvadcos.io/dest_mapped/pipeline_output/RU_Ale_15_55/RU_Ale_15_55.SNAPE.monomorphic.masked.sync.gz.tbi,d9b35ab7bdf7a6923cca2dcf1a9a6c06
http://berglandlab.uvadcos.io/dest_mapped/pipeline_output/RU_Ale_16_22/RU_Ale_16_22.SNAPE.monomorphic.masked.sync.gz,3ca08b789429c379bb596c1fde23aa9e
http://berglandlab.uvadcos.io/dest_mapped/pipeline_output/RU_Ale_16_22/RU_Ale_16_22.SNAPE.monomorphic.masked.sync.gz.tbi,7667e4ced323e03b0848d92e9161604a
http://berglandlab.uvadcos.io/dest_mapped/pipeline_output/RU_Val_14_51/RU_Val_14_51.SNAPE.monomorphic.masked.sync.gz,e764c52dcefaa3bccf1ef8c28c8017af
http://berglandlab.uvadcos.io/dest_mapped/pipeline_output/RU_Val_14_51/RU_Val_14_51.SNAPE.monomorphic.masked.sync.gz.tbi,9e80fb89865598e7f58a71095e3b24d0
http://berglandlab.uvadcos.io/dest_mapped/pipeline_output/RU_Val_16_19/RU_Val_16_19.SNAPE.monomorphic.masked.sync.gz,831d6ae28fff645d94336fd8a80ca3ec
http://berglandlab.uvadcos.io/dest_mapped/pipeline_output/RU_Val_16_19/RU_Val_16_19.SNAPE.monomorphic.masked.sync.gz.tbi,cd0bd269042bd881ef7f5137c6c4c6c2
http://berglandlab.uvadcos.io/dest_mapped/pipeline_output/RU_Val_16_20/RU_Val_16_20.SNAPE.monomorphic.masked.sync.gz,588915953c0d3315a043f3bb62858196
http://berglandlab.uvadcos.io/dest_mapped/pipeline_output/RU_Val_16_20/RU_Val_16_20.SNAPE.monomorphic.masked.sync.gz.tbi,c6440bc09633e42f85c8e56b68722ad8
http://berglandlab.uvadcos.io/dest_mapped/pipeline_output/RU_Val_16_21/RU_Val_16_21.SNAPE.monomorphic.masked.sync.gz,ee24e78d1609e0511455cf146b111d18
http://berglandlab.uvadcos.io/dest_mapped/pipeline_output/RU_Val_16_21/RU_Val_16_21.SNAPE.monomorphic.masked.sync.gz.tbi,d9443e3354ed96be729032f7f01242fc
http://berglandlab.uvadcos.io/dest_mapped/pipeline_output/RU_tul_15_37/RU_tul_15_37.SNAPE.monomorphic.masked.sync.gz,0ea1ecc4f069810962a2d19a66e0f9f5
http://berglandlab.uvadcos.io/dest_mapped/pipeline_output/RU_tul_15_37/RU_tul_15_37.SNAPE.monomorphic.masked.sync.gz.tbi,e0287c87f9c43a602b0fdae63936393e
http://berglandlab.uvadcos.io/dest_mapped/pipeline_output/RU_val_15_36/RU_val_15_36.SNAPE.monomorphic.masked.sync.gz,57af056496154c477070d5e35b5aba71
http://berglandlab.uvadcos.io/dest_mapped/pipeline_output/RU_val_15_36/RU_val_15_36.SNAPE.monomorphic.masked.sync.gz.tbi,e97a02b247eddede263cb3022a7b2a71
http://berglandlab.uvadcos.io/dest_mapped/pipeline_output/RU_val_15_38/RU_val_15_38.SNAPE.monomorphic.masked.sync.gz,f5e07137afb087cbdb519ad858814eb9
http://berglandlab.uvadcos.io/dest_mapped/pipeline_output/RU_val_15_38/RU_val_15_38.SNAPE.monomorphic.masked.sync.gz.tbi,0cda486079abd7e4e6abe2c06ad0d259
http://berglandlab.uvadcos.io/dest_mapped/pipeline_output/SC_eu_10_spring/SC_eu_10_spring.SNAPE.monomorphic.masked.sync.gz,e7b638a8c6b8db5be744300cf9224d6d
http://berglandlab.uvadcos.io/dest_mapped/pipeline_output/SC_eu_10_spring/SC_eu_10_spring.SNAPE.monomorphic.masked.sync.gz.tbi,7030c3651b3620fa4dedaec906b25c4a
http://berglandlab.uvadcos.io/dest_mapped/pipeline_output/SE_Lun_14_30/SE_Lun_14_30.SNAPE.monomorphic.masked.sync.gz,9bc894d29fac452396603a82b899f1fd
http://berglandlab.uvadcos.io/dest_mapped/pipeline_output/SE_Lun_14_30/SE_Lun_14_30.SNAPE.monomorphic.masked.sync.gz.tbi,d6846a8c64701fd80f353930cc7b7410
http://berglandlab.uvadcos.io/dest_mapped/pipeline_output/SE_Lun_15_14/SE_Lun_15_14.SNAPE.monomorphic.masked.sync.gz,e76e6380d47c82f173964c67ad44bd09
http://berglandlab.uvadcos.io/dest_mapped/pipeline_output/SE_Lun_15_14/SE_Lun_15_14.SNAPE.monomorphic.masked.sync.gz.tbi,de23910ba756ad1a8e00a854a5f07b1a
http://berglandlab.uvadcos.io/dest_mapped/pipeline_output/SE_Lun_15_15/SE_Lun_15_15.SNAPE.monomorphic.masked.sync.gz,18a33e97ae76532c70587f9833b246dd
http://berglandlab.uvadcos.io/dest_mapped/pipeline_output/SE_Lun_15_15/SE_Lun_15_15.SNAPE.monomorphic.masked.sync.gz.tbi,5d22e55b6c7577aa795b601447fb0133
http://berglandlab.uvadcos.io/dest_mapped/pipeline_output/TR_Yes_14_03/TR_Yes_14_03.SNAPE.monomorphic.masked.sync.gz,914c686d4511d0c2a53178f1ce50d780
http://berglandlab.uvadcos.io/dest_mapped/pipeline_output/TR_Yes_14_03/TR_Yes_14_03.SNAPE.monomorphic.masked.sync.gz.tbi,fa77a583e187dcb828ffc5a5865f46d6
http://berglandlab.uvadcos.io/dest_mapped/pipeline_output/TR_Yes_14_04/TR_Yes_14_04.SNAPE.monomorphic.masked.sync.gz,54b37b96e9b36dec049c2710ee35c3c9
http://berglandlab.uvadcos.io/dest_mapped/pipeline_output/TR_Yes_14_04/TR_Yes_14_04.SNAPE.monomorphic.masked.sync.gz.tbi,e8949941c1431e107011cb498e211c7a
http://berglandlab.uvadcos.io/dest_mapped/pipeline_output/TR_Yes_15_3/TR_Yes_15_3.SNAPE.monomorphic.masked.sync.gz,f2db20edb603a3832e83d4d77649f2de
http://berglandlab.uvadcos.io/dest_mapped/pipeline_output/TR_Yes_15_3/TR_Yes_15_3.SNAPE.monomorphic.masked.sync.gz.tbi,70ce5417ce613ecae0aa701d1d7eb766
http://berglandlab.uvadcos.io/dest_mapped/pipeline_output/TR_Yes_15_4/TR_Yes_15_4.SNAPE.monomorphic.masked.sync.gz,250fd792bb6f2cb52ff126cbac32a9c6
http://berglandlab.uvadcos.io/dest_mapped/pipeline_output/TR_Yes_15_4/TR_Yes_15_4.SNAPE.monomorphic.masked.sync.gz.tbi,29bbc948c3b9dcb8d385eeafa9c8f0f8
http://berglandlab.uvadcos.io/dest_mapped/pipeline_output/TR_Yes_15_5/TR_Yes_15_5.SNAPE.monomorphic.masked.sync.gz,8d3392e6d27e48b548ebfa3933917a0f
http://berglandlab.uvadcos.io/dest_mapped/pipeline_output/TR_Yes_15_5/TR_Yes_15_5.SNAPE.monomorphic.masked.sync.gz.tbi,22cb841ccdd0cf76f6f7be6fea3202d3
http://berglandlab.uvadcos.io/dest_mapped/pipeline_output/TR_Yes_15_6/TR_Yes_15_6.SNAPE.monomorphic.masked.sync.gz,4d098c37eff972959a79daa648bfcece
http://berglandlab.uvadcos.io/dest_mapped/pipeline_output/TR_Yes_15_6/TR_Yes_15_6.SNAPE.monomorphic.masked.sync.gz.tbi,ba46c321f1abe36d1590432d1f0b94f4
http://berglandlab.uvadcos.io/dest_mapped/pipeline_output/TR_Yes_15_7/TR_Yes_15_7.SNAPE.monomorphic.masked.sync.gz,1fd38679030fa5ee69dd70b0ad23e5c6
http://berglandlab.uvadcos.io/dest_mapped/pipeline_output/TR_Yes_15_7/TR_Yes_15_7.SNAPE.monomorphic.masked.sync.gz.tbi,d5bc979a159bb920d2724675125c9966
http://berglandlab.uvadcos.io/dest_mapped/pipeline_output/TR_Yes_15_8/TR_Yes_15_8.SNAPE.monomorphic.masked.sync.gz,ce145d2e17b9f8abbb2f4d732cd9b635
http://berglandlab.uvadcos.io/dest_mapped/pipeline_output/TR_Yes_15_8/TR_Yes_15_8.SNAPE.monomorphic.masked.sync.gz.tbi,41b5db0a7ad2919532198a389af032c7
http://berglandlab.uvadcos.io/dest_mapped/pipeline_output/TR_Yes_16_39/TR_Yes_16_39.SNAPE.monomorphic.masked.sync.gz,a2f2cef1a09155ae060b59d76f3fb2e1
http://berglandlab.uvadcos.io/dest_mapped/pipeline_output/TR_Yes_16_39/TR_Yes_16_39.SNAPE.monomorphic.masked.sync.gz.tbi,c3153f1b066a20a0a07bf961f36ef92a
http://berglandlab.uvadcos.io/dest_mapped/pipeline_output/TR_Yes_16_40/TR_Yes_16_40.SNAPE.monomorphic.masked.sync.gz,d7d0e018f2829b85113c26e260381e42
http://berglandlab.uvadcos.io/dest_mapped/pipeline_output/TR_Yes_16_40/TR_Yes_16_40.SNAPE.monomorphic.masked.sync.gz.tbi,30e7f31f902285c2b3aae66bb12b890a
http://berglandlab.uvadcos.io/dest_mapped/pipeline_output/TR_Yes_16_41/TR_Yes_16_41.SNAPE.monomorphic.masked.sync.gz,b4b7cfee7942360da53aaa70d5e0b568
http://berglandlab.uvadcos.io/dest_mapped/pipeline_output/TR_Yes_16_41/TR_Yes_16_41.SNAPE.monomorphic.masked.sync.gz.tbi,49351bbd5c16f9bdb9c21606cd19ecd7
http://berglandlab.uvadcos.io/dest_mapped/pipeline_output/TR_Yes_16_42/TR_Yes_16_42.SNAPE.monomorphic.masked.sync.gz,5f1c2dae4912c116fbdef44cd5ec084e
http://berglandlab.uvadcos.io/dest_mapped/pipeline_output/TR_Yes_16_42/TR_Yes_16_42.SNAPE.monomorphic.masked.sync.gz.tbi,3cd8ab71823fde485bfd25e4a8f51323
http://berglandlab.uvadcos.io/dest_mapped/pipeline_output/TR_Yes_16_43/TR_Yes_16_43.SNAPE.monomorphic.masked.sync.gz,12dfd2a18001af144e61c5af7aae6dcb
http://berglandlab.uvadcos.io/dest_mapped/pipeline_output/TR_Yes_16_43/TR_Yes_16_43.SNAPE.monomorphic.masked.sync.gz.tbi,1515e53d5faf3a195120706555580dcf
http://berglandlab.uvadcos.io/dest_mapped/pipeline_output/TR_Yes_16_52/TR_Yes_16_52.SNAPE.monomorphic.masked.sync.gz,9a9a6c376fd7cf7c6cfc39dfa13d4a23
http://berglandlab.uvadcos.io/dest_mapped/pipeline_output/TR_Yes_16_52/TR_Yes_16_52.SNAPE.monomorphic.masked.sync.gz.tbi,af458f9393dcfa42d0eb9dc1b9dec8fd
http://berglandlab.uvadcos.io/dest_mapped/pipeline_output/UA_Che_14_28/UA_Che_14_28.SNAPE.monomorphic.masked.sync.gz,4e983472b38a16c558849e83c161480f
http://berglandlab.uvadcos.io/dest_mapped/pipeline_output/UA_Che_14_28/UA_Che_14_28.SNAPE.monomorphic.masked.sync.gz.tbi,15f333416cbddcca682dd69ef6e370f3
http://berglandlab.uvadcos.io/dest_mapped/pipeline_output/UA_Che_14_29/UA_Che_14_29.SNAPE.monomorphic.masked.sync.gz,5962a9c4c91b9a766dd390538270b84e
http://berglandlab.uvadcos.io/dest_mapped/pipeline_output/UA_Che_14_29/UA_Che_14_29.SNAPE.monomorphic.masked.sync.gz.tbi,9c9faebc2a899ddba6a1af9cb7a263a4
http://berglandlab.uvadcos.io/dest_mapped/pipeline_output/UA_Che_14_47/UA_Che_14_47.SNAPE.monomorphic.masked.sync.gz,8e4807243f3d76d9d481d06e99d4f2d5
http://berglandlab.uvadcos.io/dest_mapped/pipeline_output/UA_Che_14_47/UA_Che_14_47.SNAPE.monomorphic.masked.sync.gz.tbi,ba766cd4e90d20da1b3a0710de074afd
http://berglandlab.uvadcos.io/dest_mapped/pipeline_output/UA_Che_14_48/UA_Che_14_48.SNAPE.monomorphic.masked.sync.gz,c478d201945f196ddcdd5f9cdbd20c1d
http://berglandlab.uvadcos.io/dest_mapped/pipeline_output/UA_Che_14_48/UA_Che_14_48.SNAPE.monomorphic.masked.sync.gz.tbi,2984ac80d357df9c1acd11230a1f72b6
http://berglandlab.uvadcos.io/dest_mapped/pipeline_output/UA_Cho_15_24/UA_Cho_15_24.SNAPE.monomorphic.masked.sync.gz,8afedfc0ec843bb83115c774b3ccdc1b
http://berglandlab.uvadcos.io/dest_mapped/pipeline_output/UA_Cho_15_24/UA_Cho_15_24.SNAPE.monomorphic.masked.sync.gz.tbi,dfda6186da78f2f638ab4b01795a0029
http://berglandlab.uvadcos.io/dest_mapped/pipeline_output/UA_Cho_15_25/UA_Cho_15_25.SNAPE.monomorphic.masked.sync.gz,cd852a2ea6a5cb17e0b84007555ac207
http://berglandlab.uvadcos.io/dest_mapped/pipeline_output/UA_Cho_15_25/UA_Cho_15_25.SNAPE.monomorphic.masked.sync.gz.tbi,9ac4bf1123901654b17bcb9407984986
http://berglandlab.uvadcos.io/dest_mapped/pipeline_output/UA_Cho_15_26/UA_Cho_15_26.SNAPE.monomorphic.masked.sync.gz,79b302979497112794cc1c559dbea497
http://berglandlab.uvadcos.io/dest_mapped/pipeline_output/UA_Cho_15_26/UA_Cho_15_26.SNAPE.monomorphic.masked.sync.gz.tbi,a4932776df3c2fe668cd52a371aed641
http://berglandlab.uvadcos.io/dest_mapped/pipeline_output/UA_Cho_15_27/UA_Cho_15_27.SNAPE.monomorphic.masked.sync.gz,cab83ddbe788b19caed23d41bc015484
http://berglandlab.uvadcos.io/dest_mapped/pipeline_output/UA_Cho_15_27/UA_Cho_15_27.SNAPE.monomorphic.masked.sync.gz.tbi,d5e92bd4c7ae7e5f15ff61897919ac8f
http://berglandlab.uvadcos.io/dest_mapped/pipeline_output/UA_Cho_15_65/UA_Cho_15_65.SNAPE.monomorphic.masked.sync.gz,43f32d4cb2dd385368d88120ed0d99af
http://berglandlab.uvadcos.io/dest_mapped/pipeline_output/UA_Cho_15_65/UA_Cho_15_65.SNAPE.monomorphic.masked.sync.gz.tbi,dc73aab40c463d4e7e1a03a2b5707278
http://berglandlab.uvadcos.io/dest_mapped/pipeline_output/UA_Cho_15_67/UA_Cho_15_67.SNAPE.monomorphic.masked.sync.gz,a7358e757eee74e41b2dd607b206d402
http://berglandlab.uvadcos.io/dest_mapped/pipeline_output/UA_Cho_15_67/UA_Cho_15_67.SNAPE.monomorphic.masked.sync.gz.tbi,8ea416294da9d788825fb56a687d2a5e
http://berglandlab.uvadcos.io/dest_mapped/pipeline_output/UA_Cho_15_68/UA_Cho_15_68.SNAPE.monomorphic.masked.sync.gz,ac237609eb5d55d7e68d472adf909761
http://berglandlab.uvadcos.io/dest_mapped/pipeline_output/UA_Cho_15_68/UA_Cho_15_68.SNAPE.monomorphic.masked.sync.gz.tbi,094d5192e8df0b368ed0454c3e78a2a0
http://berglandlab.uvadcos.io/dest_mapped/pipeline_output/UA_Cho_15_69/UA_Cho_15_69.SNAPE.monomorphic.masked.sync.gz,06209c464482c14e746eaa7cf675a79f
http://berglandlab.uvadcos.io/dest_mapped/pipeline_output/UA_Cho_15_69/UA_Cho_15_69.SNAPE.monomorphic.masked.sync.gz.tbi,5c91e58fe75c8e36cc771c9fd623fbd8
http://berglandlab.uvadcos.io/dest_mapped/pipeline_output/UA_Cho_15_70/UA_Cho_15_70.SNAPE.monomorphic.masked.sync.gz,bdc0bf3a639a21ce22704e25adbc8cd6
http://berglandlab.uvadcos.io/dest_mapped/pipeline_output/UA_Cho_15_70/UA_Cho_15_70.SNAPE.monomorphic.masked.sync.gz.tbi,bdfe68aace7a94ae041228c190e69998
http://berglandlab.uvadcos.io/dest_mapped/pipeline_output/UA_Cho_16_54/UA_Cho_16_54.SNAPE.monomorphic.masked.sync.gz,dc6877281efd38d721139180877ad229
http://berglandlab.uvadcos.io/dest_mapped/pipeline_output/UA_Cho_16_54/UA_Cho_16_54.SNAPE.monomorphic.masked.sync.gz.tbi,3312c988a521ce702b708b608ae60989
http://berglandlab.uvadcos.io/dest_mapped/pipeline_output/UA_Cho_16_55/UA_Cho_16_55.SNAPE.monomorphic.masked.sync.gz,40185f6a3aaf641698aa74098b88edce
http://berglandlab.uvadcos.io/dest_mapped/pipeline_output/UA_Cho_16_55/UA_Cho_16_55.SNAPE.monomorphic.masked.sync.gz.tbi,4756de01dc02e368d12c3e591fc2d561
http://berglandlab.uvadcos.io/dest_mapped/pipeline_output/UA_Cho_16_62/UA_Cho_16_62.SNAPE.monomorphic.masked.sync.gz,f667ed3b38845586dec17796fa4b393c
http://berglandlab.uvadcos.io/dest_mapped/pipeline_output/UA_Cho_16_62/UA_Cho_16_62.SNAPE.monomorphic.masked.sync.gz.tbi,5b0b11605fc16e6d2d05b79234ef94df
http://berglandlab.uvadcos.io/dest_mapped/pipeline_output/UA_Dro_14_27/UA_Dro_14_27.SNAPE.monomorphic.masked.sync.gz,494bce4fa0b6174ba7d9d6dfdd4acecb
http://berglandlab.uvadcos.io/dest_mapped/pipeline_output/UA_Dro_14_27/UA_Dro_14_27.SNAPE.monomorphic.masked.sync.gz.tbi,1c23c5b0105685a2420850a335927b28
http://berglandlab.uvadcos.io/dest_mapped/pipeline_output/UA_Dro_15_10/UA_Dro_15_10.SNAPE.monomorphic.masked.sync.gz,73c40106a1629068b6a032812cb2e77d
http://berglandlab.uvadcos.io/dest_mapped/pipeline_output/UA_Dro_15_10/UA_Dro_15_10.SNAPE.monomorphic.masked.sync.gz.tbi,b26e18e46f1c23cc9abb3bab67bed18c
http://berglandlab.uvadcos.io/dest_mapped/pipeline_output/UA_Dro_16_56/UA_Dro_16_56.SNAPE.monomorphic.masked.sync.gz,3dfbbf56e3d5cfd92469b5dc8586fc4c
http://berglandlab.uvadcos.io/dest_mapped/pipeline_output/UA_Dro_16_56/UA_Dro_16_56.SNAPE.monomorphic.masked.sync.gz.tbi,c9210fd3e0c9bd6989a1c7b38a134897
http://berglandlab.uvadcos.io/dest_mapped/pipeline_output/UA_Kan_16_57/UA_Kan_16_57.SNAPE.monomorphic.masked.sync.gz,4013e9ad580dec12cc4175e5ff1e8bd0
http://berglandlab.uvadcos.io/dest_mapped/pipeline_output/UA_Kan_16_57/UA_Kan_16_57.SNAPE.monomorphic.masked.sync.gz.tbi,f4709d2de46358d1bff7c81971ebde35
http://berglandlab.uvadcos.io/dest_mapped/pipeline_output/UA_Kha_14_45/UA_Kha_14_45.SNAPE.monomorphic.masked.sync.gz,3b6dad05906467b3299d66c3bf96d11f
http://berglandlab.uvadcos.io/dest_mapped/pipeline_output/UA_Kha_14_45/UA_Kha_14_45.SNAPE.monomorphic.masked.sync.gz.tbi,aa5a290b160014746707d96eabfb4b75
http://berglandlab.uvadcos.io/dest_mapped/pipeline_output/UA_Kha_14_46/UA_Kha_14_46.SNAPE.monomorphic.masked.sync.gz,c9dc9323fb50a5a98c9bbc2b0f6fba21
http://berglandlab.uvadcos.io/dest_mapped/pipeline_output/UA_Kha_14_46/UA_Kha_14_46.SNAPE.monomorphic.masked.sync.gz.tbi,202056e9c4c5953581e503e8e89b69e1
http://berglandlab.uvadcos.io/dest_mapped/pipeline_output/UA_Kha_15_19/UA_Kha_15_19.SNAPE.monomorphic.masked.sync.gz,ce8ad03fbae521ce4d0e235e14674934
http://berglandlab.uvadcos.io/dest_mapped/pipeline_output/UA_Kha_15_19/UA_Kha_15_19.SNAPE.monomorphic.masked.sync.gz.tbi,2117c781b5f13f97d999909f4ef724ff
http://berglandlab.uvadcos.io/dest_mapped/pipeline_output/UA_Kha_16_58/UA_Kha_16_58.SNAPE.monomorphic.masked.sync.gz,cfa8ed5326e0d1e77b60e9fe6d0c0929
http://berglandlab.uvadcos.io/dest_mapped/pipeline_output/UA_Kha_16_58/UA_Kha_16_58.SNAPE.monomorphic.masked.sync.gz.tbi,ef67d29e9116a4b433211526aba8236a
http://berglandlab.uvadcos.io/dest_mapped/pipeline_output/UA_Kyi_14_23/UA_Kyi_14_23.SNAPE.monomorphic.masked.sync.gz,c56eaee17694d4102154b29fc4974f1f
http://berglandlab.uvadcos.io/dest_mapped/pipeline_output/UA_Kyi_14_23/UA_Kyi_14_23.SNAPE.monomorphic.masked.sync.gz.tbi,5586f033284d164e5228f635c8c30bd0
http://berglandlab.uvadcos.io/dest_mapped/pipeline_output/UA_Kyi_14_24/UA_Kyi_14_24.SNAPE.monomorphic.masked.sync.gz,063e14613556993d2c28d06cb72b843a
http://berglandlab.uvadcos.io/dest_mapped/pipeline_output/UA_Kyi_14_24/UA_Kyi_14_24.SNAPE.monomorphic.masked.sync.gz.tbi,da3e4549094aafb62659af1a0ab0f96b
http://berglandlab.uvadcos.io/dest_mapped/pipeline_output/UA_Kyi_14_49/UA_Kyi_14_49.SNAPE.monomorphic.masked.sync.gz,524747d54f58a8be7a7746ed2de98fe5
http://berglandlab.uvadcos.io/dest_mapped/pipeline_output/UA_Kyi_14_49/UA_Kyi_14_49.SNAPE.monomorphic.masked.sync.gz.tbi,667a278ad5e7812590343108246e0f67
http://berglandlab.uvadcos.io/dest_mapped/pipeline_output/UA_Kyi_15_64/UA_Kyi_15_64.SNAPE.monomorphic.masked.sync.gz,fea3c53967a3c5331d0b4df70f0b8ab5
http://berglandlab.uvadcos.io/dest_mapped/pipeline_output/UA_Kyi_15_64/UA_Kyi_15_64.SNAPE.monomorphic.masked.sync.gz.tbi,d43124d87a62b42b8e254787199b7455
http://berglandlab.uvadcos.io/dest_mapped/pipeline_output/UA_Kyi_16_44/UA_Kyi_16_44.SNAPE.monomorphic.masked.sync.gz,c9c60c3a162d1b8b5e1c48f5a01be12a
http://berglandlab.uvadcos.io/dest_mapped/pipeline_output/UA_Kyi_16_44/UA_Kyi_16_44.SNAPE.monomorphic.masked.sync.gz.tbi,208d7b89fbebf5b23f97f62e9a8889d7
http://berglandlab.uvadcos.io/dest_mapped/pipeline_output/UA_Kyi_16_45/UA_Kyi_16_45.SNAPE.monomorphic.masked.sync.gz,76361a70f0d375cc0ad1d83b367eedfc
http://berglandlab.uvadcos.io/dest_mapped/pipeline_output/UA_Kyi_16_45/UA_Kyi_16_45.SNAPE.monomorphic.masked.sync.gz.tbi,06539373004d8d1c7e8d08d4aaf6137d
http://berglandlab.uvadcos.io/dest_mapped/pipeline_output/UA_Kyi_16_59/UA_Kyi_16_59.SNAPE.monomorphic.masked.sync.gz,b97e9139025e8903d0d3b467376a82cd
http://berglandlab.uvadcos.io/dest_mapped/pipeline_output/UA_Kyi_16_59/UA_Kyi_16_59.SNAPE.monomorphic.masked.sync.gz.tbi,6996330e73778b25ffd0d6da3d50b7a0
http://berglandlab.uvadcos.io/dest_mapped/pipeline_output/UA_Ode_14_19/UA_Ode_14_19.SNAPE.monomorphic.masked.sync.gz,2dce263d6faf2c3b3292aa984eba41d2
http://berglandlab.uvadcos.io/dest_mapped/pipeline_output/UA_Ode_14_19/UA_Ode_14_19.SNAPE.monomorphic.masked.sync.gz.tbi,95486c4f3c811bdfac3624d624f33d02
http://berglandlab.uvadcos.io/dest_mapped/pipeline_output/UA_Ode_14_20/UA_Ode_14_20.SNAPE.monomorphic.masked.sync.gz,a1ab12f14abe1ea0f1cfb39a2a234123
http://berglandlab.uvadcos.io/dest_mapped/pipeline_output/UA_Ode_14_20/UA_Ode_14_20.SNAPE.monomorphic.masked.sync.gz.tbi,d4cb79c46f93d42390909c20dc669dd9
http://berglandlab.uvadcos.io/dest_mapped/pipeline_output/UA_Ode_14_21/UA_Ode_14_21.SNAPE.monomorphic.masked.sync.gz,5953e8ca78071ad269ac1a69faa00bed
http://berglandlab.uvadcos.io/dest_mapped/pipeline_output/UA_Ode_14_21/UA_Ode_14_21.SNAPE.monomorphic.masked.sync.gz.tbi,cde4cf90f3b10df0262a414cf14715c4
http://berglandlab.uvadcos.io/dest_mapped/pipeline_output/UA_Ode_14_22/UA_Ode_14_22.SNAPE.monomorphic.masked.sync.gz,c7fa06c22c1aa87705ab3a0c23796c75
http://berglandlab.uvadcos.io/dest_mapped/pipeline_output/UA_Ode_14_22/UA_Ode_14_22.SNAPE.monomorphic.masked.sync.gz.tbi,2408fcf8857af8ff7a921e1f6ad612c6
http://berglandlab.uvadcos.io/dest_mapped/pipeline_output/UA_Ode_15_11/UA_Ode_15_11.SNAPE.monomorphic.masked.sync.gz,f2b58d63940864e5fde1b62af30f11eb
http://berglandlab.uvadcos.io/dest_mapped/pipeline_output/UA_Ode_15_11/UA_Ode_15_11.SNAPE.monomorphic.masked.sync.gz.tbi,4f38fbda646c3592a9294c7b61be90e5
http://berglandlab.uvadcos.io/dest_mapped/pipeline_output/UA_Ode_15_20/UA_Ode_15_20.SNAPE.monomorphic.masked.sync.gz,b7db32f2d7e1d86e88fe90e0387b8480
http://berglandlab.uvadcos.io/dest_mapped/pipeline_output/UA_Ode_15_20/UA_Ode_15_20.SNAPE.monomorphic.masked.sync.gz.tbi,7246531fa1d34dc47cf2c4b6479ed67f
http://berglandlab.uvadcos.io/dest_mapped/pipeline_output/UA_Ode_15_22/UA_Ode_15_22.SNAPE.monomorphic.masked.sync.gz,3f232e1907422dd54e395188441bb837
http://berglandlab.uvadcos.io/dest_mapped/pipeline_output/UA_Ode_15_22/UA_Ode_15_22.SNAPE.monomorphic.masked.sync.gz.tbi,6001db080d9111feff71d6050d1b5277
http://berglandlab.uvadcos.io/dest_mapped/pipeline_output/UA_Ode_15_66/UA_Ode_15_66.SNAPE.monomorphic.masked.sync.gz,a83bfb1eb7f2fb7db927553946f831e4
http://berglandlab.uvadcos.io/dest_mapped/pipeline_output/UA_Ode_15_66/UA_Ode_15_66.SNAPE.monomorphic.masked.sync.gz.tbi,7e8d8bc6c02f4bcef52aae12432752c9
http://berglandlab.uvadcos.io/dest_mapped/pipeline_output/UA_Ode_16_46/UA_Ode_16_46.SNAPE.monomorphic.masked.sync.gz,83a60d29486c801aa8ef4691cdac2458
http://berglandlab.uvadcos.io/dest_mapped/pipeline_output/UA_Ode_16_46/UA_Ode_16_46.SNAPE.monomorphic.masked.sync.gz.tbi,de62b549e39b636183ebad73e76509dd
http://berglandlab.uvadcos.io/dest_mapped/pipeline_output/UA_Ode_16_47/UA_Ode_16_47.SNAPE.monomorphic.masked.sync.gz,f5af6d4d5163aedea380a097c39ff304
http://berglandlab.uvadcos.io/dest_mapped/pipeline_output/UA_Ode_16_47/UA_Ode_16_47.SNAPE.monomorphic.masked.sync.gz.tbi,4d08699387be65a407ec4e0dd4a99cd6
http://berglandlab.uvadcos.io/dest_mapped/pipeline_output/UA_Pyr_14_26/UA_Pyr_14_26.SNAPE.monomorphic.masked.sync.gz,5d406006741dffde0421bf429007054f
http://berglandlab.uvadcos.io/dest_mapped/pipeline_output/UA_Pyr_14_26/UA_Pyr_14_26.SNAPE.monomorphic.masked.sync.gz.tbi,c8b31c80a5fe3bd4e18a5f4f7a2f933e
http://berglandlab.uvadcos.io/dest_mapped/pipeline_output/UA_Pyr_15_21/UA_Pyr_15_21.SNAPE.monomorphic.masked.sync.gz,ec163c3a85ed1f3f7f8758e9e519d65d
http://berglandlab.uvadcos.io/dest_mapped/pipeline_output/UA_Pyr_15_21/UA_Pyr_15_21.SNAPE.monomorphic.masked.sync.gz.tbi,2e62e45dc8f2cff5751e184e6088bca6
http://berglandlab.uvadcos.io/dest_mapped/pipeline_output/UA_Pir_16_48/UA_Pir_16_48.SNAPE.monomorphic.masked.sync.gz,ad48a1ec384d7f41842352fc3f383e0e
http://berglandlab.uvadcos.io/dest_mapped/pipeline_output/UA_Pir_16_48/UA_Pir_16_48.SNAPE.monomorphic.masked.sync.gz.tbi,43c46c96e11f834de7908782bfd92cfe
http://berglandlab.uvadcos.io/dest_mapped/pipeline_output/UA_Pyr_16_49/UA_Pyr_16_49.SNAPE.monomorphic.masked.sync.gz,d2bddf2856723fa57f6ff46e9441666d
http://berglandlab.uvadcos.io/dest_mapped/pipeline_output/UA_Pyr_16_49/UA_Pyr_16_49.SNAPE.monomorphic.masked.sync.gz.tbi,df7dcfd4e01288fe2821c02efdfb4405
http://berglandlab.uvadcos.io/dest_mapped/pipeline_output/UA_Uma_14_50/UA_Uma_14_50.SNAPE.monomorphic.masked.sync.gz,aa5f0a8a7397b8c4330140b97ca55a4c
http://berglandlab.uvadcos.io/dest_mapped/pipeline_output/UA_Uma_14_50/UA_Uma_14_50.SNAPE.monomorphic.masked.sync.gz.tbi,7029819fa74be04133860ec9e3c91c80
http://berglandlab.uvadcos.io/dest_mapped/pipeline_output/UA_Uma_15_9/UA_Uma_15_9.SNAPE.monomorphic.masked.sync.gz,002bc279e248c7477873cea0e987ce5c
http://berglandlab.uvadcos.io/dest_mapped/pipeline_output/UA_Uma_15_9/UA_Uma_15_9.SNAPE.monomorphic.masked.sync.gz.tbi,5ec5c3a04aaeeeed55e52b6d5feb78c7
http://berglandlab.uvadcos.io/dest_mapped/pipeline_output/UA_Uma_16_50/UA_Uma_16_50.SNAPE.monomorphic.masked.sync.gz,a6701603fb83618f6072e6ec53c77a14
http://berglandlab.uvadcos.io/dest_mapped/pipeline_output/UA_Uma_16_50/UA_Uma_16_50.SNAPE.monomorphic.masked.sync.gz.tbi,6918f73b1f0604ce73793391b82a8e9d
http://berglandlab.uvadcos.io/dest_mapped/pipeline_output/UA_Uma_16_51/UA_Uma_16_51.SNAPE.monomorphic.masked.sync.gz,2faf9eeaa63904819bfd8d1857c1d0b2
http://berglandlab.uvadcos.io/dest_mapped/pipeline_output/UA_Uma_16_51/UA_Uma_16_51.SNAPE.monomorphic.masked.sync.gz.tbi,9b14b9e79be21ff004bef2bb52ae1d40
http://berglandlab.uvadcos.io/dest_mapped/pipeline_output/UA_Var_14_25/UA_Var_14_25.SNAPE.monomorphic.masked.sync.gz,e729e4ea45e4f86004bfcc9cbed37fc4
http://berglandlab.uvadcos.io/dest_mapped/pipeline_output/UA_Var_14_25/UA_Var_14_25.SNAPE.monomorphic.masked.sync.gz.tbi,78a0573d57a2adf21c4758ab7ed84e07
http://berglandlab.uvadcos.io/dest_mapped/pipeline_output/UA_Var_15_18/UA_Var_15_18.SNAPE.monomorphic.masked.sync.gz,fed9fd1745ee3a2271aa43928833c213
http://berglandlab.uvadcos.io/dest_mapped/pipeline_output/UA_Var_15_18/UA_Var_15_18.SNAPE.monomorphic.masked.sync.gz.tbi,3bf21ab4800c7f9116de2538f181d937
http://berglandlab.uvadcos.io/dest_mapped/pipeline_output/UA_Var_16_60/UA_Var_16_60.SNAPE.monomorphic.masked.sync.gz,c3f1d3f90cfd4091c2bbeb9d7e6ad488
http://berglandlab.uvadcos.io/dest_mapped/pipeline_output/UA_Var_16_60/UA_Var_16_60.SNAPE.monomorphic.masked.sync.gz.tbi,ffc17995034068d230315fc5f68ea79a
http://berglandlab.uvadcos.io/dest_mapped/pipeline_output/UA_Yal_14_16/UA_Yal_14_16.SNAPE.monomorphic.masked.sync.gz,c08ec808ee31f18992c64b3c15bcf443
http://berglandlab.uvadcos.io/dest_mapped/pipeline_output/UA_Yal_14_16/UA_Yal_14_16.SNAPE.monomorphic.masked.sync.gz.tbi,e26e325e889b16162603399f92e42a02
http://berglandlab.uvadcos.io/dest_mapped/pipeline_output/UA_Yal_14_18/UA_Yal_14_18.SNAPE.monomorphic.masked.sync.gz,b9cfc353d5b1772a5e95a4b65a75eed2
http://berglandlab.uvadcos.io/dest_mapped/pipeline_output/UA_Yal_14_18/UA_Yal_14_18.SNAPE.monomorphic.masked.sync.gz.tbi,0daf693e412ab4ce1add8ba116d12370
http://berglandlab.uvadcos.io/dest_mapped/pipeline_output/UA_Yal_15_23/UA_Yal_15_23.SNAPE.monomorphic.masked.sync.gz,67deaefb993a4cb8cae675786363484a
http://berglandlab.uvadcos.io/dest_mapped/pipeline_output/UA_Yal_15_23/UA_Yal_15_23.SNAPE.monomorphic.masked.sync.gz.tbi,ac6a7445d9923a7eec22ab60a6635c90
http://berglandlab.uvadcos.io/dest_mapped/pipeline_output/UA_Yal_15_63/UA_Yal_15_63.SNAPE.monomorphic.masked.sync.gz,2e12f4b4f3272e55e0e579841d6894ff
http://berglandlab.uvadcos.io/dest_mapped/pipeline_output/UA_Yal_15_63/UA_Yal_15_63.SNAPE.monomorphic.masked.sync.gz.tbi,cb53614a62ae883437e760a4fbff25f8
http://berglandlab.uvadcos.io/dest_mapped/pipeline_output/UA_Yal_16_61/UA_Yal_16_61.SNAPE.monomorphic.masked.sync.gz,61e0ba67f7ce566e9cbdbdb78e8e6dac
http://berglandlab.uvadcos.io/dest_mapped/pipeline_output/UA_Yal_16_61/UA_Yal_16_61.SNAPE.monomorphic.masked.sync.gz.tbi,69fd827e0860143cd0c9fb77caaf1084
http://berglandlab.uvadcos.io/dest_mapped/pipeline_output/UA_od_13_fall/UA_od_13_fall.SNAPE.monomorphic.masked.sync.gz,8127df77f101b2880669329a0c37b0c2
http://berglandlab.uvadcos.io/dest_mapped/pipeline_output/UA_od_13_fall/UA_od_13_fall.SNAPE.monomorphic.masked.sync.gz.tbi,037df6e45e8700a6ad5a993d908840cf
http://berglandlab.uvadcos.io/dest_mapped/pipeline_output/UA_od_13_spring/UA_od_13_spring.SNAPE.monomorphic.masked.sync.gz,433d1f60d4885249d67f418eae2803b3
http://berglandlab.uvadcos.io/dest_mapped/pipeline_output/UA_od_13_spring/UA_od_13_spring.SNAPE.monomorphic.masked.sync.gz.tbi,fbb54fb30ce7cb34f602c3cdc321aa61
http://berglandlab.uvadcos.io/dest_mapped/pipeline_output/UK_Dai_15_52/UK_Dai_15_52.SNAPE.monomorphic.masked.sync.gz,068766d2e725609b98b23342d01e96d1
http://berglandlab.uvadcos.io/dest_mapped/pipeline_output/UK_Dai_15_52/UK_Dai_15_52.SNAPE.monomorphic.masked.sync.gz.tbi,e93311b124d0e72bbf486680d495b788
http://berglandlab.uvadcos.io/dest_mapped/pipeline_output/UK_Dai_16_23/UK_Dai_16_23.SNAPE.monomorphic.masked.sync.gz,e3260a93842ad2e97e2d32bf10e3f7b7
http://berglandlab.uvadcos.io/dest_mapped/pipeline_output/UK_Dai_16_23/UK_Dai_16_23.SNAPE.monomorphic.masked.sync.gz.tbi,21fafdc932fadd8a69a27e827e281342
http://berglandlab.uvadcos.io/dest_mapped/pipeline_output/UK_Lut_14_13/UK_Lut_14_13.SNAPE.monomorphic.masked.sync.gz,7102c701ec38eb0e5a9c260f371ae080
http://berglandlab.uvadcos.io/dest_mapped/pipeline_output/UK_Lut_14_13/UK_Lut_14_13.SNAPE.monomorphic.masked.sync.gz.tbi,1f64f56f57666b2e381e9c35af2a9e02
http://berglandlab.uvadcos.io/dest_mapped/pipeline_output/UK_Mar_14_12/UK_Mar_14_12.SNAPE.monomorphic.masked.sync.gz,b84530a68e611a6ba61d2f98fcf82f71
http://berglandlab.uvadcos.io/dest_mapped/pipeline_output/UK_Mar_14_12/UK_Mar_14_12.SNAPE.monomorphic.masked.sync.gz.tbi,ea0865d0da4f138fbe6723628b5678a8
http://berglandlab.uvadcos.io/dest_mapped/pipeline_output/UK_Mar_15_42/UK_Mar_15_42.SNAPE.monomorphic.masked.sync.gz,f4510b04125c805a9fa06f8cf4b6da76
http://berglandlab.uvadcos.io/dest_mapped/pipeline_output/UK_Mar_15_42/UK_Mar_15_42.SNAPE.monomorphic.masked.sync.gz.tbi,86807f56604868a0e4378cbf92f078b0
http://berglandlab.uvadcos.io/dest_mapped/pipeline_output/UK_Mar_16_53/UK_Mar_16_53.SNAPE.monomorphic.masked.sync.gz,6b96c9b1d1ce02433d0696ecb1d4b9b5
http://berglandlab.uvadcos.io/dest_mapped/pipeline_output/UK_Mar_16_53/UK_Mar_16_53.SNAPE.monomorphic.masked.sync.gz.tbi,caf4af7d8a999c6239d519c8dba036c7
http://berglandlab.uvadcos.io/dest_mapped/pipeline_output/UK_She_14_09/UK_She_14_09.SNAPE.monomorphic.masked.sync.gz,6680a01c78f6870b22de6636af39a5a5
http://berglandlab.uvadcos.io/dest_mapped/pipeline_output/UK_She_14_09/UK_She_14_09.SNAPE.monomorphic.masked.sync.gz.tbi,e3cfd1eb6e19a1c5c4a3f13449e8a9fa
http://berglandlab.uvadcos.io/dest_mapped/pipeline_output/UK_She_15_17/UK_She_15_17.SNAPE.monomorphic.masked.sync.gz,b2448b298b75774b49d2fa1f334cd70b
http://berglandlab.uvadcos.io/dest_mapped/pipeline_output/UK_She_15_17/UK_She_15_17.SNAPE.monomorphic.masked.sync.gz.tbi,8bb1ed64c2c676a8d682105b8cf52110
http://berglandlab.uvadcos.io/dest_mapped/pipeline_output/UK_Sou_14_10/UK_Sou_14_10.SNAPE.monomorphic.masked.sync.gz,3ffc0b3645f4863f2231a03ef448e360
http://berglandlab.uvadcos.io/dest_mapped/pipeline_output/UK_Sou_14_10/UK_Sou_14_10.SNAPE.monomorphic.masked.sync.gz.tbi,6b3f24f6c664bfc3e38c826cdc876ea0
http://berglandlab.uvadcos.io/dest_mapped/pipeline_output/VA_ch_12_fall/VA_ch_12_fall.SNAPE.monomorphic.masked.sync.gz,820bb520fb870c651faf50edeaf151f7
http://berglandlab.uvadcos.io/dest_mapped/pipeline_output/VA_ch_12_fall/VA_ch_12_fall.SNAPE.monomorphic.masked.sync.gz.tbi,aab5344bc5a029e89d5f44d1118f7970
http://berglandlab.uvadcos.io/dest_mapped/pipeline_output/VA_ch_12_spring/VA_ch_12_spring.SNAPE.monomorphic.masked.sync.gz,24bf90e3f78bf56bd1822e2cad1552a6
http://berglandlab.uvadcos.io/dest_mapped/pipeline_output/VA_ch_12_spring/VA_ch_12_spring.SNAPE.monomorphic.masked.sync.gz.tbi,d8c321b10d5a839ae1510271b9a8d54c
http://berglandlab.uvadcos.io/dest_mapped/pipeline_output/VA_ch_14_fall/VA_ch_14_fall.SNAPE.monomorphic.masked.sync.gz,e6a001aad5f0f871bf80951b00591703
http://berglandlab.uvadcos.io/dest_mapped/pipeline_output/VA_ch_14_fall/VA_ch_14_fall.SNAPE.monomorphic.masked.sync.gz.tbi,8a68595ae3403de19f77a92616a8c6fe
http://berglandlab.uvadcos.io/dest_mapped/pipeline_output/VA_ch_14_spring/VA_ch_14_spring.SNAPE.monomorphic.masked.sync.gz,83bf1eedef232fa65768011dbf3e73c6
http://berglandlab.uvadcos.io/dest_mapped/pipeline_output/VA_ch_14_spring/VA_ch_14_spring.SNAPE.monomorphic.masked.sync.gz.tbi,cf82dd315c2f58d0f0d821aad7646afc
http://berglandlab.uvadcos.io/dest_mapped/pipeline_output/VA_ch_15_fall/VA_ch_15_fall.SNAPE.monomorphic.masked.sync.gz,0470de6d3b51ccd7c2d3d2a6c82f5b02
http://berglandlab.uvadcos.io/dest_mapped/pipeline_output/VA_ch_15_fall/VA_ch_15_fall.SNAPE.monomorphic.masked.sync.gz.tbi,9411d21b0e37f9b502efdcea34946644
http://berglandlab.uvadcos.io/dest_mapped/pipeline_output/VA_ch_15_spring/VA_ch_15_spring.SNAPE.monomorphic.masked.sync.gz,54684e6c567dda152d76ececa18f1725
http://berglandlab.uvadcos.io/dest_mapped/pipeline_output/VA_ch_15_spring/VA_ch_15_spring.SNAPE.monomorphic.masked.sync.gz.tbi,44f8e2a1ee4e6cec7f2937d369c614d6
http://berglandlab.uvadcos.io/dest_mapped/pipeline_output/WA_se_14_spring/WA_se_14_spring.SNAPE.monomorphic.masked.sync.gz,044506b11ec0601f3f071785b36d36e8
http://berglandlab.uvadcos.io/dest_mapped/pipeline_output/WA_se_14_spring/WA_se_14_spring.SNAPE.monomorphic.masked.sync.gz.tbi,4368f78e5e81995410a6fb0a4b227e6e
http://berglandlab.uvadcos.io/dest_mapped/pipeline_output/WI_cp_12_fall/WI_cp_12_fall.SNAPE.monomorphic.masked.sync.gz,206ea403729be20f416934f033cc2a09
http://berglandlab.uvadcos.io/dest_mapped/pipeline_output/WI_cp_12_fall/WI_cp_12_fall.SNAPE.monomorphic.masked.sync.gz.tbi,41bab8183f3c1efefa035f3bd308c63f
http://berglandlab.uvadcos.io/dest_mapped/pipeline_output/WI_cp_12_frost/WI_cp_12_frost.SNAPE.monomorphic.masked.sync.gz,a0f305a275c1ce697670fbb2d111be1a
http://berglandlab.uvadcos.io/dest_mapped/pipeline_output/WI_cp_12_frost/WI_cp_12_frost.SNAPE.monomorphic.masked.sync.gz.tbi,d74ec6531f896487df5afe45d216e8e1
http://berglandlab.uvadcos.io/dest_mapped/pipeline_output/WI_cp_12_spring/WI_cp_12_spring.SNAPE.monomorphic.masked.sync.gz,25978387127a8d2fe7e3bcb9275cf4d5
http://berglandlab.uvadcos.io/dest_mapped/pipeline_output/WI_cp_12_spring/WI_cp_12_spring.SNAPE.monomorphic.masked.sync.gz.tbi,6b4ab92763d5b5f2e410aff1f27ac9d8
http://berglandlab.uvadcos.io/dest_mapped/pipeline_output/WI_cp_13_fall/WI_cp_13_fall.SNAPE.monomorphic.masked.sync.gz,632e300f7ea7c1dd163211ed2b03cf76
http://berglandlab.uvadcos.io/dest_mapped/pipeline_output/WI_cp_13_fall/WI_cp_13_fall.SNAPE.monomorphic.masked.sync.gz.tbi,2f262c65695f44ba16f56c345f9327a4
http://berglandlab.uvadcos.io/dest_mapped/pipeline_output/WI_cp_13_spring/WI_cp_13_spring.SNAPE.monomorphic.masked.sync.gz,f6b053966bddc71c593bf5036ea3b7c8
http://berglandlab.uvadcos.io/dest_mapped/pipeline_output/WI_cp_13_spring/WI_cp_13_spring.SNAPE.monomorphic.masked.sync.gz.tbi,1e2677a45f68be166fe405cba227801b
http://berglandlab.uvadcos.io/dest_mapped/pipeline_output/WI_cp_14_fall/WI_cp_14_fall.SNAPE.monomorphic.masked.sync.gz,f15c9b57f2ca4fe1118a927db4ef764d
http://berglandlab.uvadcos.io/dest_mapped/pipeline_output/WI_cp_14_fall/WI_cp_14_fall.SNAPE.monomorphic.masked.sync.gz.tbi,a30ca17175950077b439c16919cc5e01
http://berglandlab.uvadcos.io/dest_mapped/pipeline_output/WI_cp_14_spring/WI_cp_14_spring.SNAPE.monomorphic.masked.sync.gz,77f5810045a9e9b881ffe1efb3fa8a1d
http://berglandlab.uvadcos.io/dest_mapped/pipeline_output/WI_cp_14_spring/WI_cp_14_spring.SNAPE.monomorphic.masked.sync.gz.tbi,348c284208099228d9325f4a72155a54