http://berglandlab.uvadcos.io/dest_mapped/DESTv1/AT_Nie_Mau_1_2014-07-20/AT_Nie_Mau_1_2014-07-20.SNAPE.monomorphic.bed.gz,e546cd8e82afb99f2393434c9ff4ea2f
http://berglandlab.uvadcos.io/dest_mapped/DESTv1/AT_Nie_Mau_1_2014-07-20/AT_Nie_Mau_1_2014-07-20.bed.gz,8fb6fac185e4e6c057b0715c224cbecf
http://berglandlab.uvadcos.io/dest_mapped/DESTv1/AT_Nie_Mau_1_2014-10-19/AT_Nie_Mau_1_2014-10-19.SNAPE.monomorphic.bed.gz,d8c64373f29e575083bfee4d808a6aa2
http://berglandlab.uvadcos.io/dest_mapped/DESTv1/AT_Nie_Mau_1_2014-10-19/AT_Nie_Mau_1_2014-10-19.bed.gz,e00088d96a967cc7c5a2dcb7ce53a702
http://berglandlab.uvadcos.io/dest_mapped/DESTv1/AT_Nie_Mau_1_2015-07-20/AT_Nie_Mau_1_2015-07-20.SNAPE.monomorphic.bed.gz,4c6bf24d3f7967a239e1c749c88381c1
http://berglandlab.uvadcos.io/dest_mapped/DESTv1/AT_Nie_Mau_1_2015-07-20/AT_Nie_Mau_1_2015-07-20.bed.gz,192e0f6ea4dc9a0e37db8837af02a84e
http://berglandlab.uvadcos.io/dest_mapped/DESTv1/AT_Nie_Mau_1_2015-10-19/AT_Nie_Mau_1_2015-10-19.SNAPE.monomorphic.bed.gz,7faf68e1131e8ece84915fff102dca1b
http://berglandlab.uvadcos.io/dest_mapped/DESTv1/AT_Nie_Mau_1_2015-10-19/AT_Nie_Mau_1_2015-10-19.bed.gz,9726053aead945d3d63cb702ddea1878
http://berglandlab.uvadcos.io/dest_mapped/DESTv1/AT_Kar_See_1_2014-08-17/AT_Kar_See_1_2014-08-17.SNAPE.monomorphic.bed.gz,913a20ac17db713976dc82069e2a17a4
http://berglandlab.uvadcos.io/dest_mapped/DESTv1/AT_Kar_See_1_2014-08-17/AT_Kar_See_1_2014-08-17.bed.gz,fe5b8e4cf471cba0188a71b0b07b9fbc
http://berglandlab.uvadcos.io/dest_mapped/DESTv1/AT_Kar_See_1_2016-08-01/AT_Kar_See_1_2016-08-01.SNAPE.monomorphic.bed.gz,14a4243559961de5b8d54c6764033b02
http://berglandlab.uvadcos.io/dest_mapped/DESTv1/AT_Kar_See_1_2016-08-01/AT_Kar_See_1_2016-08-01.bed.gz,9cea548277d63267e4778152895a28af
http://berglandlab.uvadcos.io/dest_mapped/DESTv1/AT_Wie_Gro_1_2012-10-20/AT_Wie_Gro_1_2012-10-20.SNAPE.monomorphic.bed.gz,25d7ed8739ae3e40aeb920707ed0b213
http://berglandlab.uvadcos.io/dest_mapped/DESTv1/AT_Wie_Gro_1_2012-10-20/AT_Wie_Gro_1_2012-10-20.bed.gz,eed04c5ba82af0d5344a5327bcb5fe57
http://berglandlab.uvadcos.io/dest_mapped/DESTv1/AT_Wie_Gro_1_2012-08-03/AT_Wie_Gro_1_2012-08-03.SNAPE.monomorphic.bed.gz,6000939ee11362391d64042acd588f17
http://berglandlab.uvadcos.io/dest_mapped/DESTv1/AT_Wie_Gro_1_2012-08-03/AT_Wie_Gro_1_2012-08-03.bed.gz,e364ac8a1786877f8588659edd79493d
http://berglandlab.uvadcos.io/dest_mapped/DESTv1/BY_Bre_Bre_1_2015-09-11/BY_Bre_Bre_1_2015-09-11.SNAPE.monomorphic.bed.gz,c8ca53e202e9b19124a3c9f8c88ac797
http://berglandlab.uvadcos.io/dest_mapped/DESTv1/BY_Bre_Bre_1_2015-09-11/BY_Bre_Bre_1_2015-09-11.bed.gz,bd064166b28acf2e7306408ae958e7de
http://berglandlab.uvadcos.io/dest_mapped/DESTv1/US_Cal_Esp_1_2012-08-22/US_Cal_Esp_1_2012-08-22.SNAPE.monomorphic.bed.gz,3c36372af82b6c4b434c26eb3af7696b
http://berglandlab.uvadcos.io/dest_mapped/DESTv1/US_Cal_Esp_1_2012-08-22/US_Cal_Esp_1_2012-08-22.bed.gz,187c063843929efae81ea550dfe7cd14
http://berglandlab.uvadcos.io/dest_mapped/DESTv1/US_Cal_Esp_1_2012-11-20/US_Cal_Esp_1_2012-11-20.SNAPE.monomorphic.bed.gz,44b70b3a7bdb211c77a0f6fec3dd7cba
http://berglandlab.uvadcos.io/dest_mapped/DESTv1/US_Cal_Esp_1_2012-11-20/US_Cal_Esp_1_2012-11-20.bed.gz,d05e09ce575054abe802029e50164845
http://berglandlab.uvadcos.io/dest_mapped/DESTv1/US_Cal_Esp_1_2012-06-13/US_Cal_Esp_1_2012-06-13.SNAPE.monomorphic.bed.gz,649396e62ce6568cef1441c1c46a6630
http://berglandlab.uvadcos.io/dest_mapped/DESTv1/US_Cal_Esp_1_2012-06-13/US_Cal_Esp_1_2012-06-13.bed.gz,aedd7a95be486b395ee4bf2a8d91d2c7
http://berglandlab.uvadcos.io/dest_mapped/DESTv1/US_Cal_Esp_1_2013-09-01/US_Cal_Esp_1_2013-09-01.SNAPE.monomorphic.bed.gz,536c03c1c6d8a4bb0509cbe4f7e3a9d3
http://berglandlab.uvadcos.io/dest_mapped/DESTv1/US_Cal_Esp_1_2013-09-01/US_Cal_Esp_1_2013-09-01.bed.gz,f4e155cf6d206ceff4e0e169685ca60b
http://berglandlab.uvadcos.io/dest_mapped/DESTv1/US_Cal_Esp_1_2013-05-07/US_Cal_Esp_1_2013-05-07.SNAPE.monomorphic.bed.gz,deedc1e7a921431332aa289bda707bdc
http://berglandlab.uvadcos.io/dest_mapped/DESTv1/US_Cal_Esp_1_2013-05-07/US_Cal_Esp_1_2013-05-07.bed.gz,644ff62bb7b37340c94de6db64335d1d
http://berglandlab.uvadcos.io/dest_mapped/DESTv1/US_Cal_Pla_1_2012-08-25/US_Cal_Pla_1_2012-08-25.SNAPE.monomorphic.bed.gz,9880b4c399f8b8082753e97240018e55
http://berglandlab.uvadcos.io/dest_mapped/DESTv1/US_Cal_Pla_1_2012-08-25/US_Cal_Pla_1_2012-08-25.bed.gz,5bf3f02e1146e833a9162ba5a7fefec0
http://berglandlab.uvadcos.io/dest_mapped/DESTv1/US_Cal_Pla_1_2012-11-18/US_Cal_Pla_1_2012-11-18.SNAPE.monomorphic.bed.gz,9b646a4abc8d63316c860cc5e5f1691a
http://berglandlab.uvadcos.io/dest_mapped/DESTv1/US_Cal_Pla_1_2012-11-18/US_Cal_Pla_1_2012-11-18.bed.gz,502238f9a0fd8eb13904366df8478e41
http://berglandlab.uvadcos.io/dest_mapped/DESTv1/US_Cal_Pla_1_2013-08-30/US_Cal_Pla_1_2013-08-30.SNAPE.monomorphic.bed.gz,c3b095ae4010f769320fd25d43d8609f
http://berglandlab.uvadcos.io/dest_mapped/DESTv1/US_Cal_Pla_1_2013-08-30/US_Cal_Pla_1_2013-08-30.bed.gz,61ae3c40db286f5fe8997f7b4c31efd3
http://berglandlab.uvadcos.io/dest_mapped/DESTv1/US_Cal_Pla_1_2013-12-16/US_Cal_Pla_1_2013-12-16.SNAPE.monomorphic.bed.gz,ade3cd745904cafa10a570fda4dc8ade
http://berglandlab.uvadcos.io/dest_mapped/DESTv1/US_Cal_Pla_1_2013-12-16/US_Cal_Pla_1_2013-12-16.bed.gz,d4f5fca3d83aa22c728fa9e7009858a3
http://berglandlab.uvadcos.io/dest_mapped/DESTv1/US_Cal_Sto_1_2012-10-01/US_Cal_Sto_1_2012-10-01.SNAPE.monomorphic.bed.gz,0b9e0c26900e839cb3f9ffbdec955a04
http://berglandlab.uvadcos.io/dest_mapped/DESTv1/US_Cal_Sto_1_2012-10-01/US_Cal_Sto_1_2012-10-01.bed.gz,2363624b2bf955de73dd3b603f383811
http://berglandlab.uvadcos.io/dest_mapped/DESTv1/US_Cal_Sto_1_2012-11-15/US_Cal_Sto_1_2012-11-15.SNAPE.monomorphic.bed.gz,6c7b9c6f8db8503b92f196664ba02a9e
http://berglandlab.uvadcos.io/dest_mapped/DESTv1/US_Cal_Sto_1_2012-11-15/US_Cal_Sto_1_2012-11-15.bed.gz,68bb639e31babb4c13d3beb5d33e0893
http://berglandlab.uvadcos.io/dest_mapped/DESTv1/US_Cal_Sto_1_2013-09-03/US_Cal_Sto_1_2013-09-03.SNAPE.monomorphic.bed.gz,93000b6c221225e6ace86fe5514cdc5b
http://berglandlab.uvadcos.io/dest_mapped/DESTv1/US_Cal_Sto_1_2013-09-03/US_Cal_Sto_1_2013-09-03.bed.gz,58c49723aa2051ecd6a2c1545db028d1
http://berglandlab.uvadcos.io/dest_mapped/DESTv1/US_Cal_Tuo_1_2012-10-10/US_Cal_Tuo_1_2012-10-10.SNAPE.monomorphic.bed.gz,445621555a2864bfa5858dec0f6302da
http://berglandlab.uvadcos.io/dest_mapped/DESTv1/US_Cal_Tuo_1_2012-10-10/US_Cal_Tuo_1_2012-10-10.bed.gz,0e9552a265809f23f339a05f4b0473bf
http://berglandlab.uvadcos.io/dest_mapped/DESTv1/US_Cal_Tuo_1_2012-11-17/US_Cal_Tuo_1_2012-11-17.SNAPE.monomorphic.bed.gz,d880eccac7952b2ce224731b6a10f74a
http://berglandlab.uvadcos.io/dest_mapped/DESTv1/US_Cal_Tuo_1_2012-11-17/US_Cal_Tuo_1_2012-11-17.bed.gz,5d3b609e20a0307070252d991a32b517
http://berglandlab.uvadcos.io/dest_mapped/DESTv1/US_Cal_Tuo_1_2013-08-31/US_Cal_Tuo_1_2013-08-31.SNAPE.monomorphic.bed.gz,730e66701f9fd68fa759aaec88e63a72
http://berglandlab.uvadcos.io/dest_mapped/DESTv1/US_Cal_Tuo_1_2013-08-31/US_Cal_Tuo_1_2013-08-31.bed.gz,cef7c6d92c881d63f0b06e828eb4465c
http://berglandlab.uvadcos.io/dest_mapped/DESTv1/US_Cal_Tuo_1_2013-12-08/US_Cal_Tuo_1_2013-12-08.SNAPE.monomorphic.bed.gz,9fe444d094b20a0b96650ac9b13e9ff5
http://berglandlab.uvadcos.io/dest_mapped/DESTv1/US_Cal_Tuo_1_2013-12-08/US_Cal_Tuo_1_2013-12-08.bed.gz,fdee461c6cb6906ea5eec24d53bc7238
http://berglandlab.uvadcos.io/dest_mapped/DESTv1/US_Cal_Tuo_1_2013-05-14/US_Cal_Tuo_1_2013-05-14.SNAPE.monomorphic.bed.gz,290882d75212f1e7919a901c0d748487
http://berglandlab.uvadcos.io/dest_mapped/DESTv1/US_Cal_Tuo_1_2013-05-14/US_Cal_Tuo_1_2013-05-14.bed.gz,54be6d6f0302df43c4414107057adbc0
http://berglandlab.uvadcos.io/dest_mapped/DESTv1/CH_Vau_Cha_1_2014-07-24/CH_Vau_Cha_1_2014-07-24.SNAPE.monomorphic.bed.gz,94e644bd973bdac8433b7e0bb59b1dad
http://berglandlab.uvadcos.io/dest_mapped/DESTv1/CH_Vau_Cha_1_2014-07-24/CH_Vau_Cha_1_2014-07-24.bed.gz,76be029b180ed8fdb31be7317787502e
http://berglandlab.uvadcos.io/dest_mapped/DESTv1/CH_Vau_Cha_1_2014-10-05/CH_Vau_Cha_1_2014-10-05.SNAPE.monomorphic.bed.gz,5e6219e774906f84edba3d2e5951efdf
http://berglandlab.uvadcos.io/dest_mapped/DESTv1/CH_Vau_Cha_1_2014-10-05/CH_Vau_Cha_1_2014-10-05.bed.gz,180865d228a1bb2e736911eff9a46e59
http://berglandlab.uvadcos.io/dest_mapped/DESTv1/CH_Vau_Cha_1_2015-08-01/CH_Vau_Cha_1_2015-08-01.SNAPE.monomorphic.bed.gz,524bdd1553ffed90af96150c72645313
http://berglandlab.uvadcos.io/dest_mapped/DESTv1/CH_Vau_Cha_1_2015-08-01/CH_Vau_Cha_1_2015-08-01.bed.gz,6f28dd1c36b2da75bebbb0ff52459de3
http://berglandlab.uvadcos.io/dest_mapped/DESTv1/CH_Vau_Cha_1_2016-08-15/CH_Vau_Cha_1_2016-08-15.SNAPE.monomorphic.bed.gz,a41b65c9ceb078ecb8ad26959b8263fe
http://berglandlab.uvadcos.io/dest_mapped/DESTv1/CH_Vau_Cha_1_2016-08-15/CH_Vau_Cha_1_2016-08-15.bed.gz,f46b045c6829d17169702db162885273
http://berglandlab.uvadcos.io/dest_mapped/DESTv1/CY_Nic_Nic_1_2014-08-10/CY_Nic_Nic_1_2014-08-10.SNAPE.monomorphic.bed.gz,d15062c0f4a9d8152916196e791c9fe9
http://berglandlab.uvadcos.io/dest_mapped/DESTv1/CY_Nic_Nic_1_2014-08-10/CY_Nic_Nic_1_2014-08-10.bed.gz,31e66a0e0649fff5044f0f968a1f3742
http://berglandlab.uvadcos.io/dest_mapped/DESTv1/DE_Bad_Bro_1_2014-06-26/DE_Bad_Bro_1_2014-06-26.SNAPE.monomorphic.bed.gz,76f1c747b7a8ad258311e4530b87b8d5
http://berglandlab.uvadcos.io/dest_mapped/DESTv1/DE_Bad_Bro_1_2014-06-26/DE_Bad_Bro_1_2014-06-26.bed.gz,2c4f86880947e5f9e8156f1fb59d2949
http://berglandlab.uvadcos.io/dest_mapped/DESTv1/DE_Bad_Bro_1_2014-10-15/DE_Bad_Bro_1_2014-10-15.SNAPE.monomorphic.bed.gz,51b1e1d0195984a188d4a51ee2065003
http://berglandlab.uvadcos.io/dest_mapped/DESTv1/DE_Bad_Bro_1_2014-10-15/DE_Bad_Bro_1_2014-10-15.bed.gz,a476a7aae320687f0dd3cc890f192653
http://berglandlab.uvadcos.io/dest_mapped/DESTv1/DE_Bad_Bro_1_2015-06-30/DE_Bad_Bro_1_2015-06-30.SNAPE.monomorphic.bed.gz,addc3e9f686596f943fcdff724532b10
http://berglandlab.uvadcos.io/dest_mapped/DESTv1/DE_Bad_Bro_1_2015-06-30/DE_Bad_Bro_1_2015-06-30.bed.gz,19445a7707d788c7cd93922baa6d9b5f
http://berglandlab.uvadcos.io/dest_mapped/DESTv1/DE_Bad_Bro_1_2015-10-25/DE_Bad_Bro_1_2015-10-25.SNAPE.monomorphic.bed.gz,5a85ae52027246f779fa18fd6c45f142
http://berglandlab.uvadcos.io/dest_mapped/DESTv1/DE_Bad_Bro_1_2015-10-25/DE_Bad_Bro_1_2015-10-25.bed.gz,bf3744770c22c678f822d54171ffab7d
http://berglandlab.uvadcos.io/dest_mapped/DESTv1/DE_Bad_Bro_1_2016-07-24/DE_Bad_Bro_1_2016-07-24.SNAPE.monomorphic.bed.gz,e6ccd249f81be91b0d5bbf106037b1f1
http://berglandlab.uvadcos.io/dest_mapped/DESTv1/DE_Bad_Bro_1_2016-07-24/DE_Bad_Bro_1_2016-07-24.bed.gz,0574b2a19a6db7edaba44af3cde2d689
http://berglandlab.uvadcos.io/dest_mapped/DESTv1/DE_Bad_Bro_1_2016-10-23/DE_Bad_Bro_1_2016-10-23.SNAPE.monomorphic.bed.gz,06399248b2fa3fc530dde4135b877a3a
http://berglandlab.uvadcos.io/dest_mapped/DESTv1/DE_Bad_Bro_1_2016-10-23/DE_Bad_Bro_1_2016-10-23.bed.gz,ef3823ca096905e3ddbf2e63889e4fb5
http://berglandlab.uvadcos.io/dest_mapped/DESTv1/DE_Bay_Mun_1_2014-06-19/DE_Bay_Mun_1_2014-06-19.SNAPE.monomorphic.bed.gz,a3bcbc47a976f0a64a0c1828294b36a4
http://berglandlab.uvadcos.io/dest_mapped/DESTv1/DE_Bay_Mun_1_2014-06-19/DE_Bay_Mun_1_2014-06-19.bed.gz,c9031ca7290e859a039443f53307c594
http://berglandlab.uvadcos.io/dest_mapped/DESTv1/DE_Bay_Mun_1_2014-09-03/DE_Bay_Mun_1_2014-09-03.SNAPE.monomorphic.bed.gz,5c096a5850abdece1823880efd2b0196
http://berglandlab.uvadcos.io/dest_mapped/DESTv1/DE_Bay_Mun_1_2014-09-03/DE_Bay_Mun_1_2014-09-03.bed.gz,99a517015676c894dc0b8ad9d4e2cd79
http://berglandlab.uvadcos.io/dest_mapped/DESTv1/DE_Bay_Mun_1_2015-06-01/DE_Bay_Mun_1_2015-06-01.SNAPE.monomorphic.bed.gz,871de7cf1520d5b1aad709ebcd45c9c6
http://berglandlab.uvadcos.io/dest_mapped/DESTv1/DE_Bay_Mun_1_2015-06-01/DE_Bay_Mun_1_2015-06-01.bed.gz,6c9004a1758327518aa4cec736c916d6
http://berglandlab.uvadcos.io/dest_mapped/DESTv1/DE_Bay_Mun_1_2015-09-01/DE_Bay_Mun_1_2015-09-01.SNAPE.monomorphic.bed.gz,03dd46d1841c692a1286aa9269934d1b
http://berglandlab.uvadcos.io/dest_mapped/DESTv1/DE_Bay_Mun_1_2015-09-01/DE_Bay_Mun_1_2015-09-01.bed.gz,bbbaf7faed34e7136e5c05f3096b1249
http://berglandlab.uvadcos.io/dest_mapped/DESTv1/DE_Bay_Mun_1_2016-06-25/DE_Bay_Mun_1_2016-06-25.SNAPE.monomorphic.bed.gz,969c8fe0307db3f9e405443c29783877
http://berglandlab.uvadcos.io/dest_mapped/DESTv1/DE_Bay_Mun_1_2016-06-25/DE_Bay_Mun_1_2016-06-25.bed.gz,0e2b265ad35d0dd108ffe00b592048a7
http://berglandlab.uvadcos.io/dest_mapped/DESTv1/DE_Bay_Mun_1_2016-09-01/DE_Bay_Mun_1_2016-09-01.SNAPE.monomorphic.bed.gz,5955fe8c3b7f4890fc577afdf9d9bb6c
http://berglandlab.uvadcos.io/dest_mapped/DESTv1/DE_Bay_Mun_1_2016-09-01/DE_Bay_Mun_1_2016-09-01.bed.gz,4c89e1f4514bc2fc5438ec966168567f
http://berglandlab.uvadcos.io/dest_mapped/DESTv1/DK_Mid_Kar_1_2014-09-01/DK_Mid_Kar_1_2014-09-01.SNAPE.monomorphic.bed.gz,ccee843a98f871e64e0caa9b2be9e7d1
http://berglandlab.uvadcos.io/dest_mapped/DESTv1/DK_Mid_Kar_1_2014-09-01/DK_Mid_Kar_1_2014-09-01.bed.gz,5b26ed5371f141f8b46147741eab8a64
http://berglandlab.uvadcos.io/dest_mapped/DESTv1/DK_Mid_Kar_1_2014-11-25/DK_Mid_Kar_1_2014-11-25.SNAPE.monomorphic.bed.gz,27734700d3543c72f0bd740c1b28d25a
http://berglandlab.uvadcos.io/dest_mapped/DESTv1/DK_Mid_Kar_1_2014-11-25/DK_Mid_Kar_1_2014-11-25.bed.gz,398b26c67b3b345281371e26b6fb8d55
http://berglandlab.uvadcos.io/dest_mapped/DESTv1/DK_Mid_Kar_1_2016-06-08/DK_Mid_Kar_1_2016-06-08.SNAPE.monomorphic.bed.gz,0691bd6f0a0a02f5d1a40e28b941bd52
http://berglandlab.uvadcos.io/dest_mapped/DESTv1/DK_Mid_Kar_1_2016-06-08/DK_Mid_Kar_1_2016-06-08.bed.gz,5d7fbc7afbd7e536cc27f4f650bdc1c9
http://berglandlab.uvadcos.io/dest_mapped/DESTv1/DK_Mid_Kar_1_2016-09-15/DK_Mid_Kar_1_2016-09-15.SNAPE.monomorphic.bed.gz,b31d4b2cd01d5392b59eb773f4ba4568
http://berglandlab.uvadcos.io/dest_mapped/DESTv1/DK_Mid_Kar_1_2016-09-15/DK_Mid_Kar_1_2016-09-15.bed.gz,4c3159a17831990f60bf92f98debc878
http://berglandlab.uvadcos.io/dest_mapped/DESTv1/DK_Mid_Kar_1_2016-11-22/DK_Mid_Kar_1_2016-11-22.SNAPE.monomorphic.bed.gz,539fd593661b80e8fb2154289379603a
http://berglandlab.uvadcos.io/dest_mapped/DESTv1/DK_Mid_Kar_1_2016-11-22/DK_Mid_Kar_1_2016-11-22.bed.gz,6a7d8067e68ae61d2b61ec27a3a36af3
http://berglandlab.uvadcos.io/dest_mapped/DESTv1/ES_Gra_Ben_1_2016-10-08/ES_Gra_Ben_1_2016-10-08.SNAPE.monomorphic.bed.gz,01600b857e87774b605403423515d271
http://berglandlab.uvadcos.io/dest_mapped/DESTv1/ES_Gra_Ben_1_2016-10-08/ES_Gra_Ben_1_2016-10-08.bed.gz,d9310d6bc5e842497a2850eb56d3efeb
http://berglandlab.uvadcos.io/dest_mapped/DESTv1/ES_Gra_Cor_1_2015-08-08/ES_Gra_Cor_1_2015-08-08.SNAPE.monomorphic.bed.gz,eb58b2068241eb01c0703498851198be
http://berglandlab.uvadcos.io/dest_mapped/DESTv1/ES_Gra_Cor_1_2015-08-08/ES_Gra_Cor_1_2015-08-08.bed.gz,365da76fe86fa98af61c1c20c0c584df
http://berglandlab.uvadcos.io/dest_mapped/DESTv1/ES_Ler_Gim_1_2014-10-20/ES_Ler_Gim_1_2014-10-20.SNAPE.monomorphic.bed.gz,a0c6a2831172f4ae44022e3ab4810410
http://berglandlab.uvadcos.io/dest_mapped/DESTv1/ES_Ler_Gim_1_2014-10-20/ES_Ler_Gim_1_2014-10-20.bed.gz,7bc49178e893b9b31c73997671af742a
http://berglandlab.uvadcos.io/dest_mapped/DESTv1/ES_Ler_Gim_1_2014-08-13/ES_Ler_Gim_1_2014-08-13.SNAPE.monomorphic.bed.gz,7886957a88c6a88dcb60c9792c72a0c8
http://berglandlab.uvadcos.io/dest_mapped/DESTv1/ES_Ler_Gim_1_2014-08-13/ES_Ler_Gim_1_2014-08-13.bed.gz,3b10735c8a75ba6717f1908494b827cb
http://berglandlab.uvadcos.io/dest_mapped/DESTv1/ES_Ler_Gim_1_2015-06-28/ES_Ler_Gim_1_2015-06-28.SNAPE.monomorphic.bed.gz,6fb26dbc7b876484f085514d4928a3f0
http://berglandlab.uvadcos.io/dest_mapped/DESTv1/ES_Ler_Gim_1_2015-06-28/ES_Ler_Gim_1_2015-06-28.bed.gz,80901e6e449d265ff370a33e7886f84e
http://berglandlab.uvadcos.io/dest_mapped/DESTv1/ES_Ler_Gim_1_2015-10-22/ES_Ler_Gim_1_2015-10-22.SNAPE.monomorphic.bed.gz,bf2da3eb8a1438e97a4ecdf6049b1034
http://berglandlab.uvadcos.io/dest_mapped/DESTv1/ES_Ler_Gim_1_2015-10-22/ES_Ler_Gim_1_2015-10-22.bed.gz,4b8c1dac3bb91bb70408d7cd70e9f7f2
http://berglandlab.uvadcos.io/dest_mapped/DESTv1/ES_Ler_Gim_1_2016-08-25/ES_Ler_Gim_1_2016-08-25.SNAPE.monomorphic.bed.gz,ea35d00d6122c97e2ef008153d72a292
http://berglandlab.uvadcos.io/dest_mapped/DESTv1/ES_Ler_Gim_1_2016-08-25/ES_Ler_Gim_1_2016-08-25.bed.gz,5e8e931a4073421b7f08fb7733ec5227
http://berglandlab.uvadcos.io/dest_mapped/DESTv1/ES_Ler_Gim_1_2016-10-21/ES_Ler_Gim_1_2016-10-21.SNAPE.monomorphic.bed.gz,534c2d90596ca447c597d07634a1dc4f
http://berglandlab.uvadcos.io/dest_mapped/DESTv1/ES_Ler_Gim_1_2016-10-21/ES_Ler_Gim_1_2016-10-21.bed.gz,227930891325c0bf31ba6e3532aa7d76
http://berglandlab.uvadcos.io/dest_mapped/DESTv1/ES_Gra_Gua_1_2015-09-12/ES_Gra_Gua_1_2015-09-12.SNAPE.monomorphic.bed.gz,f760cc08657ae4ab76fcb870cce1638b
http://berglandlab.uvadcos.io/dest_mapped/DESTv1/ES_Gra_Gua_1_2015-09-12/ES_Gra_Gua_1_2015-09-12.bed.gz,6651df41b136910aa831c84444c6ee39
http://berglandlab.uvadcos.io/dest_mapped/DESTv1/ES_Gra_Pur_1_2016-08-30/ES_Gra_Pur_1_2016-08-30.SNAPE.monomorphic.bed.gz,22f200342cdbc556583889c1f902a179
http://berglandlab.uvadcos.io/dest_mapped/DESTv1/ES_Gra_Pur_1_2016-08-30/ES_Gra_Pur_1_2016-08-30.bed.gz,4512b327a0023a42e110410aa3685aed
http://berglandlab.uvadcos.io/dest_mapped/DESTv1/ES_Ciu_Tom_1_2015-10-08/ES_Ciu_Tom_1_2015-10-08.SNAPE.monomorphic.bed.gz,655f39ff3588a56a7fb528483b1663cc
http://berglandlab.uvadcos.io/dest_mapped/DESTv1/ES_Ciu_Tom_1_2015-10-08/ES_Ciu_Tom_1_2015-10-08.bed.gz,4d06cb0684c1eeb165723747d8e7f087
http://berglandlab.uvadcos.io/dest_mapped/DESTv1/ES_Ciu_Tom_1_2015-09-17/ES_Ciu_Tom_1_2015-09-17.SNAPE.monomorphic.bed.gz,12a0a31e62b99c9e8d95d4c954ceaa99
http://berglandlab.uvadcos.io/dest_mapped/DESTv1/ES_Ciu_Tom_1_2015-09-17/ES_Ciu_Tom_1_2015-09-17.bed.gz,b2902021966668ad338ee0b0e64d1007
http://berglandlab.uvadcos.io/dest_mapped/DESTv1/ES_Ciu_Tom_1_2016-09-02/ES_Ciu_Tom_1_2016-09-02.SNAPE.monomorphic.bed.gz,3b4436ef4646ba5ff29366194be297d8
http://berglandlab.uvadcos.io/dest_mapped/DESTv1/ES_Ciu_Tom_1_2016-09-02/ES_Ciu_Tom_1_2016-09-02.bed.gz,db5d2f42dbfc3ea227aee7bbf1642b7e
http://berglandlab.uvadcos.io/dest_mapped/DESTv1/ES_Ciu_Tom_1_2016-10-11/ES_Ciu_Tom_1_2016-10-11.SNAPE.monomorphic.bed.gz,c45866c4656434aeccd78ae4dc0369e0
http://berglandlab.uvadcos.io/dest_mapped/DESTv1/ES_Ciu_Tom_1_2016-10-11/ES_Ciu_Tom_1_2016-10-11.bed.gz,b1c16f0153ce2292ef19f8924e6afd05
http://berglandlab.uvadcos.io/dest_mapped/DESTv1/ES_Bar_Bar_1_2012-10-16/ES_Bar_Bar_1_2012-10-16.SNAPE.monomorphic.bed.gz,8cb6166404eae67afab8218e15c66791
http://berglandlab.uvadcos.io/dest_mapped/DESTv1/ES_Bar_Bar_1_2012-10-16/ES_Bar_Bar_1_2012-10-16.bed.gz,e7a27eac0a8df8582c93b8bc74f16202
http://berglandlab.uvadcos.io/dest_mapped/DESTv1/ES_Bar_Bar_1_2012-07-13/ES_Bar_Bar_1_2012-07-13.SNAPE.monomorphic.bed.gz,7e36020c8b5139fb0df28a7ebbcab305
http://berglandlab.uvadcos.io/dest_mapped/DESTv1/ES_Bar_Bar_1_2012-07-13/ES_Bar_Bar_1_2012-07-13.bed.gz,f25b80c6fe66ed26d1bf7642dc93cf93
http://berglandlab.uvadcos.io/dest_mapped/DESTv1/FI_Pir_Aka_1_2014-07-25/FI_Pir_Aka_1_2014-07-25.SNAPE.monomorphic.bed.gz,2a59e70f17905007ffb57d7fb130d448
http://berglandlab.uvadcos.io/dest_mapped/DESTv1/FI_Pir_Aka_1_2014-07-25/FI_Pir_Aka_1_2014-07-25.bed.gz,029d926c869057ab17df3a94ddacff99
http://berglandlab.uvadcos.io/dest_mapped/DESTv1/FI_Pir_Aka_1_2014-08-27/FI_Pir_Aka_1_2014-08-27.SNAPE.monomorphic.bed.gz,82f735cea2dc413cd8a258306b749881
http://berglandlab.uvadcos.io/dest_mapped/DESTv1/FI_Pir_Aka_1_2014-08-27/FI_Pir_Aka_1_2014-08-27.bed.gz,cc3b45683a236aee6904819c87bb4614
http://berglandlab.uvadcos.io/dest_mapped/DESTv1/FI_Pir_Aka_1_2015-10-01/FI_Pir_Aka_1_2015-10-01.SNAPE.monomorphic.bed.gz,61b0ae94508224227a1cba74a670417c
http://berglandlab.uvadcos.io/dest_mapped/DESTv1/FI_Pir_Aka_1_2015-10-01/FI_Pir_Aka_1_2015-10-01.bed.gz,f0bc77ea74fa0f4778bfe62641c8d716
http://berglandlab.uvadcos.io/dest_mapped/DESTv1/FI_Pir_Aka_1_2015-07-21/FI_Pir_Aka_1_2015-07-21.SNAPE.monomorphic.bed.gz,ebcc6fe8bdf66c5face21d5d2095ea37
http://berglandlab.uvadcos.io/dest_mapped/DESTv1/FI_Pir_Aka_1_2015-07-21/FI_Pir_Aka_1_2015-07-21.bed.gz,14c41088f59ec557b5834ad8f6d6f523
http://berglandlab.uvadcos.io/dest_mapped/DESTv1/FI_Pir_Aka_1_2016-07-24/FI_Pir_Aka_1_2016-07-24.SNAPE.monomorphic.bed.gz,b5093ed90002a6eff9eec0cadef89408
http://berglandlab.uvadcos.io/dest_mapped/DESTv1/FI_Pir_Aka_1_2016-07-24/FI_Pir_Aka_1_2016-07-24.bed.gz,0357b44dd5db3bf1be6a9369553cbd9f
http://berglandlab.uvadcos.io/dest_mapped/DESTv1/FI_Pir_Aka_1_2016-09-17/FI_Pir_Aka_1_2016-09-17.SNAPE.monomorphic.bed.gz,d9b06815e78f33e29a1921cc059c7cbd
http://berglandlab.uvadcos.io/dest_mapped/DESTv1/FI_Pir_Aka_1_2016-09-17/FI_Pir_Aka_1_2016-09-17.bed.gz,f7121359dfb00b2f12ccdf96250fd2b5
http://berglandlab.uvadcos.io/dest_mapped/DESTv1/FI_Cen_Ves_1_2014-07-26/FI_Cen_Ves_1_2014-07-26.SNAPE.monomorphic.bed.gz,5a921c84d58823aaa8ff57a9daa209e0
http://berglandlab.uvadcos.io/dest_mapped/DESTv1/FI_Cen_Ves_1_2014-07-26/FI_Cen_Ves_1_2014-07-26.bed.gz,493637e0f126f5fc7e7a83f4eca49a73
http://berglandlab.uvadcos.io/dest_mapped/DESTv1/FI_Cen_Ves_1_2016-07-29/FI_Cen_Ves_1_2016-07-29.SNAPE.monomorphic.bed.gz,e2d480d07285186486bdb6ccbf700421
http://berglandlab.uvadcos.io/dest_mapped/DESTv1/FI_Cen_Ves_1_2016-07-29/FI_Cen_Ves_1_2016-07-29.bed.gz,399ae28756fe08bd02c0fc6cde575a3d
http://berglandlab.uvadcos.io/dest_mapped/DESTv1/US_Flo_Hom_1_2010-12-16/US_Flo_Hom_1_2010-12-16.SNAPE.monomorphic.bed.gz,2e5da7fcfd77bb9ecad56aaa7606e8c9
http://berglandlab.uvadcos.io/dest_mapped/DESTv1/US_Flo_Hom_1_2010-12-16/US_Flo_Hom_1_2010-12-16.bed.gz,db439cea86584a31b88f220a22963630
http://berglandlab.uvadcos.io/dest_mapped/DESTv1/US_Flo_Hom_1_2010-07-15/US_Flo_Hom_1_2010-07-15.SNAPE.monomorphic.bed.gz,39fb1d0a4a425d7079e0e1c1ebed6d82
http://berglandlab.uvadcos.io/dest_mapped/DESTv1/US_Flo_Hom_1_2010-07-15/US_Flo_Hom_1_2010-07-15.bed.gz,f1d7e08aa564e93e6f29793624e57d04
http://berglandlab.uvadcos.io/dest_mapped/DESTv1/FR_Dro_Got_1_2014-07-08/FR_Dro_Got_1_2014-07-08.SNAPE.monomorphic.bed.gz,ad8e5b4d1825bca9b975e8eaab5fd046
http://berglandlab.uvadcos.io/dest_mapped/DESTv1/FR_Dro_Got_1_2014-07-08/FR_Dro_Got_1_2014-07-08.bed.gz,ee9fd27a44f4a5ef5639f41c4065bc03
http://berglandlab.uvadcos.io/dest_mapped/DESTv1/FR_Dro_Got_1_2015-05-21/FR_Dro_Got_1_2015-05-21.SNAPE.monomorphic.bed.gz,98c005b4321eb658e09ef1e897e09090
http://berglandlab.uvadcos.io/dest_mapped/DESTv1/FR_Dro_Got_1_2015-05-21/FR_Dro_Got_1_2015-05-21.bed.gz,821c07faeac9b17244ba971014ccfd68
http://berglandlab.uvadcos.io/dest_mapped/DESTv1/FR_Dro_Got_1_2015-09-09/FR_Dro_Got_1_2015-09-09.SNAPE.monomorphic.bed.gz,2cf2da6d564526d911d61098fc1fdea5
http://berglandlab.uvadcos.io/dest_mapped/DESTv1/FR_Dro_Got_1_2015-09-09/FR_Dro_Got_1_2015-09-09.bed.gz,3c25826d3b7dfa2480f435f3f9496c96
http://berglandlab.uvadcos.io/dest_mapped/DESTv1/FR_Dro_Got_1_2015-10-13/FR_Dro_Got_1_2015-10-13.SNAPE.monomorphic.bed.gz,0cb9310cbb3d068d764f1abf331ef6be
http://berglandlab.uvadcos.io/dest_mapped/DESTv1/FR_Dro_Got_1_2015-10-13/FR_Dro_Got_1_2015-10-13.bed.gz,4a50e0aa0953cfa18caa2f644403380d
http://berglandlab.uvadcos.io/dest_mapped/DESTv1/FR_Dro_Got_1_2016-06-13/FR_Dro_Got_1_2016-06-13.SNAPE.monomorphic.bed.gz,f762e733f84f06e3a6ae7dc718533774
http://berglandlab.uvadcos.io/dest_mapped/DESTv1/FR_Dro_Got_1_2016-06-13/FR_Dro_Got_1_2016-06-13.bed.gz,d705b365906eb371ff0bf00a71a3ecbc
http://berglandlab.uvadcos.io/dest_mapped/DESTv1/FR_Ess_Vil_1_2014-08-18/FR_Ess_Vil_1_2014-08-18.SNAPE.monomorphic.bed.gz,8451a3f13069eef17189705adad9f9f0
http://berglandlab.uvadcos.io/dest_mapped/DESTv1/FR_Ess_Vil_1_2014-08-18/FR_Ess_Vil_1_2014-08-18.bed.gz,a2836ad8b36ebb22b648fc31f09adf87
http://berglandlab.uvadcos.io/dest_mapped/DESTv1/FR_Ess_Vil_1_2014-10-27/FR_Ess_Vil_1_2014-10-27.SNAPE.monomorphic.bed.gz,bb7fe676ae5e7073a7bee2a2a0facb49
http://berglandlab.uvadcos.io/dest_mapped/DESTv1/FR_Ess_Vil_1_2014-10-27/FR_Ess_Vil_1_2014-10-27.bed.gz,67c794ff1e42431e68a5f17d0b60e084
http://berglandlab.uvadcos.io/dest_mapped/DESTv1/FR_Ess_Vil_1_2015-08-10/FR_Ess_Vil_1_2015-08-10.SNAPE.monomorphic.bed.gz,03ce1c9a327e4ac2c444d444e2340e35
http://berglandlab.uvadcos.io/dest_mapped/DESTv1/FR_Ess_Vil_1_2015-08-10/FR_Ess_Vil_1_2015-08-10.bed.gz,4ea68290160228b6434c507d83cedf3e
http://berglandlab.uvadcos.io/dest_mapped/DESTv1/FR_Ess_Vil_1_2015-10-14/FR_Ess_Vil_1_2015-10-14.SNAPE.monomorphic.bed.gz,c5a5f82e052fd5600fe9b8a4c4ce7bd4
http://berglandlab.uvadcos.io/dest_mapped/DESTv1/FR_Ess_Vil_1_2015-10-14/FR_Ess_Vil_1_2015-10-14.bed.gz,baa979ab618bcd19452ac3af06f29f19
http://berglandlab.uvadcos.io/dest_mapped/DESTv1/FR_Ess_Vil_1_2016-08-12/FR_Ess_Vil_1_2016-08-12.SNAPE.monomorphic.bed.gz,b16ac6f0ae31e3f2face2a03b3d2cf2b
http://berglandlab.uvadcos.io/dest_mapped/DESTv1/FR_Ess_Vil_1_2016-08-12/FR_Ess_Vil_1_2016-08-12.bed.gz,e62e5f0e8dc31038fd739503d584fee6
http://berglandlab.uvadcos.io/dest_mapped/DESTv1/US_Geo_Ath_1_2014-10-15/US_Geo_Ath_1_2014-10-15.SNAPE.monomorphic.bed.gz,cd0720b379c3513a3d634e5fe940fa13
http://berglandlab.uvadcos.io/dest_mapped/DESTv1/US_Geo_Ath_1_2014-10-15/US_Geo_Ath_1_2014-10-15.bed.gz,176d951b1c73b8e842148e8fda06444b
http://berglandlab.uvadcos.io/dest_mapped/DESTv1/US_Geo_Ath_1_2014-06-17/US_Geo_Ath_1_2014-06-17.SNAPE.monomorphic.bed.gz,cb687c6c66bd80af8a102036a86aa6bc
http://berglandlab.uvadcos.io/dest_mapped/DESTv1/US_Geo_Ath_1_2014-06-17/US_Geo_Ath_1_2014-06-17.bed.gz,3351ef02d9a474b30649c4442d7e0c36
http://berglandlab.uvadcos.io/dest_mapped/DESTv1/US_Geo_Hah_1_2008-07-16/US_Geo_Hah_1_2008-07-16.SNAPE.monomorphic.bed.gz,dd55cd18ee4a3bfeefdeaf405b7d0957
http://berglandlab.uvadcos.io/dest_mapped/DESTv1/US_Geo_Hah_1_2008-07-16/US_Geo_Hah_1_2008-07-16.bed.gz,35f75491424afb30e99794821c7d0fba
http://berglandlab.uvadcos.io/dest_mapped/DESTv1/FR_Gua_Des_1_2015-12-16/FR_Gua_Des_1_2015-12-16.SNAPE.monomorphic.bed.gz,8914d3b3922c0a9d8ffd8d37a406fbb1
http://berglandlab.uvadcos.io/dest_mapped/DESTv1/FR_Gua_Des_1_2015-12-16/FR_Gua_Des_1_2015-12-16.bed.gz,549d13556c0eb76b5c0fc35dffa63853
http://berglandlab.uvadcos.io/dest_mapped/DESTv1/FR_Gua_Sai_1_2015-12-23/FR_Gua_Sai_1_2015-12-23.SNAPE.monomorphic.bed.gz,18b22a571bd85ed7124dcb830b3c8ba5
http://berglandlab.uvadcos.io/dest_mapped/DESTv1/FR_Gua_Sai_1_2015-12-23/FR_Gua_Sai_1_2015-12-23.bed.gz,9b30e7b80d66c67d22c59359f6a3cc54
http://berglandlab.uvadcos.io/dest_mapped/DESTv1/HU_Sze_Sze_1_2016-08-28/HU_Sze_Sze_1_2016-08-28.SNAPE.monomorphic.bed.gz,c1ed8c52b60085ddd0709e7bc623d6fd
http://berglandlab.uvadcos.io/dest_mapped/DESTv1/HU_Sze_Sze_1_2016-08-28/HU_Sze_Sze_1_2016-08-28.bed.gz,40be32e5dc0c6a2d04366226c4e10cd3
http://berglandlab.uvadcos.io/dest_mapped/DESTv1/US_Ill_Urb_1_2015-07-11/US_Ill_Urb_1_2015-07-11.SNAPE.monomorphic.bed.gz,c14762929de4039326fd462a4232c8e8
http://berglandlab.uvadcos.io/dest_mapped/DESTv1/US_Ill_Urb_1_2015-07-11/US_Ill_Urb_1_2015-07-11.bed.gz,edc6da0deaa1b79edfb58202c77e6317
http://berglandlab.uvadcos.io/dest_mapped/DESTv1/IT_Tre_San_1_2015-09-29/IT_Tre_San_1_2015-09-29.SNAPE.monomorphic.bed.gz,993fff6b4405d1a6f24be95e264c7621
http://berglandlab.uvadcos.io/dest_mapped/DESTv1/IT_Tre_San_1_2015-09-29/IT_Tre_San_1_2015-09-29.bed.gz,8a99ced7343a6c6cd33a2c3540b03cab
http://berglandlab.uvadcos.io/dest_mapped/DESTv1/IT_Tre_San_1_2015-10-10/IT_Tre_San_1_2015-10-10.SNAPE.monomorphic.bed.gz,69a1d83b4ff9479658b5beebeb520b05
http://berglandlab.uvadcos.io/dest_mapped/DESTv1/IT_Tre_San_1_2015-10-10/IT_Tre_San_1_2015-10-10.bed.gz,fde60345c877919d66b6dcd44178fcd0
http://berglandlab.uvadcos.io/dest_mapped/DESTv1/IT_Tre_Tre_1_2016-08-24/IT_Tre_Tre_1_2016-08-24.SNAPE.monomorphic.bed.gz,92ec798cf2867cd06231cd7e45dd7e0d
http://berglandlab.uvadcos.io/dest_mapped/DESTv1/IT_Tre_Tre_1_2016-08-24/IT_Tre_Tre_1_2016-08-24.bed.gz,6119c92e841a3f5cdaaacba7636a082b
http://berglandlab.uvadcos.io/dest_mapped/DESTv1/US_Kan_Top_1_2014-10-22/US_Kan_Top_1_2014-10-22.SNAPE.monomorphic.bed.gz,b55612805d22134334661bfe57e978f9
http://berglandlab.uvadcos.io/dest_mapped/DESTv1/US_Kan_Top_1_2014-10-22/US_Kan_Top_1_2014-10-22.bed.gz,acde991dab780f53f871e9ad6c6ac510
http://berglandlab.uvadcos.io/dest_mapped/DESTv1/US_Kan_Top_1_2014-06-22/US_Kan_Top_1_2014-06-22.SNAPE.monomorphic.bed.gz,1d3493f066dc089bc9fa62cc4b9c2bf1
http://berglandlab.uvadcos.io/dest_mapped/DESTv1/US_Kan_Top_1_2014-06-22/US_Kan_Top_1_2014-06-22.bed.gz,96350ebdc0f598fcdff5789e57624471
http://berglandlab.uvadcos.io/dest_mapped/DESTv1/US_Mas_Lan_1_2012-10-02/US_Mas_Lan_1_2012-10-02.SNAPE.monomorphic.bed.gz,9752a36a62e426c2cd43cf00bfa9473f
http://berglandlab.uvadcos.io/dest_mapped/DESTv1/US_Mas_Lan_1_2012-10-02/US_Mas_Lan_1_2012-10-02.bed.gz,65052e62236c5bfbeafa6b5b37a9a103
http://berglandlab.uvadcos.io/dest_mapped/DESTv1/US_Mas_Lan_1_2012-07-28/US_Mas_Lan_1_2012-07-28.SNAPE.monomorphic.bed.gz,5271778bda06c8fc07e029d12b8970b2
http://berglandlab.uvadcos.io/dest_mapped/DESTv1/US_Mas_Lan_1_2012-07-28/US_Mas_Lan_1_2012-07-28.bed.gz,13c70b19ee6e48261fff0205aa9f70f3
http://berglandlab.uvadcos.io/dest_mapped/DESTv1/US_Mas_Lan_1_2014-10-20/US_Mas_Lan_1_2014-10-20.SNAPE.monomorphic.bed.gz,6a85ca1ba9fd617a3cf5d9c892d6fd66
http://berglandlab.uvadcos.io/dest_mapped/DESTv1/US_Mas_Lan_1_2014-10-20/US_Mas_Lan_1_2014-10-20.bed.gz,86df188c6cab68ec846589827cdd0e92
http://berglandlab.uvadcos.io/dest_mapped/DESTv1/US_Mas_Lan_1_2014-07-20/US_Mas_Lan_1_2014-07-20.SNAPE.monomorphic.bed.gz,f32fad2efc2e74ca1304ce696c23bd5e
http://berglandlab.uvadcos.io/dest_mapped/DESTv1/US_Mas_Lan_1_2014-07-20/US_Mas_Lan_1_2014-07-20.bed.gz,839922068c6e047437992eeb0e76f48d
http://berglandlab.uvadcos.io/dest_mapped/DESTv1/US_Mai_Bow_1_2009-10-15/US_Mai_Bow_1_2009-10-15.SNAPE.monomorphic.bed.gz,1bc53a7df080e1031315d440c0f6843a
http://berglandlab.uvadcos.io/dest_mapped/DESTv1/US_Mai_Bow_1_2009-10-15/US_Mai_Bow_1_2009-10-15.bed.gz,960f55cc58ee1733611afca6ca855775
http://berglandlab.uvadcos.io/dest_mapped/DESTv1/US_Mai_Bow_2_2009-10-15/US_Mai_Bow_2_2009-10-15.SNAPE.monomorphic.bed.gz,72fb7fb03632834eafdfd9f04ebebeb4
http://berglandlab.uvadcos.io/dest_mapped/DESTv1/US_Mai_Bow_2_2009-10-15/US_Mai_Bow_2_2009-10-15.bed.gz,30f1b5258e9265c31b05270719079526
http://berglandlab.uvadcos.io/dest_mapped/DESTv1/US_Mic_Ben_1_2014-11-05/US_Mic_Ben_1_2014-11-05.SNAPE.monomorphic.bed.gz,62822932981698d8d627b6ef1884d0da
http://berglandlab.uvadcos.io/dest_mapped/DESTv1/US_Mic_Ben_1_2014-11-05/US_Mic_Ben_1_2014-11-05.bed.gz,803c2f41ff018b37eab9e0beb3ffdd0a
http://berglandlab.uvadcos.io/dest_mapped/DESTv1/US_Mic_Ben_1_2014-07-26/US_Mic_Ben_1_2014-07-26.SNAPE.monomorphic.bed.gz,7dd4a8359e38dac83aeb1d5e8f3d6690
http://berglandlab.uvadcos.io/dest_mapped/DESTv1/US_Mic_Ben_1_2014-07-26/US_Mic_Ben_1_2014-07-26.bed.gz,55fdba4bff547e551981154461d025f8
http://berglandlab.uvadcos.io/dest_mapped/DESTv1/US_Nor_Ral_2_2003-07-01/US_Nor_Ral_2_2003-07-01.SNAPE.monomorphic.bed.gz,a7ce10c4a92d06c5fdd62a3ea2def6eb
http://berglandlab.uvadcos.io/dest_mapped/DESTv1/US_Nor_Ral_2_2003-07-01/US_Nor_Ral_2_2003-07-01.bed.gz,d4fa6df1ab7c6b26cf0097a50aa37e4b
http://berglandlab.uvadcos.io/dest_mapped/DESTv1/US_New_Ith_1_2012-09-23/US_New_Ith_1_2012-09-23.SNAPE.monomorphic.bed.gz,352be40784012d054f1f2e412fc9f33c
http://berglandlab.uvadcos.io/dest_mapped/DESTv1/US_New_Ith_1_2012-09-23/US_New_Ith_1_2012-09-23.bed.gz,6f1f9540bc115fcf17cf0c2cdb3dedeb
http://berglandlab.uvadcos.io/dest_mapped/DESTv1/US_New_Ith_1_2012-07-25/US_New_Ith_1_2012-07-25.SNAPE.monomorphic.bed.gz,65c3fc5635bb557d4b28e4c7988facee
http://berglandlab.uvadcos.io/dest_mapped/DESTv1/US_New_Ith_1_2012-07-25/US_New_Ith_1_2012-07-25.bed.gz,80fe1c40192177d96c8709d620f27306
http://berglandlab.uvadcos.io/dest_mapped/DESTv1/CA_Ont_Sud_1_2015-09-30/CA_Ont_Sud_1_2015-09-30.SNAPE.monomorphic.bed.gz,caeac15afcd9ea1bcb48492f3aefa3ed
http://berglandlab.uvadcos.io/dest_mapped/DESTv1/CA_Ont_Sud_1_2015-09-30/CA_Ont_Sud_1_2015-09-30.bed.gz,1b0b9386cecc4d5728900a4cfec71972
http://berglandlab.uvadcos.io/dest_mapped/DESTv1/CA_Ont_Sud_1_2015-08-03/CA_Ont_Sud_1_2015-08-03.SNAPE.monomorphic.bed.gz,cec39602a982ed12a956d772d56161ab
http://berglandlab.uvadcos.io/dest_mapped/DESTv1/CA_Ont_Sud_1_2015-08-03/CA_Ont_Sud_1_2015-08-03.bed.gz,4a43c95c4fd8a94cbd461ba5cbb5a06c
http://berglandlab.uvadcos.io/dest_mapped/DESTv1/US_Pen_Lin_1_2009-11-16/US_Pen_Lin_1_2009-11-16.SNAPE.monomorphic.bed.gz,8750aedcbccea6e7a718f436a0d825b1
http://berglandlab.uvadcos.io/dest_mapped/DESTv1/US_Pen_Lin_1_2009-11-16/US_Pen_Lin_1_2009-11-16.bed.gz,3dcf96d10732de8cffab3b99ce8fcd53
http://berglandlab.uvadcos.io/dest_mapped/DESTv1/US_Pen_Lin_1_2009-07-15/US_Pen_Lin_1_2009-07-15.SNAPE.monomorphic.bed.gz,9ebc6fb282335b110410579408335457
http://berglandlab.uvadcos.io/dest_mapped/DESTv1/US_Pen_Lin_1_2009-07-15/US_Pen_Lin_1_2009-07-15.bed.gz,a56c856aa016a49e69f1759eb765b464
http://berglandlab.uvadcos.io/dest_mapped/DESTv1/US_Pen_Lin_1_2010-11-16/US_Pen_Lin_1_2010-11-16.SNAPE.monomorphic.bed.gz,5e66aaaa2fe762eb779040e46ae78c43
http://berglandlab.uvadcos.io/dest_mapped/DESTv1/US_Pen_Lin_1_2010-11-16/US_Pen_Lin_1_2010-11-16.bed.gz,cc590ccfc6a328cddfe4b9857668d4dd
http://berglandlab.uvadcos.io/dest_mapped/DESTv1/US_Pen_Lin_1_2010-07-15/US_Pen_Lin_1_2010-07-15.SNAPE.monomorphic.bed.gz,ccc011470dd3051e029db640a405ed27
http://berglandlab.uvadcos.io/dest_mapped/DESTv1/US_Pen_Lin_1_2010-07-15/US_Pen_Lin_1_2010-07-15.bed.gz,13b851abbd716f367328b38e01748acf
http://berglandlab.uvadcos.io/dest_mapped/DESTv1/US_Pen_Lin_1_2011-10-15/US_Pen_Lin_1_2011-10-15.SNAPE.monomorphic.bed.gz,367e5d96791eba4d12e0e886a6f3df69
http://berglandlab.uvadcos.io/dest_mapped/DESTv1/US_Pen_Lin_1_2011-10-15/US_Pen_Lin_1_2011-10-15.bed.gz,8618ba5c0c5fa4384fe83f88c3665512
http://berglandlab.uvadcos.io/dest_mapped/DESTv1/US_Pen_Lin_1_2011-11-16/US_Pen_Lin_1_2011-11-16.SNAPE.monomorphic.bed.gz,e66513df50d589b80de4b91b157f71bf
http://berglandlab.uvadcos.io/dest_mapped/DESTv1/US_Pen_Lin_1_2011-11-16/US_Pen_Lin_1_2011-11-16.bed.gz,b933085b877549ea6a63ffe0d99e37e8
http://berglandlab.uvadcos.io/dest_mapped/DESTv1/US_Pen_Lin_1_2011-07-15/US_Pen_Lin_1_2011-07-15.SNAPE.monomorphic.bed.gz,c34b08a4a1e567386266793312987a5d
http://berglandlab.uvadcos.io/dest_mapped/DESTv1/US_Pen_Lin_1_2011-07-15/US_Pen_Lin_1_2011-07-15.bed.gz,c4f8ed0e838c3730d1594a35add209f6
http://berglandlab.uvadcos.io/dest_mapped/DESTv1/US_Pen_Lin_1_2012-10-10/US_Pen_Lin_1_2012-10-10.SNAPE.monomorphic.bed.gz,b61fe4662d48c19b20bd2c25c525a90a
http://berglandlab.uvadcos.io/dest_mapped/DESTv1/US_Pen_Lin_1_2012-10-10/US_Pen_Lin_1_2012-10-10.bed.gz,06396ea5e96ab498877372c5693e471d
http://berglandlab.uvadcos.io/dest_mapped/DESTv1/US_Pen_Lin_1_2012-07-16/US_Pen_Lin_1_2012-07-16.SNAPE.monomorphic.bed.gz,8173b76243df4d825aca7d27f9f0ba74
http://berglandlab.uvadcos.io/dest_mapped/DESTv1/US_Pen_Lin_1_2012-07-16/US_Pen_Lin_1_2012-07-16.bed.gz,06b4ed29880ab1a346618d78719a6802
http://berglandlab.uvadcos.io/dest_mapped/DESTv1/US_Pen_Lin_1_2012-09-13/US_Pen_Lin_1_2012-09-13.SNAPE.monomorphic.bed.gz,78943afc653dfecbebf095d4c2776729
http://berglandlab.uvadcos.io/dest_mapped/DESTv1/US_Pen_Lin_1_2012-09-13/US_Pen_Lin_1_2012-09-13.bed.gz,ecbe33dc6da9f4e1d43e3194c6cf5e7f
http://berglandlab.uvadcos.io/dest_mapped/DESTv1/US_Pen_Lin_1_2013-06-15/US_Pen_Lin_1_2013-06-15.SNAPE.monomorphic.bed.gz,28a095d81e1cf04cba9c8d5a4e59e935
http://berglandlab.uvadcos.io/dest_mapped/DESTv1/US_Pen_Lin_1_2013-06-15/US_Pen_Lin_1_2013-06-15.bed.gz,eab4a73aa68dfd63012c9e05a1018b8f
http://berglandlab.uvadcos.io/dest_mapped/DESTv1/US_Pen_Lin_1_2014-10-17/US_Pen_Lin_1_2014-10-17.SNAPE.monomorphic.bed.gz,573a1f977bcc4c65bf6de1fa265cd057
http://berglandlab.uvadcos.io/dest_mapped/DESTv1/US_Pen_Lin_1_2014-10-17/US_Pen_Lin_1_2014-10-17.bed.gz,ffd6fad4712b434f2c93085e1b5f3271
http://berglandlab.uvadcos.io/dest_mapped/DESTv1/US_Pen_Lin_1_2014-06-27/US_Pen_Lin_1_2014-06-27.SNAPE.monomorphic.bed.gz,ede410fe28812790ed330399f83add2d
http://berglandlab.uvadcos.io/dest_mapped/DESTv1/US_Pen_Lin_1_2014-06-27/US_Pen_Lin_1_2014-06-27.bed.gz,db4adad8f2d221f0516f32e58e9ee430
http://berglandlab.uvadcos.io/dest_mapped/DESTv1/US_Pen_Lin_1_2015-10-15/US_Pen_Lin_1_2015-10-15.SNAPE.monomorphic.bed.gz,bf77f3402ffcc653bf7ad273db3db428
http://berglandlab.uvadcos.io/dest_mapped/DESTv1/US_Pen_Lin_1_2015-10-15/US_Pen_Lin_1_2015-10-15.bed.gz,d4d34700d3c93ce045dab3dad6c54de0
http://berglandlab.uvadcos.io/dest_mapped/DESTv1/US_Pen_Lin_1_2015-07-15/US_Pen_Lin_1_2015-07-15.SNAPE.monomorphic.bed.gz,52e123ee5a4c491277ff9550201769d1
http://berglandlab.uvadcos.io/dest_mapped/DESTv1/US_Pen_Lin_1_2015-07-15/US_Pen_Lin_1_2015-07-15.bed.gz,20b583187c71ce2a7c6d5fb325949eb0
http://berglandlab.uvadcos.io/dest_mapped/DESTv1/US_Pen_Sta_1_2014-10-16/US_Pen_Sta_1_2014-10-16.SNAPE.monomorphic.bed.gz,8f50756732c63c32f506944a79ade6d8
http://berglandlab.uvadcos.io/dest_mapped/DESTv1/US_Pen_Sta_1_2014-10-16/US_Pen_Sta_1_2014-10-16.bed.gz,a0a3cafda1d0a604b6cff3a04fc730a6
http://berglandlab.uvadcos.io/dest_mapped/DESTv1/US_Pen_Sta_1_2014-06-18/US_Pen_Sta_1_2014-06-18.SNAPE.monomorphic.bed.gz,f2bd174dc869decc6f962ed053451635
http://berglandlab.uvadcos.io/dest_mapped/DESTv1/US_Pen_Sta_1_2014-06-18/US_Pen_Sta_1_2014-06-18.bed.gz,26df7ad51e90377275a745a3c1d5773b
http://berglandlab.uvadcos.io/dest_mapped/DESTv1/US_Pen_Sta_1_2015-07-18/US_Pen_Sta_1_2015-07-18.SNAPE.monomorphic.bed.gz,191dac5a595751a613a7abff878c1734
http://berglandlab.uvadcos.io/dest_mapped/DESTv1/US_Pen_Sta_1_2015-07-18/US_Pen_Sta_1_2015-07-18.bed.gz,c53f3c7bafd78a25ba99caacb0036b8d
http://berglandlab.uvadcos.io/dest_mapped/DESTv1/PL_War_Brz_1_2015-09-28/PL_War_Brz_1_2015-09-28.SNAPE.monomorphic.bed.gz,6619c4692acac7056e43ad6446bb8f25
http://berglandlab.uvadcos.io/dest_mapped/DESTv1/PL_War_Brz_1_2015-09-28/PL_War_Brz_1_2015-09-28.bed.gz,845e3fc92e710900583764f50ded3a73
http://berglandlab.uvadcos.io/dest_mapped/DESTv1/PL_War_Brz_1_2016-08-08/PL_War_Brz_1_2016-08-08.SNAPE.monomorphic.bed.gz,63a49acf420c56d624c6b705bd195171
http://berglandlab.uvadcos.io/dest_mapped/DESTv1/PL_War_Brz_1_2016-08-08/PL_War_Brz_1_2016-08-08.bed.gz,2365b80503cc12e23b1a9d1b8c5bbdd0
http://berglandlab.uvadcos.io/dest_mapped/DESTv1/PL_Pom_Gda_1_2016-08-01/PL_Pom_Gda_1_2016-08-01.SNAPE.monomorphic.bed.gz,5d7d0f3f8b66dd4c068bb2259393971f
http://berglandlab.uvadcos.io/dest_mapped/DESTv1/PL_Pom_Gda_1_2016-08-01/PL_Pom_Gda_1_2016-08-01.bed.gz,c1eb541b5d7626cdb7743ed864a84e20
http://berglandlab.uvadcos.io/dest_mapped/DESTv1/PT_Por_Rec_1_2014-09-26/PT_Por_Rec_1_2014-09-26.SNAPE.monomorphic.bed.gz,2d20c6d1e5a24664c7f9d714ef639325
http://berglandlab.uvadcos.io/dest_mapped/DESTv1/PT_Por_Rec_1_2014-09-26/PT_Por_Rec_1_2014-09-26.bed.gz,cf0b453f6691bb683a929774a239d782
http://berglandlab.uvadcos.io/dest_mapped/DESTv1/PT_Por_Rec_1_2015-09-01/PT_Por_Rec_1_2015-09-01.SNAPE.monomorphic.bed.gz,31c2ce75544ad8369ba42639578d8378
http://berglandlab.uvadcos.io/dest_mapped/DESTv1/PT_Por_Rec_1_2015-09-01/PT_Por_Rec_1_2015-09-01.bed.gz,d09d517ce55c26d6a72dcb7c337f433b
http://berglandlab.uvadcos.io/dest_mapped/DESTv1/PT_Por_Rec_1_2016-10-01/PT_Por_Rec_1_2016-10-01.SNAPE.monomorphic.bed.gz,81b9b71be17ca1f72e9ef22a681b1db5
http://berglandlab.uvadcos.io/dest_mapped/DESTv1/PT_Por_Rec_1_2016-10-01/PT_Por_Rec_1_2016-10-01.bed.gz,fe9ec821415701a9efd846ecdfa455d4
http://berglandlab.uvadcos.io/dest_mapped/DESTv1/RS_Zaj_Kal_1_2016-06-30/RS_Zaj_Kal_1_2016-06-30.SNAPE.monomorphic.bed.gz,c5cfec74b5ad36eb4e3983eced4882d9
http://berglandlab.uvadcos.io/dest_mapped/DESTv1/RS_Zaj_Kal_1_2016-06-30/RS_Zaj_Kal_1_2016-06-30.bed.gz,b6757a324947a349c0239d6c08cceeec
http://berglandlab.uvadcos.io/dest_mapped/DESTv1/RS_Zaj_Kal_1_2016-09-13/RS_Zaj_Kal_1_2016-09-13.SNAPE.monomorphic.bed.gz,5b6b7a421155aeb9dfe5951889c18a7d
http://berglandlab.uvadcos.io/dest_mapped/DESTv1/RS_Zaj_Kal_1_2016-09-13/RS_Zaj_Kal_1_2016-09-13.bed.gz,55920f4e372aaf88f857458e921b4ac4
http://berglandlab.uvadcos.io/dest_mapped/DESTv1/RS_Sre_Sla_1_2016-06-18/RS_Sre_Sla_1_2016-06-18.SNAPE.monomorphic.bed.gz,b4e3f6475f82a805b6d7fd0624271f0e
http://berglandlab.uvadcos.io/dest_mapped/DESTv1/RS_Sre_Sla_1_2016-06-18/RS_Sre_Sla_1_2016-06-18.bed.gz,d7c6e2bd288649f2df393bf57152d759
http://berglandlab.uvadcos.io/dest_mapped/DESTv1/RS_Sre_Sla_1_2016-09-09/RS_Sre_Sla_1_2016-09-09.SNAPE.monomorphic.bed.gz,612df732f7e46fa5b2d287fcb2db3361
http://berglandlab.uvadcos.io/dest_mapped/DESTv1/RS_Sre_Sla_1_2016-09-09/RS_Sre_Sla_1_2016-09-09.bed.gz,d5f9c063c0f31f8152b7ddc0b9dda41e
http://berglandlab.uvadcos.io/dest_mapped/DESTv1/RU_Vla_Ale_1_2015-09-15/RU_Vla_Ale_1_2015-09-15.SNAPE.monomorphic.bed.gz,eb8e8131340075cf4baf231e6fa1084b
http://berglandlab.uvadcos.io/dest_mapped/DESTv1/RU_Vla_Ale_1_2015-09-15/RU_Vla_Ale_1_2015-09-15.bed.gz,9c1072cd56a9f497774eca06b0f380cb
http://berglandlab.uvadcos.io/dest_mapped/DESTv1/RU_Vla_Ale_1_2016-10-15/RU_Vla_Ale_1_2016-10-15.SNAPE.monomorphic.bed.gz,113ed1053d38e082535342e045a75c6e
http://berglandlab.uvadcos.io/dest_mapped/DESTv1/RU_Vla_Ale_1_2016-10-15/RU_Vla_Ale_1_2016-10-15.bed.gz,c31b73ea46bfb61b3494633908df944f
http://berglandlab.uvadcos.io/dest_mapped/DESTv1/RU_Nov_Val_1_2014-08-17/RU_Nov_Val_1_2014-08-17.SNAPE.monomorphic.bed.gz,5030f4df4c130a09448aae68d3614bc2
http://berglandlab.uvadcos.io/dest_mapped/DESTv1/RU_Nov_Val_1_2014-08-17/RU_Nov_Val_1_2014-08-17.bed.gz,1da66309606f141262e661c82b457a34
http://berglandlab.uvadcos.io/dest_mapped/DESTv1/RU_Nov_Val_1_2016-08-23/RU_Nov_Val_1_2016-08-23.SNAPE.monomorphic.bed.gz,9eebf482ab240485aaf04931c5629853
http://berglandlab.uvadcos.io/dest_mapped/DESTv1/RU_Nov_Val_1_2016-08-23/RU_Nov_Val_1_2016-08-23.bed.gz,f662f28b9a978b05c041a5aaa22af801
http://berglandlab.uvadcos.io/dest_mapped/DESTv1/RU_Nov_Val_1_2016-09-29/RU_Nov_Val_1_2016-09-29.SNAPE.monomorphic.bed.gz,bcb34c152c5da1f14ec2475ecdb8191b
http://berglandlab.uvadcos.io/dest_mapped/DESTv1/RU_Nov_Val_1_2016-09-29/RU_Nov_Val_1_2016-09-29.bed.gz,55cbdcf4b0fc873f1f86b9cdf096aa1e
http://berglandlab.uvadcos.io/dest_mapped/DESTv1/RU_Nov_Val_1_2016-10-24/RU_Nov_Val_1_2016-10-24.SNAPE.monomorphic.bed.gz,3f3347d52840ccfd2ea901ca71edcfbb
http://berglandlab.uvadcos.io/dest_mapped/DESTv1/RU_Nov_Val_1_2016-10-24/RU_Nov_Val_1_2016-10-24.bed.gz,2b8d432ee3dfbc9dda71a9dd3f2b50a9
http://berglandlab.uvadcos.io/dest_mapped/DESTv1/RU_Tul_Tul_1_2015-09-20/RU_Tul_Tul_1_2015-09-20.SNAPE.monomorphic.bed.gz,95c28e2a5dc2802f0ec4e18a84d08876
http://berglandlab.uvadcos.io/dest_mapped/DESTv1/RU_Tul_Tul_1_2015-09-20/RU_Tul_Tul_1_2015-09-20.bed.gz,1367ef8d7b0dc6b2e374f177f6667267
http://berglandlab.uvadcos.io/dest_mapped/DESTv1/RU_Nov_Val_1_2015-08-23/RU_Nov_Val_1_2015-08-23.SNAPE.monomorphic.bed.gz,e505d0cfac64af87620f47ff31963799
http://berglandlab.uvadcos.io/dest_mapped/DESTv1/RU_Nov_Val_1_2015-08-23/RU_Nov_Val_1_2015-08-23.bed.gz,4597553bcf95ae844664c5bca6cfa77a
http://berglandlab.uvadcos.io/dest_mapped/DESTv1/RU_Nov_Val_1_2015-10-05/RU_Nov_Val_1_2015-10-05.SNAPE.monomorphic.bed.gz,342db1f02fb25c20f8d39dce57a78b38
http://berglandlab.uvadcos.io/dest_mapped/DESTv1/RU_Nov_Val_1_2015-10-05/RU_Nov_Val_1_2015-10-05.bed.gz,059e41c0384236d154f949bad62ae46b
http://berglandlab.uvadcos.io/dest_mapped/DESTv1/US_Sou_Eut_1_2010-07-15/US_Sou_Eut_1_2010-07-15.SNAPE.monomorphic.bed.gz,6bef2b348eb1ab092ff924732b3d14fa
http://berglandlab.uvadcos.io/dest_mapped/DESTv1/US_Sou_Eut_1_2010-07-15/US_Sou_Eut_1_2010-07-15.bed.gz,6deb44824da8ff2cab61c92a0b9e240f
http://berglandlab.uvadcos.io/dest_mapped/DESTv1/SE_Ska_Lun_1_2014-07-31/SE_Ska_Lun_1_2014-07-31.SNAPE.monomorphic.bed.gz,390417b7f842025fd18669aa8765812e
http://berglandlab.uvadcos.io/dest_mapped/DESTv1/SE_Ska_Lun_1_2014-07-31/SE_Ska_Lun_1_2014-07-31.bed.gz,45ddc18fe0d7c881712c2942a6a2df0c
http://berglandlab.uvadcos.io/dest_mapped/DESTv1/SE_Ska_Lun_1_2015-08-24/SE_Ska_Lun_1_2015-08-24.SNAPE.monomorphic.bed.gz,c593a03ed2196de82a789cebbfa76ff4
http://berglandlab.uvadcos.io/dest_mapped/DESTv1/SE_Ska_Lun_1_2015-08-24/SE_Ska_Lun_1_2015-08-24.bed.gz,9e5a5086ec86175c4414e2be26baf572
http://berglandlab.uvadcos.io/dest_mapped/DESTv1/SE_Ska_Lun_1_2015-08-08/SE_Ska_Lun_1_2015-08-08.SNAPE.monomorphic.bed.gz,08c921ba7ce64d5903de6a9907caa787
http://berglandlab.uvadcos.io/dest_mapped/DESTv1/SE_Ska_Lun_1_2015-08-08/SE_Ska_Lun_1_2015-08-08.bed.gz,137c2d35242403de0e8f3be10a4d6ee7
http://berglandlab.uvadcos.io/dest_mapped/DESTv1/TR_Ank_Yes_1_2014-08-31/TR_Ank_Yes_1_2014-08-31.SNAPE.monomorphic.bed.gz,344c153e8c847c32b239f3cbc2972210
http://berglandlab.uvadcos.io/dest_mapped/DESTv1/TR_Ank_Yes_1_2014-08-31/TR_Ank_Yes_1_2014-08-31.bed.gz,e6bc3524e4df494939262f5dea77ecfa
http://berglandlab.uvadcos.io/dest_mapped/DESTv1/TR_Ank_Yes_1_2014-10-23/TR_Ank_Yes_1_2014-10-23.SNAPE.monomorphic.bed.gz,3c7fc33b312c6d9b6e59d0da8f64165f
http://berglandlab.uvadcos.io/dest_mapped/DESTv1/TR_Ank_Yes_1_2014-10-23/TR_Ank_Yes_1_2014-10-23.bed.gz,d09d50f95d23d1cfc38695b584655435
http://berglandlab.uvadcos.io/dest_mapped/DESTv1/TR_Ank_Yes_1_2015-05-01/TR_Ank_Yes_1_2015-05-01.SNAPE.monomorphic.bed.gz,a3ee5a569dc54e9590a9ddeb9a5f05f0
http://berglandlab.uvadcos.io/dest_mapped/DESTv1/TR_Ank_Yes_1_2015-05-01/TR_Ank_Yes_1_2015-05-01.bed.gz,1d0bceedfc86bbbbe867751a450c6e16
http://berglandlab.uvadcos.io/dest_mapped/DESTv1/TR_Ank_Yes_1_2015-06-01/TR_Ank_Yes_1_2015-06-01.SNAPE.monomorphic.bed.gz,fec29821ceaed49b39aa66e248e3e099
http://berglandlab.uvadcos.io/dest_mapped/DESTv1/TR_Ank_Yes_1_2015-06-01/TR_Ank_Yes_1_2015-06-01.bed.gz,b9f54c70020709e4b1ff07315f9cfc6c
http://berglandlab.uvadcos.io/dest_mapped/DESTv1/TR_Ank_Yes_1_2015-07-28/TR_Ank_Yes_1_2015-07-28.SNAPE.monomorphic.bed.gz,32bae38db34614b3adf4cc855a0d05d9
http://berglandlab.uvadcos.io/dest_mapped/DESTv1/TR_Ank_Yes_1_2015-07-28/TR_Ank_Yes_1_2015-07-28.bed.gz,32792dd77b781c312ededee9dfe99ccc
http://berglandlab.uvadcos.io/dest_mapped/DESTv1/TR_Ank_Yes_1_2015-08-27/TR_Ank_Yes_1_2015-08-27.SNAPE.monomorphic.bed.gz,2d4062a459fb2c8325a6c61bd3dde0a0
http://berglandlab.uvadcos.io/dest_mapped/DESTv1/TR_Ank_Yes_1_2015-08-27/TR_Ank_Yes_1_2015-08-27.bed.gz,3eb74606744bcf714a677e05ed5fc822
http://berglandlab.uvadcos.io/dest_mapped/DESTv1/TR_Ank_Yes_1_2015-09-17/TR_Ank_Yes_1_2015-09-17.SNAPE.monomorphic.bed.gz,60dfd4fca1ac8d0ddbe818452692d03d
http://berglandlab.uvadcos.io/dest_mapped/DESTv1/TR_Ank_Yes_1_2015-09-17/TR_Ank_Yes_1_2015-09-17.bed.gz,4effea487c3befad3401340f2fe91870
http://berglandlab.uvadcos.io/dest_mapped/DESTv1/TR_Ank_Yes_1_2015-10-15/TR_Ank_Yes_1_2015-10-15.SNAPE.monomorphic.bed.gz,ba7b5f58e551f3bc578765cd215d8826
http://berglandlab.uvadcos.io/dest_mapped/DESTv1/TR_Ank_Yes_1_2015-10-15/TR_Ank_Yes_1_2015-10-15.bed.gz,fb31d1c6570d7e98194818c6f5cd9c6f
http://berglandlab.uvadcos.io/dest_mapped/DESTv1/TR_Ank_Yes_1_2016-05-26/TR_Ank_Yes_1_2016-05-26.SNAPE.monomorphic.bed.gz,6149e5960c6e870cbf343aa2e1866262
http://berglandlab.uvadcos.io/dest_mapped/DESTv1/TR_Ank_Yes_1_2016-05-26/TR_Ank_Yes_1_2016-05-26.bed.gz,5dab82913787f66250afa141bf5663d5
http://berglandlab.uvadcos.io/dest_mapped/DESTv1/TR_Ank_Yes_1_2016-06-25/TR_Ank_Yes_1_2016-06-25.SNAPE.monomorphic.bed.gz,6ded4d87fc82d2504536c238b7fbd1f1
http://berglandlab.uvadcos.io/dest_mapped/DESTv1/TR_Ank_Yes_1_2016-06-25/TR_Ank_Yes_1_2016-06-25.bed.gz,d080e6ffe3e454cd4c95abb1d1fb6bb2
http://berglandlab.uvadcos.io/dest_mapped/DESTv1/TR_Ank_Yes_1_2016-07-27/TR_Ank_Yes_1_2016-07-27.SNAPE.monomorphic.bed.gz,617971167226484647704009302bd279
http://berglandlab.uvadcos.io/dest_mapped/DESTv1/TR_Ank_Yes_1_2016-07-27/TR_Ank_Yes_1_2016-07-27.bed.gz,e0dc78cfaa3553e98d83788a5cd8c993
http://berglandlab.uvadcos.io/dest_mapped/DESTv1/TR_Ank_Yes_1_2016-08-24/TR_Ank_Yes_1_2016-08-24.SNAPE.monomorphic.bed.gz,3351c8658b36ec89abfe581aa729f8bc
http://berglandlab.uvadcos.io/dest_mapped/DESTv1/TR_Ank_Yes_1_2016-08-24/TR_Ank_Yes_1_2016-08-24.bed.gz,dae4b2324b7f1c8d0c9dd81bb7def20f
http://berglandlab.uvadcos.io/dest_mapped/DESTv1/TR_Ank_Yes_1_2016-09-27/TR_Ank_Yes_1_2016-09-27.SNAPE.monomorphic.bed.gz,249b47e10a554c9587674fc97da21de0
http://berglandlab.uvadcos.io/dest_mapped/DESTv1/TR_Ank_Yes_1_2016-09-27/TR_Ank_Yes_1_2016-09-27.bed.gz,ca39c1ea33fad6cfd7081f0076f16724
http://berglandlab.uvadcos.io/dest_mapped/DESTv1/TR_Ank_Yes_1_2016-10-13/TR_Ank_Yes_1_2016-10-13.SNAPE.monomorphic.bed.gz,a4ac25268f2a325c6470851fd31534c8
http://berglandlab.uvadcos.io/dest_mapped/DESTv1/TR_Ank_Yes_1_2016-10-13/TR_Ank_Yes_1_2016-10-13.bed.gz,7fd48f5619cd5f7b7653670e91bb5e89
http://berglandlab.uvadcos.io/dest_mapped/DESTv1/UA_Kie_Cho_2_2014-09-13/UA_Kie_Cho_2_2014-09-13.SNAPE.monomorphic.bed.gz,cc8722af17a14daa5efd1a76842441a2
http://berglandlab.uvadcos.io/dest_mapped/DESTv1/UA_Kie_Cho_2_2014-09-13/UA_Kie_Cho_2_2014-09-13.bed.gz,7824d83125becd2a48cc8d4005e66c8a
http://berglandlab.uvadcos.io/dest_mapped/DESTv1/UA_Kie_Cho_4_2014-09-13/UA_Kie_Cho_4_2014-09-13.SNAPE.monomorphic.bed.gz,c9136f0deba4a359a6b5cbb2af7ae05e
http://berglandlab.uvadcos.io/dest_mapped/DESTv1/UA_Kie_Cho_4_2014-09-13/UA_Kie_Cho_4_2014-09-13.bed.gz,eb3e74066584bc1cb0813aef30e22e9a
http://berglandlab.uvadcos.io/dest_mapped/DESTv1/UA_Kie_Cho_1_2014-09-13/UA_Kie_Cho_1_2014-09-13.SNAPE.monomorphic.bed.gz,95ddc79860c9d6aae11c4f44d0daa22d
http://berglandlab.uvadcos.io/dest_mapped/DESTv1/UA_Kie_Cho_1_2014-09-13/UA_Kie_Cho_1_2014-09-13.bed.gz,42dad39e35a847579e8da949dfa909b6
http://berglandlab.uvadcos.io/dest_mapped/DESTv1/UA_Kie_Cho_3_2014-09-13/UA_Kie_Cho_3_2014-09-13.SNAPE.monomorphic.bed.gz,950ce07e14a6a17bc8d7e1ac2876e09d
http://berglandlab.uvadcos.io/dest_mapped/DESTv1/UA_Kie_Cho_3_2014-09-13/UA_Kie_Cho_3_2014-09-13.bed.gz,3942716f57ab8d060d1c415d8ad93e21
http://berglandlab.uvadcos.io/dest_mapped/DESTv1/UA_Kie_Cho_1_2015-08-20/UA_Kie_Cho_1_2015-08-20.SNAPE.monomorphic.bed.gz,2699fc0866f6ca165c999b30e1081dd1
http://berglandlab.uvadcos.io/dest_mapped/DESTv1/UA_Kie_Cho_1_2015-08-20/UA_Kie_Cho_1_2015-08-20.bed.gz,072f4b57084d9aa76d2b3ad9e920969d
http://berglandlab.uvadcos.io/dest_mapped/DESTv1/UA_Kie_Cho_1_2015-06-15/UA_Kie_Cho_1_2015-06-15.SNAPE.monomorphic.bed.gz,8ab92f7f0c903f2c72cecaf835b406fc
http://berglandlab.uvadcos.io/dest_mapped/DESTv1/UA_Kie_Cho_1_2015-06-15/UA_Kie_Cho_1_2015-06-15.bed.gz,8e853ade4540fc620443df60a00f5c1f
http://berglandlab.uvadcos.io/dest_mapped/DESTv1/UA_Kie_Cho_4_2015-08-26/UA_Kie_Cho_4_2015-08-26.SNAPE.monomorphic.bed.gz,e7230e1c76e3f44c6fd7bac00bc34e75
http://berglandlab.uvadcos.io/dest_mapped/DESTv1/UA_Kie_Cho_4_2015-08-26/UA_Kie_Cho_4_2015-08-26.bed.gz,4de1d1259e2d905944f6217b0af603c0
http://berglandlab.uvadcos.io/dest_mapped/DESTv1/UA_Kie_Cho_6_2015-08-26/UA_Kie_Cho_6_2015-08-26.SNAPE.monomorphic.bed.gz,88293b49e2a441d8659d477452e2aadc
http://berglandlab.uvadcos.io/dest_mapped/DESTv1/UA_Kie_Cho_6_2015-08-26/UA_Kie_Cho_6_2015-08-26.bed.gz,955677340d75ff7f4a51d9d4a5e96b2d
http://berglandlab.uvadcos.io/dest_mapped/DESTv1/UA_Kie_Cho_3_2015-08-26/UA_Kie_Cho_3_2015-08-26.SNAPE.monomorphic.bed.gz,c399c082d072069944f09545dfa7873d
http://berglandlab.uvadcos.io/dest_mapped/DESTv1/UA_Kie_Cho_3_2015-08-26/UA_Kie_Cho_3_2015-08-26.bed.gz,ec3d5f50551e5b7a1e7e722782bd421e
http://berglandlab.uvadcos.io/dest_mapped/DESTv1/UA_Kie_Cho_2_2015-08-26/UA_Kie_Cho_2_2015-08-26.SNAPE.monomorphic.bed.gz,da8803b7ba654eb816e7ac936562dbf4
http://berglandlab.uvadcos.io/dest_mapped/DESTv1/UA_Kie_Cho_2_2015-08-26/UA_Kie_Cho_2_2015-08-26.bed.gz,647f4d3d3b99c15f73bfc410b12031c9
http://berglandlab.uvadcos.io/dest_mapped/DESTv1/UA_Kie_Cho_5_2015-08-26/UA_Kie_Cho_5_2015-08-26.SNAPE.monomorphic.bed.gz,d11279da34bcf51d9c7633b742f4f008
http://berglandlab.uvadcos.io/dest_mapped/DESTv1/UA_Kie_Cho_5_2015-08-26/UA_Kie_Cho_5_2015-08-26.bed.gz,4a5243236161c37e131dd42592f2dede
http://berglandlab.uvadcos.io/dest_mapped/DESTv1/UA_Kie_Cho_1_2015-08-26/UA_Kie_Cho_1_2015-08-26.SNAPE.monomorphic.bed.gz,ec5c8e1d7d8359986b0628c459e3950f
http://berglandlab.uvadcos.io/dest_mapped/DESTv1/UA_Kie_Cho_1_2015-08-26/UA_Kie_Cho_1_2015-08-26.bed.gz,82af4053ef0525d32e36b5ad1e421d81
http://berglandlab.uvadcos.io/dest_mapped/DESTv1/UA_Kie_Cho_1_2015-07-07/UA_Kie_Cho_1_2015-07-07.SNAPE.monomorphic.bed.gz,ddcd5d61e2f378d79127796fcd59199c
http://berglandlab.uvadcos.io/dest_mapped/DESTv1/UA_Kie_Cho_1_2015-07-07/UA_Kie_Cho_1_2015-07-07.bed.gz,209e31bb638c22950b0735b234a30bdc
http://berglandlab.uvadcos.io/dest_mapped/DESTv1/UA_Kie_Cho_1_2016-09-04/UA_Kie_Cho_1_2016-09-04.SNAPE.monomorphic.bed.gz,c80583344ba3275b280420b6f67ee53e
http://berglandlab.uvadcos.io/dest_mapped/DESTv1/UA_Kie_Cho_1_2016-09-04/UA_Kie_Cho_1_2016-09-04.bed.gz,650270138c51259787d622932aa7b573
http://berglandlab.uvadcos.io/dest_mapped/DESTv1/UA_Kie_Cho_1_2016-09-05/UA_Kie_Cho_1_2016-09-05.SNAPE.monomorphic.bed.gz,85cde51e1bd9985fc663e5507d0ed93d
http://berglandlab.uvadcos.io/dest_mapped/DESTv1/UA_Kie_Cho_1_2016-09-05/UA_Kie_Cho_1_2016-09-05.bed.gz,cad6996acd1044dc5d94ca163c2209f1
http://berglandlab.uvadcos.io/dest_mapped/DESTv1/UA_Kie_Cho_2_2016-09-04/UA_Kie_Cho_2_2016-09-04.SNAPE.monomorphic.bed.gz,42f93cd740ba621cd40c786a1d38b771
http://berglandlab.uvadcos.io/dest_mapped/DESTv1/UA_Kie_Cho_2_2016-09-04/UA_Kie_Cho_2_2016-09-04.bed.gz,f35fe4e3b48aa9b5c14e76a8f62c4ce8
http://berglandlab.uvadcos.io/dest_mapped/DESTv1/UA_Lvi_Dro_1_2014-08-24/UA_Lvi_Dro_1_2014-08-24.SNAPE.monomorphic.bed.gz,8bd95306dfc2bed2bc0649122631e9d4
http://berglandlab.uvadcos.io/dest_mapped/DESTv1/UA_Lvi_Dro_1_2014-08-24/UA_Lvi_Dro_1_2014-08-24.bed.gz,63c178644245255f19ecf8b7cc85dfa3
http://berglandlab.uvadcos.io/dest_mapped/DESTv1/UA_Lvi_Dro_1_2015-09-18/UA_Lvi_Dro_1_2015-09-18.SNAPE.monomorphic.bed.gz,10eefddf3caf093dfe2346179b1b9b1a
http://berglandlab.uvadcos.io/dest_mapped/DESTv1/UA_Lvi_Dro_1_2015-09-18/UA_Lvi_Dro_1_2015-09-18.bed.gz,e14b94f0f95bf65acdc084e78f36e362
http://berglandlab.uvadcos.io/dest_mapped/DESTv1/UA_Lvi_Dro_1_2016-09-12/UA_Lvi_Dro_1_2016-09-12.SNAPE.monomorphic.bed.gz,c63aa497c1ae329fb8f51072147f053b
http://berglandlab.uvadcos.io/dest_mapped/DESTv1/UA_Lvi_Dro_1_2016-09-12/UA_Lvi_Dro_1_2016-09-12.bed.gz,e933d35ea8a8c99a293b333eaf61dcf5
http://berglandlab.uvadcos.io/dest_mapped/DESTv1/UA_Che_Kan_1_2016-07-08/UA_Che_Kan_1_2016-07-08.SNAPE.monomorphic.bed.gz,e5b5db277c7a7d3862923b1da94e4e53
http://berglandlab.uvadcos.io/dest_mapped/DESTv1/UA_Che_Kan_1_2016-07-08/UA_Che_Kan_1_2016-07-08.bed.gz,e66df672fd1f6aabde450f24c2691645
http://berglandlab.uvadcos.io/dest_mapped/DESTv1/UA_Kha_Kha_1_2014-07-26/UA_Kha_Kha_1_2014-07-26.SNAPE.monomorphic.bed.gz,c8fbe85f8c41162671258c7f83be8b85
http://berglandlab.uvadcos.io/dest_mapped/DESTv1/UA_Kha_Kha_1_2014-07-26/UA_Kha_Kha_1_2014-07-26.bed.gz,e2202efbf0251accc94b684f7e3ecc1e
http://berglandlab.uvadcos.io/dest_mapped/DESTv1/UA_Kha_Kha_1_2014-09-14/UA_Kha_Kha_1_2014-09-14.SNAPE.monomorphic.bed.gz,e075f46570f33b0389282ebd5bfca180
http://berglandlab.uvadcos.io/dest_mapped/DESTv1/UA_Kha_Kha_1_2014-09-14/UA_Kha_Kha_1_2014-09-14.bed.gz,ac9d49c8086cf43e6d2f72013619e6ac
http://berglandlab.uvadcos.io/dest_mapped/DESTv1/UA_Kha_Kha_1_2015-08-20/UA_Kha_Kha_1_2015-08-20.SNAPE.monomorphic.bed.gz,147d1c66cf5850fdddfe193eef62e01e
http://berglandlab.uvadcos.io/dest_mapped/DESTv1/UA_Kha_Kha_1_2015-08-20/UA_Kha_Kha_1_2015-08-20.bed.gz,cd4ed823e3a6c6f6a81f73006b874ca8
http://berglandlab.uvadcos.io/dest_mapped/DESTv1/UA_Kha_Kha_1_2016-08-18/UA_Kha_Kha_1_2016-08-18.SNAPE.monomorphic.bed.gz,c23f4c0dc0fa9eb1918ccb17679f4b46
http://berglandlab.uvadcos.io/dest_mapped/DESTv1/UA_Kha_Kha_1_2016-08-18/UA_Kha_Kha_1_2016-08-18.bed.gz,40fc447bebb7bd9d0e18eee7154962eb
http://berglandlab.uvadcos.io/dest_mapped/DESTv1/UA_Kie_Kyi_1_2014-08-09/UA_Kie_Kyi_1_2014-08-09.SNAPE.monomorphic.bed.gz,95993fefc87aa77e0b94d1f2ad1a5b39
http://berglandlab.uvadcos.io/dest_mapped/DESTv1/UA_Kie_Kyi_1_2014-08-09/UA_Kie_Kyi_1_2014-08-09.bed.gz,c6e078fc9c5963e4bc1f599a0d67b6fe
http://berglandlab.uvadcos.io/dest_mapped/DESTv1/UA_Kie_Kyi_1_2014-09-08/UA_Kie_Kyi_1_2014-09-08.SNAPE.monomorphic.bed.gz,fde692e94c039a7129594f49f07fa795
http://berglandlab.uvadcos.io/dest_mapped/DESTv1/UA_Kie_Kyi_1_2014-09-08/UA_Kie_Kyi_1_2014-09-08.bed.gz,7e01ae01ee2077d37d1883536f0616e4
http://berglandlab.uvadcos.io/dest_mapped/DESTv1/UA_Kie_Kyi_1_2014-10-11/UA_Kie_Kyi_1_2014-10-11.SNAPE.monomorphic.bed.gz,7cd9164cc1aec8762cbc8f2b3d8d7d52
http://berglandlab.uvadcos.io/dest_mapped/DESTv1/UA_Kie_Kyi_1_2014-10-11/UA_Kie_Kyi_1_2014-10-11.bed.gz,2ae3b6258fcfe7dff0e821a7e0a8bb17
http://berglandlab.uvadcos.io/dest_mapped/DESTv1/UA_Kie_Kyi_1_2015-08-10/UA_Kie_Kyi_1_2015-08-10.SNAPE.monomorphic.bed.gz,b7db9971c2fd63be4fe420cd4ec49dd1
http://berglandlab.uvadcos.io/dest_mapped/DESTv1/UA_Kie_Kyi_1_2015-08-10/UA_Kie_Kyi_1_2015-08-10.bed.gz,4d6f41b6b498c32886586a4fd180139e
http://berglandlab.uvadcos.io/dest_mapped/DESTv1/UA_Kie_Kyi_1_2016-09-04/UA_Kie_Kyi_1_2016-09-04.SNAPE.monomorphic.bed.gz,434e144e30812be6a4dddbe78310f414
http://berglandlab.uvadcos.io/dest_mapped/DESTv1/UA_Kie_Kyi_1_2016-09-04/UA_Kie_Kyi_1_2016-09-04.bed.gz,f65a411945e33ba4150f00f92480776a
http://berglandlab.uvadcos.io/dest_mapped/DESTv1/UA_Kie_Kyi_1_2016-10-03/UA_Kie_Kyi_1_2016-10-03.SNAPE.monomorphic.bed.gz,87bad0ad6b0706cdc7d06c3718680b88
http://berglandlab.uvadcos.io/dest_mapped/DESTv1/UA_Kie_Kyi_1_2016-10-03/UA_Kie_Kyi_1_2016-10-03.bed.gz,16041c6bf4ff29ba4af3b0ddc6b13891
http://berglandlab.uvadcos.io/dest_mapped/DESTv1/UA_Kie_Kyi_1_2016-08-06/UA_Kie_Kyi_1_2016-08-06.SNAPE.monomorphic.bed.gz,7c525abba926e77ada701fc41e60b004
http://berglandlab.uvadcos.io/dest_mapped/DESTv1/UA_Kie_Kyi_1_2016-08-06/UA_Kie_Kyi_1_2016-08-06.bed.gz,c149e1aff953b70ee38ca4bc2e630182
http://berglandlab.uvadcos.io/dest_mapped/DESTv1/UA_Ode_Ode_1_2014-07-03/UA_Ode_Ode_1_2014-07-03.SNAPE.monomorphic.bed.gz,0fdcfb8c8433c98dfe52c31fa71a2a5f
http://berglandlab.uvadcos.io/dest_mapped/DESTv1/UA_Ode_Ode_1_2014-07-03/UA_Ode_Ode_1_2014-07-03.bed.gz,4d42912f3c88467597ded2a153a44c78
http://berglandlab.uvadcos.io/dest_mapped/DESTv1/UA_Ode_Ode_1_2014-07-22/UA_Ode_Ode_1_2014-07-22.SNAPE.monomorphic.bed.gz,1322248cdb4aea33e297168e8583e695
http://berglandlab.uvadcos.io/dest_mapped/DESTv1/UA_Ode_Ode_1_2014-07-22/UA_Ode_Ode_1_2014-07-22.bed.gz,ccfd39f80f132e9c878b7817e6d2dedb
http://berglandlab.uvadcos.io/dest_mapped/DESTv1/UA_Ode_Ode_1_2014-08-29/UA_Ode_Ode_1_2014-08-29.SNAPE.monomorphic.bed.gz,fc20a931ebaeae534bb0bd3851fea101
http://berglandlab.uvadcos.io/dest_mapped/DESTv1/UA_Ode_Ode_1_2014-08-29/UA_Ode_Ode_1_2014-08-29.bed.gz,1076b9494ac1f061f52fafa893305033
http://berglandlab.uvadcos.io/dest_mapped/DESTv1/UA_Ode_Ode_1_2014-10-10/UA_Ode_Ode_1_2014-10-10.SNAPE.monomorphic.bed.gz,1b5c3ccf23779f356d8f76dbc934c816
http://berglandlab.uvadcos.io/dest_mapped/DESTv1/UA_Ode_Ode_1_2014-10-10/UA_Ode_Ode_1_2014-10-10.bed.gz,7cf7112b84f89964ed8dd9140efd0706
http://berglandlab.uvadcos.io/dest_mapped/DESTv1/UA_Ode_Ode_1_2015-09-26/UA_Ode_Ode_1_2015-09-26.SNAPE.monomorphic.bed.gz,bfb7c6ed60d4d7a9c9c8368c6e76c615
http://berglandlab.uvadcos.io/dest_mapped/DESTv1/UA_Ode_Ode_1_2015-09-26/UA_Ode_Ode_1_2015-09-26.bed.gz,bdb3523cf1fa5c40b5bebd0b1de7b2d7
http://berglandlab.uvadcos.io/dest_mapped/DESTv1/UA_Ode_Ode_1_2015-06-30/UA_Ode_Ode_1_2015-06-30.SNAPE.monomorphic.bed.gz,13b69d51e734a49d3a09fc520b61d5bb
http://berglandlab.uvadcos.io/dest_mapped/DESTv1/UA_Ode_Ode_1_2015-06-30/UA_Ode_Ode_1_2015-06-30.bed.gz,08b40fc7d25ad254ba7e138f41fceae6
http://berglandlab.uvadcos.io/dest_mapped/DESTv1/UA_Ode_Ode_1_2015-08-27/UA_Ode_Ode_1_2015-08-27.SNAPE.monomorphic.bed.gz,6500eeafc4937299575bab04cb1a36fe
http://berglandlab.uvadcos.io/dest_mapped/DESTv1/UA_Ode_Ode_1_2015-08-27/UA_Ode_Ode_1_2015-08-27.bed.gz,40730afd66db9ae408c6be41c5f76930
http://berglandlab.uvadcos.io/dest_mapped/DESTv1/UA_Ode_Ode_1_2015-07-26/UA_Ode_Ode_1_2015-07-26.SNAPE.monomorphic.bed.gz,42ae59a2e483aeea355ffeb102183812
http://berglandlab.uvadcos.io/dest_mapped/DESTv1/UA_Ode_Ode_1_2015-07-26/UA_Ode_Ode_1_2015-07-26.bed.gz,aefdc4c2773e3c6d560e847d7889efdc
http://berglandlab.uvadcos.io/dest_mapped/DESTv1/UA_Ode_Ode_1_2016-08-20/UA_Ode_Ode_1_2016-08-20.SNAPE.monomorphic.bed.gz,74137b7eefae842eea14e439acd2333b
http://berglandlab.uvadcos.io/dest_mapped/DESTv1/UA_Ode_Ode_1_2016-08-20/UA_Ode_Ode_1_2016-08-20.bed.gz,cac7523c452cacddc6b70944ffa489d0
http://berglandlab.uvadcos.io/dest_mapped/DESTv1/UA_Ode_Ode_1_2016-09-15/UA_Ode_Ode_1_2016-09-15.SNAPE.monomorphic.bed.gz,79ab7b51409791e271a3b0d8e5c1b5ea
http://berglandlab.uvadcos.io/dest_mapped/DESTv1/UA_Ode_Ode_1_2016-09-15/UA_Ode_Ode_1_2016-09-15.bed.gz,2a4f1b5a1c4f20e25005d56fb2cbbbb6
http://berglandlab.uvadcos.io/dest_mapped/DESTv1/UA_Pol_Pyr_1_2014-08-20/UA_Pol_Pyr_1_2014-08-20.SNAPE.monomorphic.bed.gz,35adc4988f28debcf37bca27da7476bd
http://berglandlab.uvadcos.io/dest_mapped/DESTv1/UA_Pol_Pyr_1_2014-08-20/UA_Pol_Pyr_1_2014-08-20.bed.gz,dd9fa54dd87f3a3fd803b9a21276928a
http://berglandlab.uvadcos.io/dest_mapped/DESTv1/UA_Pol_Pyr_1_2015-08-26/UA_Pol_Pyr_1_2015-08-26.SNAPE.monomorphic.bed.gz,ba1763452a726d45500e8663607f74e2
http://berglandlab.uvadcos.io/dest_mapped/DESTv1/UA_Pol_Pyr_1_2015-08-26/UA_Pol_Pyr_1_2015-08-26.bed.gz,5995574eb99abc5db2a227adba68c5a3
http://berglandlab.uvadcos.io/dest_mapped/DESTv1/UA_Kie_Pri_1_2016-09-03/UA_Kie_Pri_1_2016-09-03.SNAPE.monomorphic.bed.gz,ea9be905db60f54ea840a722754bfc4d
http://berglandlab.uvadcos.io/dest_mapped/DESTv1/UA_Kie_Pri_1_2016-09-03/UA_Kie_Pri_1_2016-09-03.bed.gz,361d560943f431f9503d86f1932dbcbb
http://berglandlab.uvadcos.io/dest_mapped/DESTv1/UA_Che_Pyr_1_2016-08-23/UA_Che_Pyr_1_2016-08-23.SNAPE.monomorphic.bed.gz,9d6a01fcef4d35ef94cade1f1f09d379
http://berglandlab.uvadcos.io/dest_mapped/DESTv1/UA_Che_Pyr_1_2016-08-23/UA_Che_Pyr_1_2016-08-23.bed.gz,1ae105edf8be3ac571cbb857d6a2447f
http://berglandlab.uvadcos.io/dest_mapped/DESTv1/UA_Che_Uma_1_2014-10-01/UA_Che_Uma_1_2014-10-01.SNAPE.monomorphic.bed.gz,57d250cd69a1f8d232776020fff8a32e
http://berglandlab.uvadcos.io/dest_mapped/DESTv1/UA_Che_Uma_1_2014-10-01/UA_Che_Uma_1_2014-10-01.bed.gz,117465c9713f387272eff8020e18131a
http://berglandlab.uvadcos.io/dest_mapped/DESTv1/UA_Che_Uma_1_2015-09-26/UA_Che_Uma_1_2015-09-26.SNAPE.monomorphic.bed.gz,ab615c51bc787630367106b99bb7682a
http://berglandlab.uvadcos.io/dest_mapped/DESTv1/UA_Che_Uma_1_2015-09-26/UA_Che_Uma_1_2015-09-26.bed.gz,7ad275dd6268a3521e45e94c0985f3e4
http://berglandlab.uvadcos.io/dest_mapped/DESTv1/UA_Che_Uma_1_2016-09-17/UA_Che_Uma_1_2016-09-17.SNAPE.monomorphic.bed.gz,cc6a2e2c1cea0436cbc3a2cafaa351f4
http://berglandlab.uvadcos.io/dest_mapped/DESTv1/UA_Che_Uma_1_2016-09-17/UA_Che_Uma_1_2016-09-17.bed.gz,6223bcec0ecd2447bb11f520d3210dda
http://berglandlab.uvadcos.io/dest_mapped/DESTv1/UA_Che_Uma_1_2016-09-11/UA_Che_Uma_1_2016-09-11.SNAPE.monomorphic.bed.gz,4a20b3cddee1f9554fe5af2e93302eb1
http://berglandlab.uvadcos.io/dest_mapped/DESTv1/UA_Che_Uma_1_2016-09-11/UA_Che_Uma_1_2016-09-11.bed.gz,811470cc01a18f24e1bc1cd80adc9a5d
http://berglandlab.uvadcos.io/dest_mapped/DESTv1/UA_Che_Var_1_2014-08-18/UA_Che_Var_1_2014-08-18.SNAPE.monomorphic.bed.gz,c71caa15ba1f9d36e856c613e6571f69
http://berglandlab.uvadcos.io/dest_mapped/DESTv1/UA_Che_Var_1_2014-08-18/UA_Che_Var_1_2014-08-18.bed.gz,a447c217fc57373a05a1086c0fa78ac9
http://berglandlab.uvadcos.io/dest_mapped/DESTv1/UA_Che_Var_1_2015-08-25/UA_Che_Var_1_2015-08-25.SNAPE.monomorphic.bed.gz,71c40d21612d5e4cce06a2e5e656fe79
http://berglandlab.uvadcos.io/dest_mapped/DESTv1/UA_Che_Var_1_2015-08-25/UA_Che_Var_1_2015-08-25.bed.gz,9ecbd7a73f1ffbc45360626780b398ac
http://berglandlab.uvadcos.io/dest_mapped/DESTv1/UA_Che_Var_1_2016-08-26/UA_Che_Var_1_2016-08-26.SNAPE.monomorphic.bed.gz,bd27c0eb2531ca3743a989d47abafa32
http://berglandlab.uvadcos.io/dest_mapped/DESTv1/UA_Che_Var_1_2016-08-26/UA_Che_Var_1_2016-08-26.bed.gz,0b2d5fac816d50678795c5a2bdf89423
http://berglandlab.uvadcos.io/dest_mapped/DESTv1/RU_Cri_Yal_1_2014-06-20/RU_Cri_Yal_1_2014-06-20.SNAPE.monomorphic.bed.gz,41f4d1c092b98a801ef63b0ccad48d27
http://berglandlab.uvadcos.io/dest_mapped/DESTv1/RU_Cri_Yal_1_2014-06-20/RU_Cri_Yal_1_2014-06-20.bed.gz,a1648988b8010ae5ba0d46e6b406da19
http://berglandlab.uvadcos.io/dest_mapped/DESTv1/RU_Cri_Yal_1_2014-08-27/RU_Cri_Yal_1_2014-08-27.SNAPE.monomorphic.bed.gz,f4ae46d55bebe765445563e989bc80a8
http://berglandlab.uvadcos.io/dest_mapped/DESTv1/RU_Cri_Yal_1_2014-08-27/RU_Cri_Yal_1_2014-08-27.bed.gz,03872b68afe229bb9ea60d9d86c8e9d3
http://berglandlab.uvadcos.io/dest_mapped/DESTv1/RU_Cri_Yal_1_2015-06-24/RU_Cri_Yal_1_2015-06-24.SNAPE.monomorphic.bed.gz,bbbadea97a39e46397e27c8031fe09a9
http://berglandlab.uvadcos.io/dest_mapped/DESTv1/RU_Cri_Yal_1_2015-06-24/RU_Cri_Yal_1_2015-06-24.bed.gz,eb2b25f5a35d4150378377b11a4442fd
http://berglandlab.uvadcos.io/dest_mapped/DESTv1/RU_Cri_Yal_1_2015-08-24/RU_Cri_Yal_1_2015-08-24.SNAPE.monomorphic.bed.gz,4438ca71b211e8bb4504487f4de66347
http://berglandlab.uvadcos.io/dest_mapped/DESTv1/RU_Cri_Yal_1_2015-08-24/RU_Cri_Yal_1_2015-08-24.bed.gz,5b23edd5ca75c62308e19920511d4572
http://berglandlab.uvadcos.io/dest_mapped/DESTv1/RU_Cri_Yal_1_2016-08-20/RU_Cri_Yal_1_2016-08-20.SNAPE.monomorphic.bed.gz,83f82e75aa23f2a83d4622452874b854
http://berglandlab.uvadcos.io/dest_mapped/DESTv1/RU_Cri_Yal_1_2016-08-20/RU_Cri_Yal_1_2016-08-20.bed.gz,555abfd07843ad0d0a8fcf0f47b99d88
http://berglandlab.uvadcos.io/dest_mapped/DESTv1/UA_Ode_Ode_1_2013-10-15/UA_Ode_Ode_1_2013-10-15.SNAPE.monomorphic.bed.gz,a7eb7c3b3516825bbf51ebef3e98d1f2
http://berglandlab.uvadcos.io/dest_mapped/DESTv1/UA_Ode_Ode_1_2013-10-15/UA_Ode_Ode_1_2013-10-15.bed.gz,bc3f71dfb451def031b537c69ae0710e
http://berglandlab.uvadcos.io/dest_mapped/DESTv1/UA_Ode_Ode_1_2013-05-16/UA_Ode_Ode_1_2013-05-16.SNAPE.monomorphic.bed.gz,d1c8ad2b04e2298b47c96748c756a401
http://berglandlab.uvadcos.io/dest_mapped/DESTv1/UA_Ode_Ode_1_2013-05-16/UA_Ode_Ode_1_2013-05-16.bed.gz,d493a7e8b948091eae3aa0e72be0ef32
http://berglandlab.uvadcos.io/dest_mapped/DESTv1/GB_Fif_Dai_1_2015-08-19/GB_Fif_Dai_1_2015-08-19.SNAPE.monomorphic.bed.gz,d7c90a86376d129562d13d64cc17901a
http://berglandlab.uvadcos.io/dest_mapped/DESTv1/GB_Fif_Dai_1_2015-08-19/GB_Fif_Dai_1_2015-08-19.bed.gz,f8d77703e29ba419f9152c8b2869ee03
http://berglandlab.uvadcos.io/dest_mapped/DESTv1/GB_Fif_Dai_1_2016-08-06/GB_Fif_Dai_1_2016-08-06.SNAPE.monomorphic.bed.gz,f59b770859531a4e28eb32d32a6bd271
http://berglandlab.uvadcos.io/dest_mapped/DESTv1/GB_Fif_Dai_1_2016-08-06/GB_Fif_Dai_1_2016-08-06.bed.gz,268148aa8645055a8d55d76d3dd4874e
http://berglandlab.uvadcos.io/dest_mapped/DESTv1/GB_Lei_Lut_1_2014-10-20/GB_Lei_Lut_1_2014-10-20.SNAPE.monomorphic.bed.gz,4cd3191fd90d893d510c460f54679877
http://berglandlab.uvadcos.io/dest_mapped/DESTv1/GB_Lei_Lut_1_2014-10-20/GB_Lei_Lut_1_2014-10-20.bed.gz,fb2a226312d5d8245b9a93a386b3a73f
http://berglandlab.uvadcos.io/dest_mapped/DESTv1/GB_Lei_Mar_1_2014-10-20/GB_Lei_Mar_1_2014-10-20.SNAPE.monomorphic.bed.gz,7431c5c63933f9a623db7309658c5f92
http://berglandlab.uvadcos.io/dest_mapped/DESTv1/GB_Lei_Mar_1_2014-10-20/GB_Lei_Mar_1_2014-10-20.bed.gz,ee6de950e54d4d9f0054dbadfba73a22
http://berglandlab.uvadcos.io/dest_mapped/DESTv1/GB_Nor_Mar_1_2015-07-07/GB_Nor_Mar_1_2015-07-07.SNAPE.monomorphic.bed.gz,ca173e3f9e39213897d054ebef1ef4f6
http://berglandlab.uvadcos.io/dest_mapped/DESTv1/GB_Nor_Mar_1_2015-07-07/GB_Nor_Mar_1_2015-07-07.bed.gz,2555b6d4581bb6376ff10556040458dd
http://berglandlab.uvadcos.io/dest_mapped/DESTv1/GB_Nor_Mar_1_2016-10-23/GB_Nor_Mar_1_2016-10-23.SNAPE.monomorphic.bed.gz,ba976eb7cb422dbf80d53a041011b749
http://berglandlab.uvadcos.io/dest_mapped/DESTv1/GB_Nor_Mar_1_2016-10-23/GB_Nor_Mar_1_2016-10-23.bed.gz,966e392795fa3640a4e6c3af5c337691
http://berglandlab.uvadcos.io/dest_mapped/DESTv1/GB_She_She_1_2014-08-25/GB_She_She_1_2014-08-25.SNAPE.monomorphic.bed.gz,65032465616f06dcf30a6da8769ab89b
http://berglandlab.uvadcos.io/dest_mapped/DESTv1/GB_She_She_1_2014-08-25/GB_She_She_1_2014-08-25.bed.gz,0135191b23226008ea5248633b3e8af6
http://berglandlab.uvadcos.io/dest_mapped/DESTv1/GB_She_She_1_2015-10-04/GB_She_She_1_2015-10-04.SNAPE.monomorphic.bed.gz,4e87e224f1f375ef9c9d398ac40a849b
http://berglandlab.uvadcos.io/dest_mapped/DESTv1/GB_She_She_1_2015-10-04/GB_She_She_1_2015-10-04.bed.gz,71e7a4237e50364f52063ada3b830446
http://berglandlab.uvadcos.io/dest_mapped/DESTv1/GB_Edi_Sou_1_2014-07-14/GB_Edi_Sou_1_2014-07-14.SNAPE.monomorphic.bed.gz,ebdefdaaebf6c1c7da4dc0e7cc57f4dc
http://berglandlab.uvadcos.io/dest_mapped/DESTv1/GB_Edi_Sou_1_2014-07-14/GB_Edi_Sou_1_2014-07-14.bed.gz,5f44e54a6f9f6a4ad332df96bc982fcb
http://berglandlab.uvadcos.io/dest_mapped/DESTv1/US_Vir_Cha_1_2012-11-05/US_Vir_Cha_1_2012-11-05.SNAPE.monomorphic.bed.gz,78b34b66783e35fa40538cc2e148a53e
http://berglandlab.uvadcos.io/dest_mapped/DESTv1/US_Vir_Cha_1_2012-11-05/US_Vir_Cha_1_2012-11-05.bed.gz,abeddc3fa538eb4a8f93de583eae5a34
http://berglandlab.uvadcos.io/dest_mapped/DESTv1/US_Vir_Cha_1_2012-07-18/US_Vir_Cha_1_2012-07-18.SNAPE.monomorphic.bed.gz,00b76800ca32b254347493884e41331f
http://berglandlab.uvadcos.io/dest_mapped/DESTv1/US_Vir_Cha_1_2012-07-18/US_Vir_Cha_1_2012-07-18.bed.gz,6e96f8787a4a20490dbbd9a6f9a94ec6
http://berglandlab.uvadcos.io/dest_mapped/DESTv1/US_Vir_Cha_1_2014-10-14/US_Vir_Cha_1_2014-10-14.SNAPE.monomorphic.bed.gz,194d0313e59cbce5a8ce6aa60c8714a4
http://berglandlab.uvadcos.io/dest_mapped/DESTv1/US_Vir_Cha_1_2014-10-14/US_Vir_Cha_1_2014-10-14.bed.gz,90b2cb1eb3a86bb0c73a6d657925490e
http://berglandlab.uvadcos.io/dest_mapped/DESTv1/US_Vir_Cha_1_2014-06-25/US_Vir_Cha_1_2014-06-25.SNAPE.monomorphic.bed.gz,22062c40186ae11befac6b364d94dc8b
http://berglandlab.uvadcos.io/dest_mapped/DESTv1/US_Vir_Cha_1_2014-06-25/US_Vir_Cha_1_2014-06-25.bed.gz,23d959c11ea36a5c8eabf9086eb8a418
http://berglandlab.uvadcos.io/dest_mapped/DESTv1/US_Vir_Cha_1_2015-10-19/US_Vir_Cha_1_2015-10-19.SNAPE.monomorphic.bed.gz,3b6dc1bb8d53a355ecd4306f7a1f72fb
http://berglandlab.uvadcos.io/dest_mapped/DESTv1/US_Vir_Cha_1_2015-10-19/US_Vir_Cha_1_2015-10-19.bed.gz,b4f384bac7035845df90fadcf2d30c05
http://berglandlab.uvadcos.io/dest_mapped/DESTv1/US_Vir_Cha_1_2015-07-01/US_Vir_Cha_1_2015-07-01.SNAPE.monomorphic.bed.gz,6f1f1cbf86af142ba036aaabbcec8536
http://berglandlab.uvadcos.io/dest_mapped/DESTv1/US_Vir_Cha_1_2015-07-01/US_Vir_Cha_1_2015-07-01.bed.gz,2729382750ed6a4481061e013d213279
http://berglandlab.uvadcos.io/dest_mapped/DESTv1/US_Was_Tac_1_2014-07-15/US_Was_Tac_1_2014-07-15.SNAPE.monomorphic.bed.gz,52f590b526e9b4422aad8be5cda10b61
http://berglandlab.uvadcos.io/dest_mapped/DESTv1/US_Was_Tac_1_2014-07-15/US_Was_Tac_1_2014-07-15.bed.gz,9cb7a61d118c646f282fca53f11f3749
http://berglandlab.uvadcos.io/dest_mapped/DESTv1/US_Wis_Cro_1_2012-09-11/US_Wis_Cro_1_2012-09-11.SNAPE.monomorphic.bed.gz,a826b218b31a4f4365da281ab7294b70
http://berglandlab.uvadcos.io/dest_mapped/DESTv1/US_Wis_Cro_1_2012-09-11/US_Wis_Cro_1_2012-09-11.bed.gz,0143f38d5a09ffdb107eea017dbb5786
http://berglandlab.uvadcos.io/dest_mapped/DESTv1/US_Wis_Cro_1_2012-10-20/US_Wis_Cro_1_2012-10-20.SNAPE.monomorphic.bed.gz,40f944ed62dcbc0a40a845b24b2d4f3b
http://berglandlab.uvadcos.io/dest_mapped/DESTv1/US_Wis_Cro_1_2012-10-20/US_Wis_Cro_1_2012-10-20.bed.gz,d4fc642088f192bc1e09f75f56897d3e
http://berglandlab.uvadcos.io/dest_mapped/DESTv1/US_Wis_Cro_1_2012-06-10/US_Wis_Cro_1_2012-06-10.SNAPE.monomorphic.bed.gz,001b2e9bcea7f0b866c446f82f4facd0
http://berglandlab.uvadcos.io/dest_mapped/DESTv1/US_Wis_Cro_1_2012-06-10/US_Wis_Cro_1_2012-06-10.bed.gz,9b5bd136e681907ab37e46855d010407
http://berglandlab.uvadcos.io/dest_mapped/DESTv1/US_Wis_Cro_1_2013-09-22/US_Wis_Cro_1_2013-09-22.SNAPE.monomorphic.bed.gz,93c880a7cab5723d56f809b62317a764
http://berglandlab.uvadcos.io/dest_mapped/DESTv1/US_Wis_Cro_1_2013-09-22/US_Wis_Cro_1_2013-09-22.bed.gz,eb6b5ec68a391db3e4a06cddbaebbadc
http://berglandlab.uvadcos.io/dest_mapped/DESTv1/US_Wis_Cro_1_2013-07-02/US_Wis_Cro_1_2013-07-02.SNAPE.monomorphic.bed.gz,6f736e69646dabb198404649fd791dfc
http://berglandlab.uvadcos.io/dest_mapped/DESTv1/US_Wis_Cro_1_2013-07-02/US_Wis_Cro_1_2013-07-02.bed.gz,ed20f6bed118d92b13f50ac066e6de1d
http://berglandlab.uvadcos.io/dest_mapped/DESTv1/US_Wis_Cro_1_2014-09-18/US_Wis_Cro_1_2014-09-18.SNAPE.monomorphic.bed.gz,d93c66cf25bc903e381f9ea73e956853
http://berglandlab.uvadcos.io/dest_mapped/DESTv1/US_Wis_Cro_1_2014-09-18/US_Wis_Cro_1_2014-09-18.bed.gz,b0705fdf207a247a2d6ee52ac01a1448
http://berglandlab.uvadcos.io/dest_mapped/DESTv1/US_Wis_Cro_1_2014-06-25/US_Wis_Cro_1_2014-06-25.SNAPE.monomorphic.bed.gz,32ab14b49a32bda963e132e0b03b9f10
http://berglandlab.uvadcos.io/dest_mapped/DESTv1/US_Wis_Cro_1_2014-06-25/US_Wis_Cro_1_2014-06-25.bed.gz,6c5bc09a8f1e5276a62ed517483f2520
