http://berglandlab.uvadcos.io/dest_mapped/DGN/CN_Bei_Bei_1_1992-09-16/CN_Bei_Bei_1_1992-09-16.masked.sync.gz,09de674b8eb8ae65097b393badb5ea94
http://berglandlab.uvadcos.io/dest_mapped/DGN/CN_Bei_Bei_1_1992-09-16/CN_Bei_Bei_1_1992-09-16.masked.sync.gz.tbi,b9730e99f258f0d1017d1528dd7096d1
http://berglandlab.uvadcos.io/dest_mapped/DGN/CM_Nor_Oku_1_2004-04-15/CM_Nor_Oku_1_2004-04-15.masked.sync.gz,25509802f0cf0b9ed5dfa53b3b9c09e8
http://berglandlab.uvadcos.io/dest_mapped/DGN/CM_Nor_Oku_1_2004-04-15/CM_Nor_Oku_1_2004-04-15.masked.sync.gz.tbi,8fc6471de8a2455b21b049bc03e43319
http://berglandlab.uvadcos.io/dest_mapped/DGN/ET_Gam_Gam_1_2011-12-16/ET_Gam_Gam_1_2011-12-16.masked.sync.gz,e5bcdc7ec98541aedbebfd1309e2c0dc
http://berglandlab.uvadcos.io/dest_mapped/DGN/ET_Gam_Gam_1_2011-12-16/ET_Gam_Gam_1_2011-12-16.masked.sync.gz.tbi,b31250c3277673ccb2abdb80f56fae2c
http://berglandlab.uvadcos.io/dest_mapped/DGN/ET_Sou_Bon_1_2011-12-16/ET_Sou_Bon_1_2011-12-16.masked.sync.gz,19af487755b24044323cbceda9fff19a
http://berglandlab.uvadcos.io/dest_mapped/DGN/ET_Sou_Bon_1_2011-12-16/ET_Sou_Bon_1_2011-12-16.masked.sync.gz.tbi,8feb5294f7e87875e9609f6c82200370
http://berglandlab.uvadcos.io/dest_mapped/DGN/ET_Oro_Dod_1_2008-12-16/ET_Oro_Dod_1_2008-12-16.masked.sync.gz,b4f4c5dd790d050c041cdc57e89cdc61
http://berglandlab.uvadcos.io/dest_mapped/DGN/ET_Oro_Dod_1_2008-12-16/ET_Oro_Dod_1_2008-12-16.masked.sync.gz.tbi,d9c7fa4e3594407e26982a2dba536e38
http://berglandlab.uvadcos.io/dest_mapped/DGN/ET_Oro_Fic_1_2011-12-16/ET_Oro_Fic_1_2011-12-16.masked.sync.gz,e5aad572d378add41e5a10b046bd9064
http://berglandlab.uvadcos.io/dest_mapped/DGN/ET_Oro_Fic_1_2011-12-16/ET_Oro_Fic_1_2011-12-16.masked.sync.gz.tbi,6afbc78fafedf06a1f387ea1d01b628b
http://berglandlab.uvadcos.io/dest_mapped/DGN/EG_Al_Cai_1_2011-01-16/EG_Al_Cai_1_2011-01-16.masked.sync.gz,099933fe40ca9a15cb96707ab7e76ba2
http://berglandlab.uvadcos.io/dest_mapped/DGN/EG_Al_Cai_1_2011-01-16/EG_Al_Cai_1_2011-01-16.masked.sync.gz.tbi,46b8ce392634fef0f1cf0b4e8df72268
http://berglandlab.uvadcos.io/dest_mapped/DGN/ET_Amh_Deb_1_2011-12-16/ET_Amh_Deb_1_2011-12-16.masked.sync.gz,8bd6b226d947db5a1fe63e78c20c6386
http://berglandlab.uvadcos.io/dest_mapped/DGN/ET_Amh_Deb_1_2011-12-16/ET_Amh_Deb_1_2011-12-16.masked.sync.gz.tbi,6dc237231670753c9af635c198150a66
http://berglandlab.uvadcos.io/dest_mapped/DGN/FR_Rho_Lyo_1_2010-07-16/FR_Rho_Lyo_1_2010-07-16.masked.sync.gz,6f11a39add06234ef00300051cdba3b6
http://berglandlab.uvadcos.io/dest_mapped/DGN/FR_Rho_Lyo_1_2010-07-16/FR_Rho_Lyo_1_2010-07-16.masked.sync.gz.tbi,e339f9f76bde6202f52a35947a0a445a
http://berglandlab.uvadcos.io/dest_mapped/DGN/GA_Hau_Fra_1_2002-03-16/GA_Hau_Fra_1_2002-03-16.masked.sync.gz,0a74d78c891d009d8edccaf38accbaf9
http://berglandlab.uvadcos.io/dest_mapped/DGN/GA_Hau_Fra_1_2002-03-16/GA_Hau_Fra_1_2002-03-16.masked.sync.gz.tbi,886396423267d78ebf9b2482cb668967
http://berglandlab.uvadcos.io/dest_mapped/DGN/GN_Dal_Don_1_2005-06-15/GN_Dal_Don_1_2005-06-15.masked.sync.gz,e36f3f82156b379a930fd34b3d7537db
http://berglandlab.uvadcos.io/dest_mapped/DGN/GN_Dal_Don_1_2005-06-15/GN_Dal_Don_1_2005-06-15.masked.sync.gz.tbi,9b63fd424a32db7aef22c9bba33587a7
http://berglandlab.uvadcos.io/dest_mapped/DGN/US_New_Ith_1_2004-07-01/US_New_Ith_1_2004-07-01.masked.sync.gz,f877d3c849c7adc862be9bf9f24eb822
http://berglandlab.uvadcos.io/dest_mapped/DGN/US_New_Ith_1_2004-07-01/US_New_Ith_1_2004-07-01.masked.sync.gz.tbi,b59c19cec6da46cc0b5e35b3edbab27d
http://berglandlab.uvadcos.io/dest_mapped/DGN/KE_Cen_Nya_1_2009-01-16/KE_Cen_Nya_1_2009-01-16.masked.sync.gz,ce646c56a0dd3cfd8eb6984f87557bad
http://berglandlab.uvadcos.io/dest_mapped/DGN/KE_Cen_Nya_1_2009-01-16/KE_Cen_Nya_1_2009-01-16.masked.sync.gz.tbi,12c9622fee67b1ecd34801f555d2c6a7
http://berglandlab.uvadcos.io/dest_mapped/DGN/NL_Utr_Hou_1_1998-07-01/NL_Utr_Hou_1_1998-07-01.masked.sync.gz,f481c35b57da5128aa515bac2f0eb027
http://berglandlab.uvadcos.io/dest_mapped/DGN/NL_Utr_Hou_1_1998-07-01/NL_Utr_Hou_1_1998-07-01.masked.sync.gz.tbi,f4318e754061414556f04aaeb9fe9ba0
http://berglandlab.uvadcos.io/dest_mapped/DGN/NG_Bor_Mai_1_2004-09-16/NG_Bor_Mai_1_2004-09-16.masked.sync.gz,fd3800b8b70dcc21856d8ca0f5253af6
http://berglandlab.uvadcos.io/dest_mapped/DGN/NG_Bor_Mai_1_2004-09-16/NG_Bor_Mai_1_2004-09-16.masked.sync.gz.tbi,68a6a1c88b13e78c54031badf43ca506
http://berglandlab.uvadcos.io/dest_mapped/DGN/US_Nor_Ral_1_2003-07-01/US_Nor_Ral_1_2003-07-01.masked.sync.gz,497606bcba2455c7bf3c01e0c4b5315e
http://berglandlab.uvadcos.io/dest_mapped/DGN/US_Nor_Ral_1_2003-07-01/US_Nor_Ral_1_2003-07-01.masked.sync.gz.tbi,4a350b235b8dc0cb2f303d8ce197779f
http://berglandlab.uvadcos.io/dest_mapped/DGN/RW_Wes_Gik_1_2008-12-16/RW_Wes_Gik_1_2008-12-16.masked.sync.gz,ba7c5dbbf81365f4d185cc385d30bcd4
http://berglandlab.uvadcos.io/dest_mapped/DGN/RW_Wes_Gik_1_2008-12-16/RW_Wes_Gik_1_2008-12-16.masked.sync.gz.tbi,c2eb85e292277e5d4db30c67fbfc5408
http://berglandlab.uvadcos.io/dest_mapped/DGN/ZA_Eas_Bar_1_2011-12-16/ZA_Eas_Bar_1_2011-12-16.masked.sync.gz,5afbf0d73f80f036b2fd23bb4363d2a1
http://berglandlab.uvadcos.io/dest_mapped/DGN/ZA_Eas_Bar_1_2011-12-16/ZA_Eas_Bar_1_2011-12-16.masked.sync.gz.tbi,26fb59efccf07371be481ec0e59097ed
http://berglandlab.uvadcos.io/dest_mapped/DGN/ZA_Mpu_Dul_1_2011-12-16/ZA_Mpu_Dul_1_2011-12-16.masked.sync.gz,eb8a3a781cbe5f1827643a0709ca8701
http://berglandlab.uvadcos.io/dest_mapped/DGN/ZA_Mpu_Dul_1_2011-12-16/ZA_Mpu_Dul_1_2011-12-16.masked.sync.gz.tbi,f04e489c68f52fed38140db627beb9eb
http://berglandlab.uvadcos.io/dest_mapped/DGN/SIM_SIM_w501_1_NA-MM-DD/SIM_SIM_w501_1_NA-MM-DD.masked.sync.gz,7768ea4fec09b2a5c4697920db30d278
http://berglandlab.uvadcos.io/dest_mapped/DGN/SIM_SIM_w501_1_NA-MM-DD/SIM_SIM_w501_1_NA-MM-DD.masked.sync.gz.tbi,7947066c5eca738f52e075f6f13eff35
http://berglandlab.uvadcos.io/dest_mapped/DGN/ZA_Lim_Pha_1_2010-07-16/ZA_Lim_Pha_1_2010-07-16.masked.sync.gz,1a5d363dd65f703adb48858591b49911
http://berglandlab.uvadcos.io/dest_mapped/DGN/ZA_Lim_Pha_1_2010-07-16/ZA_Lim_Pha_1_2010-07-16.masked.sync.gz.tbi,121e594cc5b7b58b64e8cee0eab9235a
http://berglandlab.uvadcos.io/dest_mapped/DGN/AU_Tas_Sor_1_2004-07-01/AU_Tas_Sor_1_2004-07-01.masked.sync.gz,a195d2ea10fd77dde06b29da95047647
http://berglandlab.uvadcos.io/dest_mapped/DGN/AU_Tas_Sor_1_2004-07-01/AU_Tas_Sor_1_2004-07-01.masked.sync.gz.tbi,75c41a48e7fc289d904f1d1cffba8758
http://berglandlab.uvadcos.io/dest_mapped/DGN/UG_Kis_Kis_1_2012-01-16/UG_Kis_Kis_1_2012-01-16.masked.sync.gz,258c212e8ffe0da19305a70b4b448158
http://berglandlab.uvadcos.io/dest_mapped/DGN/UG_Kis_Kis_1_2012-01-16/UG_Kis_Kis_1_2012-01-16.masked.sync.gz.tbi,35104866e3e13694edde99e40496c5ff
http://berglandlab.uvadcos.io/dest_mapped/DGN/US_Cal_Win_1_1998-07-02/US_Cal_Win_1_1998-07-02.masked.sync.gz,e094162e78a3bb7daa1a95bb19683217
http://berglandlab.uvadcos.io/dest_mapped/DGN/US_Cal_Win_1_1998-07-02/US_Cal_Win_1_1998-07-02.masked.sync.gz.tbi,e058799d0029db1c0d49f53f0e9f1639
http://berglandlab.uvadcos.io/dest_mapped/DGN/ZM_Sou_Sia_1_2010-07-16/ZM_Sou_Sia_1_2010-07-16.masked.sync.gz,c956435454989e85dc791e9735a2d5d5
http://berglandlab.uvadcos.io/dest_mapped/DGN/ZM_Sou_Sia_1_2010-07-16/ZM_Sou_Sia_1_2010-07-16.masked.sync.gz.tbi,92441505cf903b3be0997ce3bed66404
http://berglandlab.uvadcos.io/dest_mapped/DGN/ZW_Mat_Vic_1_2001-07-16/ZW_Mat_Vic_1_2001-07-16.masked.sync.gz,29734545b4d9ef23a44d2b52797953f9
http://berglandlab.uvadcos.io/dest_mapped/DGN/ZW_Mat_Vic_1_2001-07-16/ZW_Mat_Vic_1_2001-07-16.masked.sync.gz.tbi,56d2f5b9506819d2aa41f028da68bb64
http://berglandlab.uvadcos.io/dest_mapped/DESTv1/AT_Nie_Mau_1_2014-07-20/AT_Nie_Mau_1_2014-07-20.masked.sync.gz,6d78d914e7098dbc3f9fef982540cc5b
http://berglandlab.uvadcos.io/dest_mapped/DESTv1/AT_Nie_Mau_1_2014-07-20/AT_Nie_Mau_1_2014-07-20.masked.sync.gz.tbi,bc1849a6876265f14e86cc8acc819724
http://berglandlab.uvadcos.io/dest_mapped/DESTv1/AT_Nie_Mau_1_2014-10-19/AT_Nie_Mau_1_2014-10-19.masked.sync.gz,4bf53fdc7d85bd6705315f2c62d0d72c
http://berglandlab.uvadcos.io/dest_mapped/DESTv1/AT_Nie_Mau_1_2014-10-19/AT_Nie_Mau_1_2014-10-19.masked.sync.gz.tbi,9a8b0f3c4880d3a3ba56cc4d80385cc0
http://berglandlab.uvadcos.io/dest_mapped/DESTv1/AT_Nie_Mau_1_2015-07-20/AT_Nie_Mau_1_2015-07-20.masked.sync.gz,e9512056dae0d710023e14aeadf821e2
http://berglandlab.uvadcos.io/dest_mapped/DESTv1/AT_Nie_Mau_1_2015-07-20/AT_Nie_Mau_1_2015-07-20.masked.sync.gz.tbi,0ce9d7ba98cff649655f367aa3ed9b11
http://berglandlab.uvadcos.io/dest_mapped/DESTv1/AT_Nie_Mau_1_2015-10-19/AT_Nie_Mau_1_2015-10-19.masked.sync.gz,69106b5a83609701c52c46b500b3ea59
http://berglandlab.uvadcos.io/dest_mapped/DESTv1/AT_Nie_Mau_1_2015-10-19/AT_Nie_Mau_1_2015-10-19.masked.sync.gz.tbi,a1bb44cf0822771350f74a36864c85f0
http://berglandlab.uvadcos.io/dest_mapped/DESTv1/AT_Kar_See_1_2014-08-17/AT_Kar_See_1_2014-08-17.masked.sync.gz,103281ca640b3bf64d74f8b5e960873e
http://berglandlab.uvadcos.io/dest_mapped/DESTv1/AT_Kar_See_1_2014-08-17/AT_Kar_See_1_2014-08-17.masked.sync.gz.tbi,7b2ed01919864a600878dc0db461fdff
http://berglandlab.uvadcos.io/dest_mapped/DESTv1/AT_Kar_See_1_2016-08-01/AT_Kar_See_1_2016-08-01.masked.sync.gz,1ad90a05744e6c0a35de92e6875b9323
http://berglandlab.uvadcos.io/dest_mapped/DESTv1/AT_Kar_See_1_2016-08-01/AT_Kar_See_1_2016-08-01.masked.sync.gz.tbi,c0fdb65d30bde807ae172ab7b3255b32
http://berglandlab.uvadcos.io/dest_mapped/DESTv1/AT_Wie_Gro_1_2012-10-20/AT_Wie_Gro_1_2012-10-20.masked.sync.gz,983460395af4649f4387f48587d687ba
http://berglandlab.uvadcos.io/dest_mapped/DESTv1/AT_Wie_Gro_1_2012-10-20/AT_Wie_Gro_1_2012-10-20.masked.sync.gz.tbi,48f9e80cb84711d70231f744a3e1fdf4
http://berglandlab.uvadcos.io/dest_mapped/DESTv1/AT_Wie_Gro_1_2012-08-03/AT_Wie_Gro_1_2012-08-03.masked.sync.gz,4eb13cf1dcf577f188fdaabbfd5e02f2
http://berglandlab.uvadcos.io/dest_mapped/DESTv1/AT_Wie_Gro_1_2012-08-03/AT_Wie_Gro_1_2012-08-03.masked.sync.gz.tbi,250e34737b17b6f626ff1041adf2e494
http://berglandlab.uvadcos.io/dest_mapped/DESTv1/BY_Bre_Bre_1_2015-09-11/BY_Bre_Bre_1_2015-09-11.masked.sync.gz,f4e3dacb69e757934192347d26a3691b
http://berglandlab.uvadcos.io/dest_mapped/DESTv1/BY_Bre_Bre_1_2015-09-11/BY_Bre_Bre_1_2015-09-11.masked.sync.gz.tbi,9d16627239c332e8bebecdc381e3554b
http://berglandlab.uvadcos.io/dest_mapped/DESTv1/US_Cal_Esp_1_2012-08-22/US_Cal_Esp_1_2012-08-22.masked.sync.gz,143d2045ca5db387c8228a7b6c9424df
http://berglandlab.uvadcos.io/dest_mapped/DESTv1/US_Cal_Esp_1_2012-08-22/US_Cal_Esp_1_2012-08-22.masked.sync.gz.tbi,a92d1cefb89b6f28e3a04e1c860e1d7b
http://berglandlab.uvadcos.io/dest_mapped/DESTv1/US_Cal_Esp_1_2012-11-20/US_Cal_Esp_1_2012-11-20.masked.sync.gz,8e1ac96f200cb4e51c6595f7ef28b382
http://berglandlab.uvadcos.io/dest_mapped/DESTv1/US_Cal_Esp_1_2012-11-20/US_Cal_Esp_1_2012-11-20.masked.sync.gz.tbi,c9b89ba83aeb2b97ed9a899c349e80e9
http://berglandlab.uvadcos.io/dest_mapped/DESTv1/US_Cal_Esp_1_2012-06-13/US_Cal_Esp_1_2012-06-13.masked.sync.gz,b6bd1e8049687f908c151211e7b9caaa
http://berglandlab.uvadcos.io/dest_mapped/DESTv1/US_Cal_Esp_1_2012-06-13/US_Cal_Esp_1_2012-06-13.masked.sync.gz.tbi,d92b404390265bdff27e013ff2bd5946
http://berglandlab.uvadcos.io/dest_mapped/DESTv1/US_Cal_Esp_1_2013-09-01/US_Cal_Esp_1_2013-09-01.masked.sync.gz,78e94fc0233e150ee0105a555f2c4715
http://berglandlab.uvadcos.io/dest_mapped/DESTv1/US_Cal_Esp_1_2013-09-01/US_Cal_Esp_1_2013-09-01.masked.sync.gz.tbi,a874dee21a6acc61b17c0bcbee426404
http://berglandlab.uvadcos.io/dest_mapped/DESTv1/US_Cal_Esp_1_2013-05-07/US_Cal_Esp_1_2013-05-07.masked.sync.gz,5291cbb2cc5abe75d9eb392c23d08322
http://berglandlab.uvadcos.io/dest_mapped/DESTv1/US_Cal_Esp_1_2013-05-07/US_Cal_Esp_1_2013-05-07.masked.sync.gz.tbi,4a4b2c58a9ba771f81d8648ee2ec8aa1
http://berglandlab.uvadcos.io/dest_mapped/DESTv1/US_Cal_Pla_1_2012-08-25/US_Cal_Pla_1_2012-08-25.masked.sync.gz,e51751202ce3a3bd9aeeeebb3510cac7
http://berglandlab.uvadcos.io/dest_mapped/DESTv1/US_Cal_Pla_1_2012-08-25/US_Cal_Pla_1_2012-08-25.masked.sync.gz.tbi,003f5d96f6c5ff8840c0d4563b4c32ce
http://berglandlab.uvadcos.io/dest_mapped/DESTv1/US_Cal_Pla_1_2012-11-18/US_Cal_Pla_1_2012-11-18.masked.sync.gz,01f013eba325b9dc9f319b932157a5d8
http://berglandlab.uvadcos.io/dest_mapped/DESTv1/US_Cal_Pla_1_2012-11-18/US_Cal_Pla_1_2012-11-18.masked.sync.gz.tbi,3fe073708499d87680e918633511f63a
http://berglandlab.uvadcos.io/dest_mapped/DESTv1/US_Cal_Pla_1_2013-08-30/US_Cal_Pla_1_2013-08-30.masked.sync.gz,1aeed42799173bd3d262fd2abe4dbd70
http://berglandlab.uvadcos.io/dest_mapped/DESTv1/US_Cal_Pla_1_2013-08-30/US_Cal_Pla_1_2013-08-30.masked.sync.gz.tbi,50e6bf26341b06014506854e49439442
http://berglandlab.uvadcos.io/dest_mapped/DESTv1/US_Cal_Pla_1_2013-12-16/US_Cal_Pla_1_2013-12-16.masked.sync.gz,3d7fcd6abc862ced4d19940302ee5ff9
http://berglandlab.uvadcos.io/dest_mapped/DESTv1/US_Cal_Pla_1_2013-12-16/US_Cal_Pla_1_2013-12-16.masked.sync.gz.tbi,9da8b1ac9edc0c702b164bce9a06a454
http://berglandlab.uvadcos.io/dest_mapped/DESTv1/US_Cal_Sto_1_2012-10-01/US_Cal_Sto_1_2012-10-01.masked.sync.gz,d274d4863e8e8254b7c1cc40c8d0b482
http://berglandlab.uvadcos.io/dest_mapped/DESTv1/US_Cal_Sto_1_2012-10-01/US_Cal_Sto_1_2012-10-01.masked.sync.gz.tbi,59c64bfc45a9f664c5be571bce2ed5b5
http://berglandlab.uvadcos.io/dest_mapped/DESTv1/US_Cal_Sto_1_2012-11-15/US_Cal_Sto_1_2012-11-15.masked.sync.gz,45355f8a2de3cc06594c13ab82ce1c10
http://berglandlab.uvadcos.io/dest_mapped/DESTv1/US_Cal_Sto_1_2012-11-15/US_Cal_Sto_1_2012-11-15.masked.sync.gz.tbi,8a6e730eb8933535e487f2f920f7ff49
http://berglandlab.uvadcos.io/dest_mapped/DESTv1/US_Cal_Sto_1_2013-09-03/US_Cal_Sto_1_2013-09-03.masked.sync.gz,dfcda8aae7286bd9d533545beb6efe89
http://berglandlab.uvadcos.io/dest_mapped/DESTv1/US_Cal_Sto_1_2013-09-03/US_Cal_Sto_1_2013-09-03.masked.sync.gz.tbi,de8536e38c3daefc7b5dcd53a97891ba
http://berglandlab.uvadcos.io/dest_mapped/DESTv1/US_Cal_Tuo_1_2012-10-10/US_Cal_Tuo_1_2012-10-10.masked.sync.gz,a0f0adc6e9b88350fc96ab7497d14cb3
http://berglandlab.uvadcos.io/dest_mapped/DESTv1/US_Cal_Tuo_1_2012-10-10/US_Cal_Tuo_1_2012-10-10.masked.sync.gz.tbi,5b464de0d5c326387f4b76e078109338
http://berglandlab.uvadcos.io/dest_mapped/DESTv1/US_Cal_Tuo_1_2012-11-17/US_Cal_Tuo_1_2012-11-17.masked.sync.gz,ff02428bd8fdbd8c75127cfc7c33e74b
http://berglandlab.uvadcos.io/dest_mapped/DESTv1/US_Cal_Tuo_1_2012-11-17/US_Cal_Tuo_1_2012-11-17.masked.sync.gz.tbi,42e68da7e34c84a65b081238adbd2b09
http://berglandlab.uvadcos.io/dest_mapped/DESTv1/US_Cal_Tuo_1_2013-08-31/US_Cal_Tuo_1_2013-08-31.masked.sync.gz,9a0e7d08998ad467b0d043fabd8d53e0
http://berglandlab.uvadcos.io/dest_mapped/DESTv1/US_Cal_Tuo_1_2013-08-31/US_Cal_Tuo_1_2013-08-31.masked.sync.gz.tbi,be9a4e82b4a81cda6e75d2f98a63a655
http://berglandlab.uvadcos.io/dest_mapped/DESTv1/US_Cal_Tuo_1_2013-12-08/US_Cal_Tuo_1_2013-12-08.masked.sync.gz,2900b4b31e68d9c60077bcb4aafc239b
http://berglandlab.uvadcos.io/dest_mapped/DESTv1/US_Cal_Tuo_1_2013-12-08/US_Cal_Tuo_1_2013-12-08.masked.sync.gz.tbi,1ae9106ce6a161db7b9b425b06a69f8f
http://berglandlab.uvadcos.io/dest_mapped/DESTv1/US_Cal_Tuo_1_2013-05-14/US_Cal_Tuo_1_2013-05-14.masked.sync.gz,f36a5fd30db8d4c159055eb6e0b8bc92
http://berglandlab.uvadcos.io/dest_mapped/DESTv1/US_Cal_Tuo_1_2013-05-14/US_Cal_Tuo_1_2013-05-14.masked.sync.gz.tbi,3a2d77344d578ade3a9015e6c866b407
http://berglandlab.uvadcos.io/dest_mapped/DESTv1/CH_Vau_Cha_1_2014-07-24/CH_Vau_Cha_1_2014-07-24.masked.sync.gz,03eba1cb7b031805bb31a66b4dafd651
http://berglandlab.uvadcos.io/dest_mapped/DESTv1/CH_Vau_Cha_1_2014-07-24/CH_Vau_Cha_1_2014-07-24.masked.sync.gz.tbi,e21028dc48c6eca244477375532bf111
http://berglandlab.uvadcos.io/dest_mapped/DESTv1/CH_Vau_Cha_1_2014-10-05/CH_Vau_Cha_1_2014-10-05.masked.sync.gz,0e67cb0fb98f3d3d9cc17246be412fa8
http://berglandlab.uvadcos.io/dest_mapped/DESTv1/CH_Vau_Cha_1_2014-10-05/CH_Vau_Cha_1_2014-10-05.masked.sync.gz.tbi,bc29434572be127a666f798e9abf9da9
http://berglandlab.uvadcos.io/dest_mapped/DESTv1/CH_Vau_Cha_1_2015-08-01/CH_Vau_Cha_1_2015-08-01.masked.sync.gz,3f8e8553eb54fa287d1a9900bf7f3ce1
http://berglandlab.uvadcos.io/dest_mapped/DESTv1/CH_Vau_Cha_1_2015-08-01/CH_Vau_Cha_1_2015-08-01.masked.sync.gz.tbi,456cf3e27b98b267f340a407ba9389f0
http://berglandlab.uvadcos.io/dest_mapped/DESTv1/CH_Vau_Cha_1_2016-08-15/CH_Vau_Cha_1_2016-08-15.masked.sync.gz,14659616ed1186dde382232dc4e74644
http://berglandlab.uvadcos.io/dest_mapped/DESTv1/CH_Vau_Cha_1_2016-08-15/CH_Vau_Cha_1_2016-08-15.masked.sync.gz.tbi,698b0691f04bc54b42ff0dd21a810bc5
http://berglandlab.uvadcos.io/dest_mapped/DESTv1/CY_Nic_Nic_1_2014-08-10/CY_Nic_Nic_1_2014-08-10.masked.sync.gz,d10f1d292ffa0a148d9618eb9724908a
http://berglandlab.uvadcos.io/dest_mapped/DESTv1/CY_Nic_Nic_1_2014-08-10/CY_Nic_Nic_1_2014-08-10.masked.sync.gz.tbi,ba87aeafa15788101e12d1bfb7fa9b6f
http://berglandlab.uvadcos.io/dest_mapped/DESTv1/DE_Bad_Bro_1_2014-06-26/DE_Bad_Bro_1_2014-06-26.masked.sync.gz,8d36a1712b6eb99eac1bc48866c5c456
http://berglandlab.uvadcos.io/dest_mapped/DESTv1/DE_Bad_Bro_1_2014-06-26/DE_Bad_Bro_1_2014-06-26.masked.sync.gz.tbi,0c9250af97fd1c06582263a0829c0a70
http://berglandlab.uvadcos.io/dest_mapped/DESTv1/DE_Bad_Bro_1_2014-10-15/DE_Bad_Bro_1_2014-10-15.masked.sync.gz,47d8a672703953af2d2c647f52d7bf68
http://berglandlab.uvadcos.io/dest_mapped/DESTv1/DE_Bad_Bro_1_2014-10-15/DE_Bad_Bro_1_2014-10-15.masked.sync.gz.tbi,1369f4ae4536eff83b03d2a3216d2829
http://berglandlab.uvadcos.io/dest_mapped/DESTv1/DE_Bad_Bro_1_2015-06-30/DE_Bad_Bro_1_2015-06-30.masked.sync.gz,92b08f4c309fec55117b9e46126508f6
http://berglandlab.uvadcos.io/dest_mapped/DESTv1/DE_Bad_Bro_1_2015-06-30/DE_Bad_Bro_1_2015-06-30.masked.sync.gz.tbi,f07edb4269189b8ff2db3a81efd9f943
http://berglandlab.uvadcos.io/dest_mapped/DESTv1/DE_Bad_Bro_1_2015-10-25/DE_Bad_Bro_1_2015-10-25.masked.sync.gz,3cd1d87480fb3feddec5f6052cd3cebd
http://berglandlab.uvadcos.io/dest_mapped/DESTv1/DE_Bad_Bro_1_2015-10-25/DE_Bad_Bro_1_2015-10-25.masked.sync.gz.tbi,849f8f3b37bd44ff5543838b90888fb1
http://berglandlab.uvadcos.io/dest_mapped/DESTv1/DE_Bad_Bro_1_2016-07-24/DE_Bad_Bro_1_2016-07-24.masked.sync.gz,409ce8ab51e9ce4fbe58f3461894e211
http://berglandlab.uvadcos.io/dest_mapped/DESTv1/DE_Bad_Bro_1_2016-07-24/DE_Bad_Bro_1_2016-07-24.masked.sync.gz.tbi,5a38929e1ebfca761ba595ae324585f0
http://berglandlab.uvadcos.io/dest_mapped/DESTv1/DE_Bad_Bro_1_2016-10-23/DE_Bad_Bro_1_2016-10-23.masked.sync.gz,314992413f577266a0bf27ad1291eebb
http://berglandlab.uvadcos.io/dest_mapped/DESTv1/DE_Bad_Bro_1_2016-10-23/DE_Bad_Bro_1_2016-10-23.masked.sync.gz.tbi,2e31d0c750a1d617587776ab3fe4ab4e
http://berglandlab.uvadcos.io/dest_mapped/DESTv1/DE_Bay_Mun_1_2014-06-19/DE_Bay_Mun_1_2014-06-19.masked.sync.gz,a111fe9981087b6017b90bad832570bb
http://berglandlab.uvadcos.io/dest_mapped/DESTv1/DE_Bay_Mun_1_2014-06-19/DE_Bay_Mun_1_2014-06-19.masked.sync.gz.tbi,54cd14008140579a00c771b3ccdac288
http://berglandlab.uvadcos.io/dest_mapped/DESTv1/DE_Bay_Mun_1_2014-09-03/DE_Bay_Mun_1_2014-09-03.masked.sync.gz,a4ec32b18c7fbf050b8d1cb2972727d8
http://berglandlab.uvadcos.io/dest_mapped/DESTv1/DE_Bay_Mun_1_2014-09-03/DE_Bay_Mun_1_2014-09-03.masked.sync.gz.tbi,3b1bc51e04c15b68cc9235d9704036a5
http://berglandlab.uvadcos.io/dest_mapped/DESTv1/DE_Bay_Mun_1_2015-06-01/DE_Bay_Mun_1_2015-06-01.masked.sync.gz,4828a9dec6ecbff6f86e6a0f3d04d140
http://berglandlab.uvadcos.io/dest_mapped/DESTv1/DE_Bay_Mun_1_2015-06-01/DE_Bay_Mun_1_2015-06-01.masked.sync.gz.tbi,53c92eb6b3520f5b0fb748bc420051bf
http://berglandlab.uvadcos.io/dest_mapped/DESTv1/DE_Bay_Mun_1_2015-09-01/DE_Bay_Mun_1_2015-09-01.masked.sync.gz,6f9207d2e34f8e7bb2ea6ef6daf12c66
http://berglandlab.uvadcos.io/dest_mapped/DESTv1/DE_Bay_Mun_1_2015-09-01/DE_Bay_Mun_1_2015-09-01.masked.sync.gz.tbi,7a7b8aec8efae1c0ea5df60d65253730
http://berglandlab.uvadcos.io/dest_mapped/DESTv1/DE_Bay_Mun_1_2016-06-25/DE_Bay_Mun_1_2016-06-25.masked.sync.gz,646d95840441633d592aa7a343eb7b61
http://berglandlab.uvadcos.io/dest_mapped/DESTv1/DE_Bay_Mun_1_2016-06-25/DE_Bay_Mun_1_2016-06-25.masked.sync.gz.tbi,57172f3578f865a86d76232e4d7f5b6c
http://berglandlab.uvadcos.io/dest_mapped/DESTv1/DE_Bay_Mun_1_2016-09-01/DE_Bay_Mun_1_2016-09-01.masked.sync.gz,609d80c38a05079b2f18211aa542633f
http://berglandlab.uvadcos.io/dest_mapped/DESTv1/DE_Bay_Mun_1_2016-09-01/DE_Bay_Mun_1_2016-09-01.masked.sync.gz.tbi,3cab82fe8f5d6d9d2474f79b8c1a1803
http://berglandlab.uvadcos.io/dest_mapped/DESTv1/DK_Mid_Kar_1_2014-09-01/DK_Mid_Kar_1_2014-09-01.masked.sync.gz,d93cbd8503f1cc082ad5fd2795368e7e
http://berglandlab.uvadcos.io/dest_mapped/DESTv1/DK_Mid_Kar_1_2014-09-01/DK_Mid_Kar_1_2014-09-01.masked.sync.gz.tbi,2c0ededfc9018a9ef80cf352d029d29f
http://berglandlab.uvadcos.io/dest_mapped/DESTv1/DK_Mid_Kar_1_2014-11-25/DK_Mid_Kar_1_2014-11-25.masked.sync.gz,e4f51ee2ffce2f12af57a6038f325c50
http://berglandlab.uvadcos.io/dest_mapped/DESTv1/DK_Mid_Kar_1_2014-11-25/DK_Mid_Kar_1_2014-11-25.masked.sync.gz.tbi,de501740e20eb4e5d6c79a215bfe2d97
http://berglandlab.uvadcos.io/dest_mapped/DESTv1/DK_Mid_Kar_1_2016-06-08/DK_Mid_Kar_1_2016-06-08.masked.sync.gz,d82d9a26047c333a0751d38d8c0686f2
http://berglandlab.uvadcos.io/dest_mapped/DESTv1/DK_Mid_Kar_1_2016-06-08/DK_Mid_Kar_1_2016-06-08.masked.sync.gz.tbi,3785576063aa8e96703d5f31253a89fb
http://berglandlab.uvadcos.io/dest_mapped/DESTv1/DK_Mid_Kar_1_2016-09-15/DK_Mid_Kar_1_2016-09-15.masked.sync.gz,0bfd2f756da0272f88b20f6cead28e87
http://berglandlab.uvadcos.io/dest_mapped/DESTv1/DK_Mid_Kar_1_2016-09-15/DK_Mid_Kar_1_2016-09-15.masked.sync.gz.tbi,7c22d664b999ba12de7d2f2555c312b3
http://berglandlab.uvadcos.io/dest_mapped/DESTv1/DK_Mid_Kar_1_2016-11-22/DK_Mid_Kar_1_2016-11-22.masked.sync.gz,5e2dd33a1921c1cc181d104117a3cbe7
http://berglandlab.uvadcos.io/dest_mapped/DESTv1/DK_Mid_Kar_1_2016-11-22/DK_Mid_Kar_1_2016-11-22.masked.sync.gz.tbi,9f6cc44c3517e8dde3f840f047c6e73d
http://berglandlab.uvadcos.io/dest_mapped/DESTv1/ES_Gra_Ben_1_2016-10-08/ES_Gra_Ben_1_2016-10-08.masked.sync.gz,3713481386dfbd5db53172d9092af770
http://berglandlab.uvadcos.io/dest_mapped/DESTv1/ES_Gra_Ben_1_2016-10-08/ES_Gra_Ben_1_2016-10-08.masked.sync.gz.tbi,112a21c1676f30d199f78b1fc18b9d08
http://berglandlab.uvadcos.io/dest_mapped/DESTv1/ES_Gra_Cor_1_2015-08-08/ES_Gra_Cor_1_2015-08-08.masked.sync.gz,418feec7aa710eb0315c1206d380f267
http://berglandlab.uvadcos.io/dest_mapped/DESTv1/ES_Gra_Cor_1_2015-08-08/ES_Gra_Cor_1_2015-08-08.masked.sync.gz.tbi,27b4b1ed1bae100fe5386757a727c838
http://berglandlab.uvadcos.io/dest_mapped/DESTv1/ES_Ler_Gim_1_2014-10-20/ES_Ler_Gim_1_2014-10-20.masked.sync.gz,8505c27ef5b1c52a90cab4e83e1724a8
http://berglandlab.uvadcos.io/dest_mapped/DESTv1/ES_Ler_Gim_1_2014-10-20/ES_Ler_Gim_1_2014-10-20.masked.sync.gz.tbi,5ad97bfe9b6f9bd5d6a9daa6fcb987de
http://berglandlab.uvadcos.io/dest_mapped/DESTv1/ES_Ler_Gim_1_2014-08-13/ES_Ler_Gim_1_2014-08-13.masked.sync.gz,cf9fbf9b457c166745f27df06980f580
http://berglandlab.uvadcos.io/dest_mapped/DESTv1/ES_Ler_Gim_1_2014-08-13/ES_Ler_Gim_1_2014-08-13.masked.sync.gz.tbi,4c2ed06777921f49cdec6c26f0a202de
http://berglandlab.uvadcos.io/dest_mapped/DESTv1/ES_Ler_Gim_1_2015-06-28/ES_Ler_Gim_1_2015-06-28.masked.sync.gz,57e2da2ae73ece7c7c489abda43f50f8
http://berglandlab.uvadcos.io/dest_mapped/DESTv1/ES_Ler_Gim_1_2015-06-28/ES_Ler_Gim_1_2015-06-28.masked.sync.gz.tbi,950685dda05393fe62120000810c741b
http://berglandlab.uvadcos.io/dest_mapped/DESTv1/ES_Ler_Gim_1_2015-10-22/ES_Ler_Gim_1_2015-10-22.masked.sync.gz,29a91906bd2fb4d3145e3648edd8babb
http://berglandlab.uvadcos.io/dest_mapped/DESTv1/ES_Ler_Gim_1_2015-10-22/ES_Ler_Gim_1_2015-10-22.masked.sync.gz.tbi,230064a86a16037ed06d4574d8bf8529
http://berglandlab.uvadcos.io/dest_mapped/DESTv1/ES_Ler_Gim_1_2016-08-25/ES_Ler_Gim_1_2016-08-25.masked.sync.gz,f1dd3e98ab675fef8b4510d5e7a29d58
http://berglandlab.uvadcos.io/dest_mapped/DESTv1/ES_Ler_Gim_1_2016-08-25/ES_Ler_Gim_1_2016-08-25.masked.sync.gz.tbi,cdf9d6604dcd24e7dd0e4d328fcd8d4a
http://berglandlab.uvadcos.io/dest_mapped/DESTv1/ES_Ler_Gim_1_2016-10-21/ES_Ler_Gim_1_2016-10-21.masked.sync.gz,43303d1286fc521053162e339bf205e7
http://berglandlab.uvadcos.io/dest_mapped/DESTv1/ES_Ler_Gim_1_2016-10-21/ES_Ler_Gim_1_2016-10-21.masked.sync.gz.tbi,71dacb2c72a4db4fb59c09931ed4787c
http://berglandlab.uvadcos.io/dest_mapped/DESTv1/ES_Gra_Gua_1_2015-09-12/ES_Gra_Gua_1_2015-09-12.masked.sync.gz,9932a3795e82334e650bca6a05d4640d
http://berglandlab.uvadcos.io/dest_mapped/DESTv1/ES_Gra_Gua_1_2015-09-12/ES_Gra_Gua_1_2015-09-12.masked.sync.gz.tbi,f6ada720ac22250fa1f059847496bec4
http://berglandlab.uvadcos.io/dest_mapped/DESTv1/ES_Gra_Pur_1_2016-08-30/ES_Gra_Pur_1_2016-08-30.masked.sync.gz,607ea7a5e3fecbf9f6f61b5d32d7b24f
http://berglandlab.uvadcos.io/dest_mapped/DESTv1/ES_Gra_Pur_1_2016-08-30/ES_Gra_Pur_1_2016-08-30.masked.sync.gz.tbi,50a8d2ade44ea103e36746cd7d7495c2
http://berglandlab.uvadcos.io/dest_mapped/DESTv1/ES_Ciu_Tom_1_2015-10-08/ES_Ciu_Tom_1_2015-10-08.masked.sync.gz,cb86be0be4c3fb44649f795acb3db141
http://berglandlab.uvadcos.io/dest_mapped/DESTv1/ES_Ciu_Tom_1_2015-10-08/ES_Ciu_Tom_1_2015-10-08.masked.sync.gz.tbi,06919eff6ac318c789d940be475b2844
http://berglandlab.uvadcos.io/dest_mapped/DESTv1/ES_Ciu_Tom_1_2015-09-17/ES_Ciu_Tom_1_2015-09-17.masked.sync.gz,14929944b025c7271c3b0a88be715da2
http://berglandlab.uvadcos.io/dest_mapped/DESTv1/ES_Ciu_Tom_1_2015-09-17/ES_Ciu_Tom_1_2015-09-17.masked.sync.gz.tbi,15fa8970de0a1c5ca715716c21fa4c7a
http://berglandlab.uvadcos.io/dest_mapped/DESTv1/ES_Ciu_Tom_1_2016-09-02/ES_Ciu_Tom_1_2016-09-02.masked.sync.gz,75da5d8b845d231f9c399004f7629aeb
http://berglandlab.uvadcos.io/dest_mapped/DESTv1/ES_Ciu_Tom_1_2016-09-02/ES_Ciu_Tom_1_2016-09-02.masked.sync.gz.tbi,abea20767da7bea3ade62791ca805deb
http://berglandlab.uvadcos.io/dest_mapped/DESTv1/ES_Ciu_Tom_1_2016-10-11/ES_Ciu_Tom_1_2016-10-11.masked.sync.gz,588c427f53168e103cef44b7fd7a00ec
http://berglandlab.uvadcos.io/dest_mapped/DESTv1/ES_Ciu_Tom_1_2016-10-11/ES_Ciu_Tom_1_2016-10-11.masked.sync.gz.tbi,53d20550157a8794e7af775e887cb9f4
http://berglandlab.uvadcos.io/dest_mapped/DESTv1/ES_Bar_Bar_1_2012-10-16/ES_Bar_Bar_1_2012-10-16.masked.sync.gz,d15b75daca97aafac66a389777ad271b
http://berglandlab.uvadcos.io/dest_mapped/DESTv1/ES_Bar_Bar_1_2012-10-16/ES_Bar_Bar_1_2012-10-16.masked.sync.gz.tbi,4412ae3924daebb4ec8b0359920bd512
http://berglandlab.uvadcos.io/dest_mapped/DESTv1/ES_Bar_Bar_1_2012-07-13/ES_Bar_Bar_1_2012-07-13.masked.sync.gz,19d2783ed7f2d8e51fb6020d43ee3d8e
http://berglandlab.uvadcos.io/dest_mapped/DESTv1/ES_Bar_Bar_1_2012-07-13/ES_Bar_Bar_1_2012-07-13.masked.sync.gz.tbi,9d908cccc312d609d56f6303f45f1aef
http://berglandlab.uvadcos.io/dest_mapped/DESTv1/FI_Pir_Aka_1_2014-07-25/FI_Pir_Aka_1_2014-07-25.masked.sync.gz,28b02c64a72d96884044ddb7ea0b2855
http://berglandlab.uvadcos.io/dest_mapped/DESTv1/FI_Pir_Aka_1_2014-07-25/FI_Pir_Aka_1_2014-07-25.masked.sync.gz.tbi,d31e684f2ac807aa4d1d7bb6cf657dff
http://berglandlab.uvadcos.io/dest_mapped/DESTv1/FI_Pir_Aka_1_2014-08-27/FI_Pir_Aka_1_2014-08-27.masked.sync.gz,6bd7364eb3fd9a38259816dd86d06265
http://berglandlab.uvadcos.io/dest_mapped/DESTv1/FI_Pir_Aka_1_2014-08-27/FI_Pir_Aka_1_2014-08-27.masked.sync.gz.tbi,e0d0a7c87c91ff233977a143a705c88a
http://berglandlab.uvadcos.io/dest_mapped/DESTv1/FI_Pir_Aka_1_2015-10-01/FI_Pir_Aka_1_2015-10-01.masked.sync.gz,c8945a765cbffb89c98dc01361a42856
http://berglandlab.uvadcos.io/dest_mapped/DESTv1/FI_Pir_Aka_1_2015-10-01/FI_Pir_Aka_1_2015-10-01.masked.sync.gz.tbi,ab84c7dc854b9d36df0b2b34ff9d2706
http://berglandlab.uvadcos.io/dest_mapped/DESTv1/FI_Pir_Aka_1_2015-07-21/FI_Pir_Aka_1_2015-07-21.masked.sync.gz,2375e9973f78f3cd8a27f2d1b33ec337
http://berglandlab.uvadcos.io/dest_mapped/DESTv1/FI_Pir_Aka_1_2015-07-21/FI_Pir_Aka_1_2015-07-21.masked.sync.gz.tbi,5f43751b5e51fc5dce2f82e9a0a57c61
http://berglandlab.uvadcos.io/dest_mapped/DESTv1/FI_Pir_Aka_1_2016-07-24/FI_Pir_Aka_1_2016-07-24.masked.sync.gz,0e3da25e98c216bbd2ed754b103306d5
http://berglandlab.uvadcos.io/dest_mapped/DESTv1/FI_Pir_Aka_1_2016-07-24/FI_Pir_Aka_1_2016-07-24.masked.sync.gz.tbi,1c1a7cb54525b6f48ab0c2d7aaf57883
http://berglandlab.uvadcos.io/dest_mapped/DESTv1/FI_Pir_Aka_1_2016-09-17/FI_Pir_Aka_1_2016-09-17.masked.sync.gz,d2994564ba2dacfad37aaeeb1f9132ac
http://berglandlab.uvadcos.io/dest_mapped/DESTv1/FI_Pir_Aka_1_2016-09-17/FI_Pir_Aka_1_2016-09-17.masked.sync.gz.tbi,21d63ebdd41cb9e45a4cde51b9c47db4
http://berglandlab.uvadcos.io/dest_mapped/DESTv1/FI_Cen_Ves_1_2014-07-26/FI_Cen_Ves_1_2014-07-26.masked.sync.gz,5c95fbc98cca73cf13d13a86077cbf17
http://berglandlab.uvadcos.io/dest_mapped/DESTv1/FI_Cen_Ves_1_2014-07-26/FI_Cen_Ves_1_2014-07-26.masked.sync.gz.tbi,e0b910fbb33a03523417bc20d6b8bfe0
http://berglandlab.uvadcos.io/dest_mapped/DESTv1/FI_Cen_Ves_1_2016-07-29/FI_Cen_Ves_1_2016-07-29.masked.sync.gz,e6e43b7910b4c684a60e991bcf78c6bd
http://berglandlab.uvadcos.io/dest_mapped/DESTv1/FI_Cen_Ves_1_2016-07-29/FI_Cen_Ves_1_2016-07-29.masked.sync.gz.tbi,6ad75801d756e3283f28412d1ee5cd75
http://berglandlab.uvadcos.io/dest_mapped/DESTv1/US_Flo_Hom_1_2010-12-16/US_Flo_Hom_1_2010-12-16.masked.sync.gz,f598dc985afd2104bfdec761718c13a2
http://berglandlab.uvadcos.io/dest_mapped/DESTv1/US_Flo_Hom_1_2010-12-16/US_Flo_Hom_1_2010-12-16.masked.sync.gz.tbi,ba9e3e03a62bc85c4649c7c70fc64038
http://berglandlab.uvadcos.io/dest_mapped/DESTv1/US_Flo_Hom_1_2010-07-15/US_Flo_Hom_1_2010-07-15.masked.sync.gz,44c8ff5394f3510af26ced09ef968b9a
http://berglandlab.uvadcos.io/dest_mapped/DESTv1/US_Flo_Hom_1_2010-07-15/US_Flo_Hom_1_2010-07-15.masked.sync.gz.tbi,dbe1257e293518409461ca7fa355bad1
http://berglandlab.uvadcos.io/dest_mapped/DESTv1/FR_Dro_Got_1_2014-07-08/FR_Dro_Got_1_2014-07-08.masked.sync.gz,d7337003888a31ee505d4a046c7a9c60
http://berglandlab.uvadcos.io/dest_mapped/DESTv1/FR_Dro_Got_1_2014-07-08/FR_Dro_Got_1_2014-07-08.masked.sync.gz.tbi,5401b2a0868c369cb5f5efc040f38e70
http://berglandlab.uvadcos.io/dest_mapped/DESTv1/FR_Dro_Got_1_2015-05-21/FR_Dro_Got_1_2015-05-21.masked.sync.gz,24785b949aa700d0d272d3a06f1cecef
http://berglandlab.uvadcos.io/dest_mapped/DESTv1/FR_Dro_Got_1_2015-05-21/FR_Dro_Got_1_2015-05-21.masked.sync.gz.tbi,31350bc096b7da6e54d258ec91d66181
http://berglandlab.uvadcos.io/dest_mapped/DESTv1/FR_Dro_Got_1_2015-09-09/FR_Dro_Got_1_2015-09-09.masked.sync.gz,9389ad750daf2376e94a351fc7c3a64b
http://berglandlab.uvadcos.io/dest_mapped/DESTv1/FR_Dro_Got_1_2015-09-09/FR_Dro_Got_1_2015-09-09.masked.sync.gz.tbi,b74ddeadc5a9b0e4817c420a383b8a2f
http://berglandlab.uvadcos.io/dest_mapped/DESTv1/FR_Dro_Got_1_2015-10-13/FR_Dro_Got_1_2015-10-13.masked.sync.gz,e80b345f425355a6c6e9a4ee5f1a535f
http://berglandlab.uvadcos.io/dest_mapped/DESTv1/FR_Dro_Got_1_2015-10-13/FR_Dro_Got_1_2015-10-13.masked.sync.gz.tbi,ccffa4c9b3f8af9a485fa4cd9478b011
http://berglandlab.uvadcos.io/dest_mapped/DESTv1/FR_Dro_Got_1_2016-06-13/FR_Dro_Got_1_2016-06-13.masked.sync.gz,938f871c351c5f3315666bda69e868c3
http://berglandlab.uvadcos.io/dest_mapped/DESTv1/FR_Dro_Got_1_2016-06-13/FR_Dro_Got_1_2016-06-13.masked.sync.gz.tbi,fbad9f29edbf1586e97517a18132cf4c
http://berglandlab.uvadcos.io/dest_mapped/DESTv1/FR_Ess_Vil_1_2014-08-18/FR_Ess_Vil_1_2014-08-18.masked.sync.gz,b57a2446cd90968be4458c335a641dd8
http://berglandlab.uvadcos.io/dest_mapped/DESTv1/FR_Ess_Vil_1_2014-08-18/FR_Ess_Vil_1_2014-08-18.masked.sync.gz.tbi,a9dd1655799014a7824aa5d251092c5c
http://berglandlab.uvadcos.io/dest_mapped/DESTv1/FR_Ess_Vil_1_2014-10-27/FR_Ess_Vil_1_2014-10-27.masked.sync.gz,3fb5d7dd8a8b1626810f0007f581eb9f
http://berglandlab.uvadcos.io/dest_mapped/DESTv1/FR_Ess_Vil_1_2014-10-27/FR_Ess_Vil_1_2014-10-27.masked.sync.gz.tbi,7d563dc752f27c60acd8723c415914a2
http://berglandlab.uvadcos.io/dest_mapped/DESTv1/FR_Ess_Vil_1_2015-08-10/FR_Ess_Vil_1_2015-08-10.masked.sync.gz,b6096164ab5d544de1de1e18b65be8ea
http://berglandlab.uvadcos.io/dest_mapped/DESTv1/FR_Ess_Vil_1_2015-08-10/FR_Ess_Vil_1_2015-08-10.masked.sync.gz.tbi,dee2eaac6d841699fa3ea39c5d0b6781
http://berglandlab.uvadcos.io/dest_mapped/DESTv1/FR_Ess_Vil_1_2015-10-14/FR_Ess_Vil_1_2015-10-14.masked.sync.gz,c058d0fec4866c0a0ea3280badba3c01
http://berglandlab.uvadcos.io/dest_mapped/DESTv1/FR_Ess_Vil_1_2015-10-14/FR_Ess_Vil_1_2015-10-14.masked.sync.gz.tbi,87e0439d1895f310214755f1ccc3b38d
http://berglandlab.uvadcos.io/dest_mapped/DESTv1/FR_Ess_Vil_1_2016-08-12/FR_Ess_Vil_1_2016-08-12.masked.sync.gz,c1ea39101e129105ce3149fb001bb505
http://berglandlab.uvadcos.io/dest_mapped/DESTv1/FR_Ess_Vil_1_2016-08-12/FR_Ess_Vil_1_2016-08-12.masked.sync.gz.tbi,e65b29136f50dbbee8da7bdcba009bbc
http://berglandlab.uvadcos.io/dest_mapped/DESTv1/US_Geo_Ath_1_2014-10-15/US_Geo_Ath_1_2014-10-15.masked.sync.gz,7d4e1625d5e679268dcc4d744e3c41f9
http://berglandlab.uvadcos.io/dest_mapped/DESTv1/US_Geo_Ath_1_2014-10-15/US_Geo_Ath_1_2014-10-15.masked.sync.gz.tbi,e034622ec575bef4fe2e59430ec695cf
http://berglandlab.uvadcos.io/dest_mapped/DESTv1/US_Geo_Ath_1_2014-06-17/US_Geo_Ath_1_2014-06-17.masked.sync.gz,5cf2d3713b00044686aaa7a9a1159e91
http://berglandlab.uvadcos.io/dest_mapped/DESTv1/US_Geo_Ath_1_2014-06-17/US_Geo_Ath_1_2014-06-17.masked.sync.gz.tbi,bcf88cc5bc5c77a0bafc3e2d7bc6c251
http://berglandlab.uvadcos.io/dest_mapped/DESTv1/US_Geo_Hah_1_2008-07-16/US_Geo_Hah_1_2008-07-16.masked.sync.gz,dc54b6252388c9e3cc79ad6aeeb07ebb
http://berglandlab.uvadcos.io/dest_mapped/DESTv1/US_Geo_Hah_1_2008-07-16/US_Geo_Hah_1_2008-07-16.masked.sync.gz.tbi,cc868852465d10a95d90ab10ca4d1a57
http://berglandlab.uvadcos.io/dest_mapped/DESTv1/FR_Gua_Des_1_2015-12-16/FR_Gua_Des_1_2015-12-16.masked.sync.gz,d9f94a490710a5dd1d9d7e13191b09a0
http://berglandlab.uvadcos.io/dest_mapped/DESTv1/FR_Gua_Des_1_2015-12-16/FR_Gua_Des_1_2015-12-16.masked.sync.gz.tbi,1b60bf4e322548c52a6a7d5cd7a784e7
http://berglandlab.uvadcos.io/dest_mapped/DESTv1/FR_Gua_Sai_1_2015-12-23/FR_Gua_Sai_1_2015-12-23.masked.sync.gz,1812b30fa615c20808658776f6d0ba77
http://berglandlab.uvadcos.io/dest_mapped/DESTv1/FR_Gua_Sai_1_2015-12-23/FR_Gua_Sai_1_2015-12-23.masked.sync.gz.tbi,2f901c54da8778d6b89575566ea08dca
http://berglandlab.uvadcos.io/dest_mapped/DESTv1/HU_Sze_Sze_1_2016-08-28/HU_Sze_Sze_1_2016-08-28.masked.sync.gz,8f011c1f7fcd584b1e706a7836faaa5c
http://berglandlab.uvadcos.io/dest_mapped/DESTv1/HU_Sze_Sze_1_2016-08-28/HU_Sze_Sze_1_2016-08-28.masked.sync.gz.tbi,fea5f3484e08efeb6ec6bac99093575e
http://berglandlab.uvadcos.io/dest_mapped/DESTv1/US_Ill_Urb_1_2015-07-11/US_Ill_Urb_1_2015-07-11.masked.sync.gz,ab64ba62e4a6dd86aebfb7807bb7c2f1
http://berglandlab.uvadcos.io/dest_mapped/DESTv1/US_Ill_Urb_1_2015-07-11/US_Ill_Urb_1_2015-07-11.masked.sync.gz.tbi,44b6b9ea43f8ea1a1d49039fb36b3794
http://berglandlab.uvadcos.io/dest_mapped/DESTv1/IT_Tre_San_1_2015-09-29/IT_Tre_San_1_2015-09-29.masked.sync.gz,b89c9a3682050a2f1724dd8c0e82467b
http://berglandlab.uvadcos.io/dest_mapped/DESTv1/IT_Tre_San_1_2015-09-29/IT_Tre_San_1_2015-09-29.masked.sync.gz.tbi,37e1b78d104f1e5992d78373cea369f6
http://berglandlab.uvadcos.io/dest_mapped/DESTv1/IT_Tre_San_1_2015-10-10/IT_Tre_San_1_2015-10-10.masked.sync.gz,6a370acd5906aa4230a9ec41ba48f0e9
http://berglandlab.uvadcos.io/dest_mapped/DESTv1/IT_Tre_San_1_2015-10-10/IT_Tre_San_1_2015-10-10.masked.sync.gz.tbi,2d5ee9ba6939cc1ed481b9664a8090f1
http://berglandlab.uvadcos.io/dest_mapped/DESTv1/IT_Tre_Tre_1_2016-08-24/IT_Tre_Tre_1_2016-08-24.masked.sync.gz,67df5fcad17ec7e4aa5690458fda88cd
http://berglandlab.uvadcos.io/dest_mapped/DESTv1/IT_Tre_Tre_1_2016-08-24/IT_Tre_Tre_1_2016-08-24.masked.sync.gz.tbi,5251105e314afd0e6dc80c8d6fc9a8a8
http://berglandlab.uvadcos.io/dest_mapped/DESTv1/US_Kan_Top_1_2014-10-22/US_Kan_Top_1_2014-10-22.masked.sync.gz,ff17287fc56ad92ec7c8aab2a4796284
http://berglandlab.uvadcos.io/dest_mapped/DESTv1/US_Kan_Top_1_2014-10-22/US_Kan_Top_1_2014-10-22.masked.sync.gz.tbi,793dca3e8a2af6e048429b2793768b70
http://berglandlab.uvadcos.io/dest_mapped/DESTv1/US_Kan_Top_1_2014-06-22/US_Kan_Top_1_2014-06-22.masked.sync.gz,aec498e16ca41ffbe76bccc762c1cb40
http://berglandlab.uvadcos.io/dest_mapped/DESTv1/US_Kan_Top_1_2014-06-22/US_Kan_Top_1_2014-06-22.masked.sync.gz.tbi,21a8279665844e5622081a5bab885987
http://berglandlab.uvadcos.io/dest_mapped/DESTv1/US_Mas_Lan_1_2012-10-02/US_Mas_Lan_1_2012-10-02.masked.sync.gz,02e80ce066339f1eb64a9e0a7e0d013c
http://berglandlab.uvadcos.io/dest_mapped/DESTv1/US_Mas_Lan_1_2012-10-02/US_Mas_Lan_1_2012-10-02.masked.sync.gz.tbi,7c0ac33f4d64f149bc3c9c3119bb3be2
http://berglandlab.uvadcos.io/dest_mapped/DESTv1/US_Mas_Lan_1_2012-07-28/US_Mas_Lan_1_2012-07-28.masked.sync.gz,37866e47186ce0c885383c4f5133d20e
http://berglandlab.uvadcos.io/dest_mapped/DESTv1/US_Mas_Lan_1_2012-07-28/US_Mas_Lan_1_2012-07-28.masked.sync.gz.tbi,3734c8e5f0a8d2e3af16b2c1f6e4179f
http://berglandlab.uvadcos.io/dest_mapped/DESTv1/US_Mas_Lan_1_2014-10-20/US_Mas_Lan_1_2014-10-20.masked.sync.gz,fd0629fe5f54cd193ae8971b5c3b9fbb
http://berglandlab.uvadcos.io/dest_mapped/DESTv1/US_Mas_Lan_1_2014-10-20/US_Mas_Lan_1_2014-10-20.masked.sync.gz.tbi,edaae97114a94fd394ffcc38d0c5aff9
http://berglandlab.uvadcos.io/dest_mapped/DESTv1/US_Mas_Lan_1_2014-07-20/US_Mas_Lan_1_2014-07-20.masked.sync.gz,9d597ced194e926cda910f9066dff410
http://berglandlab.uvadcos.io/dest_mapped/DESTv1/US_Mas_Lan_1_2014-07-20/US_Mas_Lan_1_2014-07-20.masked.sync.gz.tbi,5d05e500421082c7f995571385185734
http://berglandlab.uvadcos.io/dest_mapped/DESTv1/US_Mai_Bow_1_2009-10-15/US_Mai_Bow_1_2009-10-15.masked.sync.gz,34364db01686913902dc2715eac2e2d6
http://berglandlab.uvadcos.io/dest_mapped/DESTv1/US_Mai_Bow_1_2009-10-15/US_Mai_Bow_1_2009-10-15.masked.sync.gz.tbi,bb5d1f1a2a73fc52c59afdf441631173
http://berglandlab.uvadcos.io/dest_mapped/DESTv1/US_Mai_Bow_2_2009-10-15/US_Mai_Bow_2_2009-10-15.masked.sync.gz,3f59ea7a68bd786506a8073677e65c8b
http://berglandlab.uvadcos.io/dest_mapped/DESTv1/US_Mai_Bow_2_2009-10-15/US_Mai_Bow_2_2009-10-15.masked.sync.gz.tbi,c4efef579e97e07b68a307087dd578a2
http://berglandlab.uvadcos.io/dest_mapped/DESTv1/US_Mic_Ben_1_2014-11-05/US_Mic_Ben_1_2014-11-05.masked.sync.gz,b5b6c4b87131ebd0db66858d583b2b47
http://berglandlab.uvadcos.io/dest_mapped/DESTv1/US_Mic_Ben_1_2014-11-05/US_Mic_Ben_1_2014-11-05.masked.sync.gz.tbi,2340a942e8e3ec348943ffc10f92446d
http://berglandlab.uvadcos.io/dest_mapped/DESTv1/US_Mic_Ben_1_2014-07-26/US_Mic_Ben_1_2014-07-26.masked.sync.gz,b6622261956cc1cb3d28de8ab55dcab4
http://berglandlab.uvadcos.io/dest_mapped/DESTv1/US_Mic_Ben_1_2014-07-26/US_Mic_Ben_1_2014-07-26.masked.sync.gz.tbi,7e16d82fe721f3df7561c820bffc64da
http://berglandlab.uvadcos.io/dest_mapped/DESTv1/US_Nor_Ral_2_2003-07-01/US_Nor_Ral_2_2003-07-01.masked.sync.gz,823bcb2ebe44967653a000c56922b1af
http://berglandlab.uvadcos.io/dest_mapped/DESTv1/US_Nor_Ral_2_2003-07-01/US_Nor_Ral_2_2003-07-01.masked.sync.gz.tbi,7609b0d6f25fd1f95e8f0572068c01ac
http://berglandlab.uvadcos.io/dest_mapped/DESTv1/US_New_Ith_1_2012-09-23/US_New_Ith_1_2012-09-23.masked.sync.gz,411ab78eaac3e0a14c708089fa26cb0e
http://berglandlab.uvadcos.io/dest_mapped/DESTv1/US_New_Ith_1_2012-09-23/US_New_Ith_1_2012-09-23.masked.sync.gz.tbi,1aff0ef8a3185105b40b21d3db302b62
http://berglandlab.uvadcos.io/dest_mapped/DESTv1/US_New_Ith_1_2012-07-25/US_New_Ith_1_2012-07-25.masked.sync.gz,c1903378a0333d8d361e42ac9f302c87
http://berglandlab.uvadcos.io/dest_mapped/DESTv1/US_New_Ith_1_2012-07-25/US_New_Ith_1_2012-07-25.masked.sync.gz.tbi,c4ac1541d1c4de8fc18ef2cb996b206e
http://berglandlab.uvadcos.io/dest_mapped/DESTv1/CA_Ont_Sud_1_2015-09-30/CA_Ont_Sud_1_2015-09-30.masked.sync.gz,d8cdfab4c603f805542e636df15d5ee1
http://berglandlab.uvadcos.io/dest_mapped/DESTv1/CA_Ont_Sud_1_2015-09-30/CA_Ont_Sud_1_2015-09-30.masked.sync.gz.tbi,313e8935a4aaa07dfa55ac7c78592261
http://berglandlab.uvadcos.io/dest_mapped/DESTv1/CA_Ont_Sud_1_2015-08-03/CA_Ont_Sud_1_2015-08-03.masked.sync.gz,cf9ec1b353d13da1f57e5af7ff9049ce
http://berglandlab.uvadcos.io/dest_mapped/DESTv1/CA_Ont_Sud_1_2015-08-03/CA_Ont_Sud_1_2015-08-03.masked.sync.gz.tbi,c42e56484ff155b773c19fef9484beb7
http://berglandlab.uvadcos.io/dest_mapped/DESTv1/US_Pen_Lin_1_2009-11-16/US_Pen_Lin_1_2009-11-16.masked.sync.gz,e275119d021bb7db89fa10b6a65effc9
http://berglandlab.uvadcos.io/dest_mapped/DESTv1/US_Pen_Lin_1_2009-11-16/US_Pen_Lin_1_2009-11-16.masked.sync.gz.tbi,1fcccaaa6a7dc856e46a448e55ce349e
http://berglandlab.uvadcos.io/dest_mapped/DESTv1/US_Pen_Lin_1_2009-07-15/US_Pen_Lin_1_2009-07-15.masked.sync.gz,78c5dd377c30a5bc3756b524435f93e7
http://berglandlab.uvadcos.io/dest_mapped/DESTv1/US_Pen_Lin_1_2009-07-15/US_Pen_Lin_1_2009-07-15.masked.sync.gz.tbi,3989d6da23d527270f7bc2a0d8c4569d
http://berglandlab.uvadcos.io/dest_mapped/DESTv1/US_Pen_Lin_1_2010-11-16/US_Pen_Lin_1_2010-11-16.masked.sync.gz,95a30e0a6eaab62f17924a3308c4ef8a
http://berglandlab.uvadcos.io/dest_mapped/DESTv1/US_Pen_Lin_1_2010-11-16/US_Pen_Lin_1_2010-11-16.masked.sync.gz.tbi,ef55b90a4c2ac73c60b07156cb163460
http://berglandlab.uvadcos.io/dest_mapped/DESTv1/US_Pen_Lin_1_2010-07-15/US_Pen_Lin_1_2010-07-15.masked.sync.gz,cac6e8be0bd4ad78c0da7306c89660a6
http://berglandlab.uvadcos.io/dest_mapped/DESTv1/US_Pen_Lin_1_2010-07-15/US_Pen_Lin_1_2010-07-15.masked.sync.gz.tbi,ff986803d3e44d2d70e3f36441665951
http://berglandlab.uvadcos.io/dest_mapped/DESTv1/US_Pen_Lin_1_2011-10-15/US_Pen_Lin_1_2011-10-15.masked.sync.gz,25fe283488f5f87c2ecbed4bb1d06876
http://berglandlab.uvadcos.io/dest_mapped/DESTv1/US_Pen_Lin_1_2011-10-15/US_Pen_Lin_1_2011-10-15.masked.sync.gz.tbi,b7c425b932a5937ddd95414b5865dcb1
http://berglandlab.uvadcos.io/dest_mapped/DESTv1/US_Pen_Lin_1_2011-11-16/US_Pen_Lin_1_2011-11-16.masked.sync.gz,e5335ed05d433bccdf5737e550483e6a
http://berglandlab.uvadcos.io/dest_mapped/DESTv1/US_Pen_Lin_1_2011-11-16/US_Pen_Lin_1_2011-11-16.masked.sync.gz.tbi,3b637e315ad32a6bf6fb64405aac044f
http://berglandlab.uvadcos.io/dest_mapped/DESTv1/US_Pen_Lin_1_2011-07-15/US_Pen_Lin_1_2011-07-15.masked.sync.gz,ea1fa80d0d558bd599060b061e6108a8
http://berglandlab.uvadcos.io/dest_mapped/DESTv1/US_Pen_Lin_1_2011-07-15/US_Pen_Lin_1_2011-07-15.masked.sync.gz.tbi,1587284c02cb40739beb24d2ad6725b9
http://berglandlab.uvadcos.io/dest_mapped/DESTv1/US_Pen_Lin_1_2012-10-10/US_Pen_Lin_1_2012-10-10.masked.sync.gz,0aac517e2692327299d829bb4654544d
http://berglandlab.uvadcos.io/dest_mapped/DESTv1/US_Pen_Lin_1_2012-10-10/US_Pen_Lin_1_2012-10-10.masked.sync.gz.tbi,95968b923dede8404ee1324d36d6e379
http://berglandlab.uvadcos.io/dest_mapped/DESTv1/US_Pen_Lin_1_2012-07-16/US_Pen_Lin_1_2012-07-16.masked.sync.gz,137712f6b3684b425cef8ebb4fe00ee4
http://berglandlab.uvadcos.io/dest_mapped/DESTv1/US_Pen_Lin_1_2012-07-16/US_Pen_Lin_1_2012-07-16.masked.sync.gz.tbi,1d7642a42a5ed1d33ddad197d8a6c587
http://berglandlab.uvadcos.io/dest_mapped/DESTv1/US_Pen_Lin_1_2012-09-13/US_Pen_Lin_1_2012-09-13.masked.sync.gz,b7c8a294c381da2db97cb1ad3b17fd21
http://berglandlab.uvadcos.io/dest_mapped/DESTv1/US_Pen_Lin_1_2012-09-13/US_Pen_Lin_1_2012-09-13.masked.sync.gz.tbi,ec08c05919ef941057a552b640d29a3f
http://berglandlab.uvadcos.io/dest_mapped/DESTv1/US_Pen_Lin_1_2013-06-15/US_Pen_Lin_1_2013-06-15.masked.sync.gz,2eb814986a8a13037d0ff82f46575771
http://berglandlab.uvadcos.io/dest_mapped/DESTv1/US_Pen_Lin_1_2013-06-15/US_Pen_Lin_1_2013-06-15.masked.sync.gz.tbi,a9f36a9aa88b351b3d573db98d48c067
http://berglandlab.uvadcos.io/dest_mapped/DESTv1/US_Pen_Lin_1_2014-10-17/US_Pen_Lin_1_2014-10-17.masked.sync.gz,a34f59c097cfdf2e014f377ad7ca26ce
http://berglandlab.uvadcos.io/dest_mapped/DESTv1/US_Pen_Lin_1_2014-10-17/US_Pen_Lin_1_2014-10-17.masked.sync.gz.tbi,ce7d799061820c28cbd9611ea16f5c16
http://berglandlab.uvadcos.io/dest_mapped/DESTv1/US_Pen_Lin_1_2014-06-27/US_Pen_Lin_1_2014-06-27.masked.sync.gz,fefa6d19299c76de5a414fcacd87db7e
http://berglandlab.uvadcos.io/dest_mapped/DESTv1/US_Pen_Lin_1_2014-06-27/US_Pen_Lin_1_2014-06-27.masked.sync.gz.tbi,ad2f82190cfdb175bebc4c1cdedf5d5d
http://berglandlab.uvadcos.io/dest_mapped/DESTv1/US_Pen_Lin_1_2015-10-15/US_Pen_Lin_1_2015-10-15.masked.sync.gz,403c0963e82de6a3503ef60c7e67bdb2
http://berglandlab.uvadcos.io/dest_mapped/DESTv1/US_Pen_Lin_1_2015-10-15/US_Pen_Lin_1_2015-10-15.masked.sync.gz.tbi,88f18ad676f002369c9fcd0a8417042b
http://berglandlab.uvadcos.io/dest_mapped/DESTv1/US_Pen_Lin_1_2015-07-15/US_Pen_Lin_1_2015-07-15.masked.sync.gz,ae617f208f5f6f6cb284479677b5bb82
http://berglandlab.uvadcos.io/dest_mapped/DESTv1/US_Pen_Lin_1_2015-07-15/US_Pen_Lin_1_2015-07-15.masked.sync.gz.tbi,9f5f94da5002da9845956a9bccc7e54f
http://berglandlab.uvadcos.io/dest_mapped/DESTv1/US_Pen_Sta_1_2014-10-16/US_Pen_Sta_1_2014-10-16.masked.sync.gz,88677eab00a9b5d393905e4c3bed8bc6
http://berglandlab.uvadcos.io/dest_mapped/DESTv1/US_Pen_Sta_1_2014-10-16/US_Pen_Sta_1_2014-10-16.masked.sync.gz.tbi,3ff757c6522b803cfdbbf3d0db11abed
http://berglandlab.uvadcos.io/dest_mapped/DESTv1/US_Pen_Sta_1_2014-06-18/US_Pen_Sta_1_2014-06-18.masked.sync.gz,5972898ee4442ea95fdc654c05fabfce
http://berglandlab.uvadcos.io/dest_mapped/DESTv1/US_Pen_Sta_1_2014-06-18/US_Pen_Sta_1_2014-06-18.masked.sync.gz.tbi,3f2a3e84f1226008f6b9d6e779446929
http://berglandlab.uvadcos.io/dest_mapped/DESTv1/US_Pen_Sta_1_2015-07-18/US_Pen_Sta_1_2015-07-18.masked.sync.gz,55003824da3230136b132af34b977d02
http://berglandlab.uvadcos.io/dest_mapped/DESTv1/US_Pen_Sta_1_2015-07-18/US_Pen_Sta_1_2015-07-18.masked.sync.gz.tbi,730165c17e28b74accf297437226d633
http://berglandlab.uvadcos.io/dest_mapped/DESTv1/PL_War_Brz_1_2015-09-28/PL_War_Brz_1_2015-09-28.masked.sync.gz,932c03d2e9c6afc0e91fb1142c3734a0
http://berglandlab.uvadcos.io/dest_mapped/DESTv1/PL_War_Brz_1_2015-09-28/PL_War_Brz_1_2015-09-28.masked.sync.gz.tbi,00c9539191750c17f0a5cea13853b74f
http://berglandlab.uvadcos.io/dest_mapped/DESTv1/PL_War_Brz_1_2016-08-08/PL_War_Brz_1_2016-08-08.masked.sync.gz,ce7af48f23eb5724dde7bf84f619b0ce
http://berglandlab.uvadcos.io/dest_mapped/DESTv1/PL_War_Brz_1_2016-08-08/PL_War_Brz_1_2016-08-08.masked.sync.gz.tbi,dcfcceebbc11b358ef8615f53961fc87
http://berglandlab.uvadcos.io/dest_mapped/DESTv1/PL_Pom_Gda_1_2016-08-01/PL_Pom_Gda_1_2016-08-01.masked.sync.gz,4bd7e4d052753c39c54db4e2770926f9
http://berglandlab.uvadcos.io/dest_mapped/DESTv1/PL_Pom_Gda_1_2016-08-01/PL_Pom_Gda_1_2016-08-01.masked.sync.gz.tbi,608482494feb6965c308c19cab2b19d0
http://berglandlab.uvadcos.io/dest_mapped/DESTv1/PT_Por_Rec_1_2014-09-26/PT_Por_Rec_1_2014-09-26.masked.sync.gz,910b75a0b8c3fb3b8fe8c14192f2dff9
http://berglandlab.uvadcos.io/dest_mapped/DESTv1/PT_Por_Rec_1_2014-09-26/PT_Por_Rec_1_2014-09-26.masked.sync.gz.tbi,22085f0cde211610f9cea586f3a79d98
http://berglandlab.uvadcos.io/dest_mapped/DESTv1/PT_Por_Rec_1_2015-09-01/PT_Por_Rec_1_2015-09-01.masked.sync.gz,5344cdd226e6dcacd0b76552867c6030
http://berglandlab.uvadcos.io/dest_mapped/DESTv1/PT_Por_Rec_1_2015-09-01/PT_Por_Rec_1_2015-09-01.masked.sync.gz.tbi,96363a96daf5eff733526883ac875737
http://berglandlab.uvadcos.io/dest_mapped/DESTv1/PT_Por_Rec_1_2016-10-01/PT_Por_Rec_1_2016-10-01.masked.sync.gz,4e18bc328f464ecce4b0a4eda8f4a409
http://berglandlab.uvadcos.io/dest_mapped/DESTv1/PT_Por_Rec_1_2016-10-01/PT_Por_Rec_1_2016-10-01.masked.sync.gz.tbi,bdfea341d2668d1ce4461d906e814e1a
http://berglandlab.uvadcos.io/dest_mapped/DESTv1/RS_Zaj_Kal_1_2016-06-30/RS_Zaj_Kal_1_2016-06-30.masked.sync.gz,45eef3e592b3e80447be177e7cd6bc23
http://berglandlab.uvadcos.io/dest_mapped/DESTv1/RS_Zaj_Kal_1_2016-06-30/RS_Zaj_Kal_1_2016-06-30.masked.sync.gz.tbi,86d23221566cb183307bd10f63205ef5
http://berglandlab.uvadcos.io/dest_mapped/DESTv1/RS_Zaj_Kal_1_2016-09-13/RS_Zaj_Kal_1_2016-09-13.masked.sync.gz,f0d6155ef474d6ce3341f42a4b29254e
http://berglandlab.uvadcos.io/dest_mapped/DESTv1/RS_Zaj_Kal_1_2016-09-13/RS_Zaj_Kal_1_2016-09-13.masked.sync.gz.tbi,ca8ff23746df8a15466c19d2c52bc34f
http://berglandlab.uvadcos.io/dest_mapped/DESTv1/RS_Sre_Sla_1_2016-06-18/RS_Sre_Sla_1_2016-06-18.masked.sync.gz,b2035a95e1befc425ed35d0cf819782a
http://berglandlab.uvadcos.io/dest_mapped/DESTv1/RS_Sre_Sla_1_2016-06-18/RS_Sre_Sla_1_2016-06-18.masked.sync.gz.tbi,625f2001e77ada3431fa8f480dc7ae88
http://berglandlab.uvadcos.io/dest_mapped/DESTv1/RS_Sre_Sla_1_2016-09-09/RS_Sre_Sla_1_2016-09-09.masked.sync.gz,e8aeebcc670001669c61366dd7fe41f1
http://berglandlab.uvadcos.io/dest_mapped/DESTv1/RS_Sre_Sla_1_2016-09-09/RS_Sre_Sla_1_2016-09-09.masked.sync.gz.tbi,3d925788f48e26f167b239b03a1c8a62
http://berglandlab.uvadcos.io/dest_mapped/DESTv1/RU_Vla_Ale_1_2015-09-15/RU_Vla_Ale_1_2015-09-15.masked.sync.gz,ae5a56aeac4dd2dc15acc78415ef892e
http://berglandlab.uvadcos.io/dest_mapped/DESTv1/RU_Vla_Ale_1_2015-09-15/RU_Vla_Ale_1_2015-09-15.masked.sync.gz.tbi,d21628b865d0aeecfa7f712858e71bcc
http://berglandlab.uvadcos.io/dest_mapped/DESTv1/RU_Vla_Ale_1_2016-10-15/RU_Vla_Ale_1_2016-10-15.masked.sync.gz,b192b08c81e8134b6c806124584ce2a3
http://berglandlab.uvadcos.io/dest_mapped/DESTv1/RU_Vla_Ale_1_2016-10-15/RU_Vla_Ale_1_2016-10-15.masked.sync.gz.tbi,128036d4bac46697fbd31f148506b476
http://berglandlab.uvadcos.io/dest_mapped/DESTv1/RU_Nov_Val_1_2014-08-17/RU_Nov_Val_1_2014-08-17.masked.sync.gz,3ae936dc3e09d76bb5ab7b07f28a180c
http://berglandlab.uvadcos.io/dest_mapped/DESTv1/RU_Nov_Val_1_2014-08-17/RU_Nov_Val_1_2014-08-17.masked.sync.gz.tbi,a8b17636993eb6ed1bd0fdc8d2698e3e
http://berglandlab.uvadcos.io/dest_mapped/DESTv1/RU_Nov_Val_1_2016-08-23/RU_Nov_Val_1_2016-08-23.masked.sync.gz,1aa051e25c7220e2d0b88ee5e95065ca
http://berglandlab.uvadcos.io/dest_mapped/DESTv1/RU_Nov_Val_1_2016-08-23/RU_Nov_Val_1_2016-08-23.masked.sync.gz.tbi,bc7bcc1e289c909e9edfd3909872cee4
http://berglandlab.uvadcos.io/dest_mapped/DESTv1/RU_Nov_Val_1_2016-09-29/RU_Nov_Val_1_2016-09-29.masked.sync.gz,5653bf6ecae1943431178466ec4459fd
http://berglandlab.uvadcos.io/dest_mapped/DESTv1/RU_Nov_Val_1_2016-09-29/RU_Nov_Val_1_2016-09-29.masked.sync.gz.tbi,c2225a0fe7daa789ced38ffd226fb834
http://berglandlab.uvadcos.io/dest_mapped/DESTv1/RU_Nov_Val_1_2016-10-24/RU_Nov_Val_1_2016-10-24.masked.sync.gz,6a161bbf2798560e47c9a620371c0cb9
http://berglandlab.uvadcos.io/dest_mapped/DESTv1/RU_Nov_Val_1_2016-10-24/RU_Nov_Val_1_2016-10-24.masked.sync.gz.tbi,272ff76546d64773b401d52079d1b890
http://berglandlab.uvadcos.io/dest_mapped/DESTv1/RU_Tul_Tul_1_2015-09-20/RU_Tul_Tul_1_2015-09-20.masked.sync.gz,82d04a1a7c3af5698b5bd4b41e9d2e2b
http://berglandlab.uvadcos.io/dest_mapped/DESTv1/RU_Tul_Tul_1_2015-09-20/RU_Tul_Tul_1_2015-09-20.masked.sync.gz.tbi,e6343fa3e9f30fdade49be229a0dc491
http://berglandlab.uvadcos.io/dest_mapped/DESTv1/RU_Nov_Val_1_2015-08-23/RU_Nov_Val_1_2015-08-23.masked.sync.gz,e4cf15c7a121ca20334f8ef1d743871d
http://berglandlab.uvadcos.io/dest_mapped/DESTv1/RU_Nov_Val_1_2015-08-23/RU_Nov_Val_1_2015-08-23.masked.sync.gz.tbi,f23f71c59f8ffdff95bb8e8dcb058ec3
http://berglandlab.uvadcos.io/dest_mapped/DESTv1/RU_Nov_Val_1_2015-10-05/RU_Nov_Val_1_2015-10-05.masked.sync.gz,bc60fea0525a514074b560a068808ade
http://berglandlab.uvadcos.io/dest_mapped/DESTv1/RU_Nov_Val_1_2015-10-05/RU_Nov_Val_1_2015-10-05.masked.sync.gz.tbi,a3550da42d66dc61e8874363630543c1
http://berglandlab.uvadcos.io/dest_mapped/DESTv1/US_Sou_Eut_1_2010-07-15/US_Sou_Eut_1_2010-07-15.masked.sync.gz,3f7cebbd3d843e414c2f1a797c8dfd46
http://berglandlab.uvadcos.io/dest_mapped/DESTv1/US_Sou_Eut_1_2010-07-15/US_Sou_Eut_1_2010-07-15.masked.sync.gz.tbi,3cc3831f31971bc3a668e6068516711e
http://berglandlab.uvadcos.io/dest_mapped/DESTv1/SE_Ska_Lun_1_2014-07-31/SE_Ska_Lun_1_2014-07-31.masked.sync.gz,9ba44aab0050d5e4f8a9cb96426c8990
http://berglandlab.uvadcos.io/dest_mapped/DESTv1/SE_Ska_Lun_1_2014-07-31/SE_Ska_Lun_1_2014-07-31.masked.sync.gz.tbi,a3c45a8df607200da17e636b90852350
http://berglandlab.uvadcos.io/dest_mapped/DESTv1/SE_Ska_Lun_1_2015-08-24/SE_Ska_Lun_1_2015-08-24.masked.sync.gz,b181d9442b1416fd2e5b7fdf7c796034
http://berglandlab.uvadcos.io/dest_mapped/DESTv1/SE_Ska_Lun_1_2015-08-24/SE_Ska_Lun_1_2015-08-24.masked.sync.gz.tbi,4621ae503f07a14e48da993701db4aee
http://berglandlab.uvadcos.io/dest_mapped/DESTv1/SE_Ska_Lun_1_2015-08-08/SE_Ska_Lun_1_2015-08-08.masked.sync.gz,410cc7bf8ce200023325f115470e43a7
http://berglandlab.uvadcos.io/dest_mapped/DESTv1/SE_Ska_Lun_1_2015-08-08/SE_Ska_Lun_1_2015-08-08.masked.sync.gz.tbi,fcbfd22f391e697407ef8f4ae7daaeed
http://berglandlab.uvadcos.io/dest_mapped/DESTv1/TR_Ank_Yes_1_2014-08-31/TR_Ank_Yes_1_2014-08-31.masked.sync.gz,b2f438f0679a1af1c32d229a732b3938
http://berglandlab.uvadcos.io/dest_mapped/DESTv1/TR_Ank_Yes_1_2014-08-31/TR_Ank_Yes_1_2014-08-31.masked.sync.gz.tbi,b68dc8ffef8c1f6c81950ddab83a3e2b
http://berglandlab.uvadcos.io/dest_mapped/DESTv1/TR_Ank_Yes_1_2014-10-23/TR_Ank_Yes_1_2014-10-23.masked.sync.gz,e81aec73200a9e4dadf9c68eb5d7444d
http://berglandlab.uvadcos.io/dest_mapped/DESTv1/TR_Ank_Yes_1_2014-10-23/TR_Ank_Yes_1_2014-10-23.masked.sync.gz.tbi,95fd2e1e4c570c6dcb7329ef5631c4f6
http://berglandlab.uvadcos.io/dest_mapped/DESTv1/TR_Ank_Yes_1_2015-05-01/TR_Ank_Yes_1_2015-05-01.masked.sync.gz,f18953f64715f0e36671a9977fd140cb
http://berglandlab.uvadcos.io/dest_mapped/DESTv1/TR_Ank_Yes_1_2015-05-01/TR_Ank_Yes_1_2015-05-01.masked.sync.gz.tbi,d7853ea28f4b999a6b6df94d414398c3
http://berglandlab.uvadcos.io/dest_mapped/DESTv1/TR_Ank_Yes_1_2015-06-01/TR_Ank_Yes_1_2015-06-01.masked.sync.gz,77a20fc4255e16b7129227c40f1cdeb2
http://berglandlab.uvadcos.io/dest_mapped/DESTv1/TR_Ank_Yes_1_2015-06-01/TR_Ank_Yes_1_2015-06-01.masked.sync.gz.tbi,4e6527f1153cbda660560d64a8e3574b
http://berglandlab.uvadcos.io/dest_mapped/DESTv1/TR_Ank_Yes_1_2015-07-28/TR_Ank_Yes_1_2015-07-28.masked.sync.gz,fc69f0ee58f823a17f5e5f06733a4cc0
http://berglandlab.uvadcos.io/dest_mapped/DESTv1/TR_Ank_Yes_1_2015-07-28/TR_Ank_Yes_1_2015-07-28.masked.sync.gz.tbi,709afe7bdcfb74fd1926169d3e09cf6e
http://berglandlab.uvadcos.io/dest_mapped/DESTv1/TR_Ank_Yes_1_2015-08-27/TR_Ank_Yes_1_2015-08-27.masked.sync.gz,6aa0e5077d5e468c3ca41051b66bb2f1
http://berglandlab.uvadcos.io/dest_mapped/DESTv1/TR_Ank_Yes_1_2015-08-27/TR_Ank_Yes_1_2015-08-27.masked.sync.gz.tbi,42294bf86f29b89879787684cd2517b7
http://berglandlab.uvadcos.io/dest_mapped/DESTv1/TR_Ank_Yes_1_2015-09-17/TR_Ank_Yes_1_2015-09-17.masked.sync.gz,49bea2b52ffeff6e87a961238e5f11f9
http://berglandlab.uvadcos.io/dest_mapped/DESTv1/TR_Ank_Yes_1_2015-09-17/TR_Ank_Yes_1_2015-09-17.masked.sync.gz.tbi,df23f2a9145d54afb4ef51d8c45e84c2
http://berglandlab.uvadcos.io/dest_mapped/DESTv1/TR_Ank_Yes_1_2015-10-15/TR_Ank_Yes_1_2015-10-15.masked.sync.gz,4bece5df81ee3d52c9e946d232fead69
http://berglandlab.uvadcos.io/dest_mapped/DESTv1/TR_Ank_Yes_1_2015-10-15/TR_Ank_Yes_1_2015-10-15.masked.sync.gz.tbi,465121b3a7e0c2696a2505fabca62bb8
http://berglandlab.uvadcos.io/dest_mapped/DESTv1/TR_Ank_Yes_1_2016-05-26/TR_Ank_Yes_1_2016-05-26.masked.sync.gz,aca08cf25f0681a553ea1ee7125cdacb
http://berglandlab.uvadcos.io/dest_mapped/DESTv1/TR_Ank_Yes_1_2016-05-26/TR_Ank_Yes_1_2016-05-26.masked.sync.gz.tbi,2b7ce7a97b43abaf190c88e38e3a0607
http://berglandlab.uvadcos.io/dest_mapped/DESTv1/TR_Ank_Yes_1_2016-06-25/TR_Ank_Yes_1_2016-06-25.masked.sync.gz,a4937efcad1df211860680af3198ad58
http://berglandlab.uvadcos.io/dest_mapped/DESTv1/TR_Ank_Yes_1_2016-06-25/TR_Ank_Yes_1_2016-06-25.masked.sync.gz.tbi,703766f496b1f4f56ce9c21c5877413f
http://berglandlab.uvadcos.io/dest_mapped/DESTv1/TR_Ank_Yes_1_2016-07-27/TR_Ank_Yes_1_2016-07-27.masked.sync.gz,6d6e06232ecd27a67f0eb05374cde256
http://berglandlab.uvadcos.io/dest_mapped/DESTv1/TR_Ank_Yes_1_2016-07-27/TR_Ank_Yes_1_2016-07-27.masked.sync.gz.tbi,971fdb013563becaf6fd8b1c3c3dc2d4
http://berglandlab.uvadcos.io/dest_mapped/DESTv1/TR_Ank_Yes_1_2016-08-24/TR_Ank_Yes_1_2016-08-24.masked.sync.gz,36f735d0e821f07bebc7b298b52d584f
http://berglandlab.uvadcos.io/dest_mapped/DESTv1/TR_Ank_Yes_1_2016-08-24/TR_Ank_Yes_1_2016-08-24.masked.sync.gz.tbi,95606f29f28b0d26e7a6566dc88cc998
http://berglandlab.uvadcos.io/dest_mapped/DESTv1/TR_Ank_Yes_1_2016-09-27/TR_Ank_Yes_1_2016-09-27.masked.sync.gz,9e4ede649efe21b05877f3aa9b544f2d
http://berglandlab.uvadcos.io/dest_mapped/DESTv1/TR_Ank_Yes_1_2016-09-27/TR_Ank_Yes_1_2016-09-27.masked.sync.gz.tbi,8189e39c39d23aa79810e28d10fad2ed
http://berglandlab.uvadcos.io/dest_mapped/DESTv1/TR_Ank_Yes_1_2016-10-13/TR_Ank_Yes_1_2016-10-13.masked.sync.gz,b29b0b10c65b54f20a6e611ff6bb6068
http://berglandlab.uvadcos.io/dest_mapped/DESTv1/TR_Ank_Yes_1_2016-10-13/TR_Ank_Yes_1_2016-10-13.masked.sync.gz.tbi,32a9b3d1a99a01b548c25be97f8ac666
http://berglandlab.uvadcos.io/dest_mapped/DESTv1/UA_Kie_Cho_2_2014-09-13/UA_Kie_Cho_2_2014-09-13.masked.sync.gz,8be8da942f318e79ec8b536f7cbae39a
http://berglandlab.uvadcos.io/dest_mapped/DESTv1/UA_Kie_Cho_2_2014-09-13/UA_Kie_Cho_2_2014-09-13.masked.sync.gz.tbi,37b1223b299b8a26984f21222b82ea22
http://berglandlab.uvadcos.io/dest_mapped/DESTv1/UA_Kie_Cho_4_2014-09-13/UA_Kie_Cho_4_2014-09-13.masked.sync.gz,9a58940d865a4d0c423de38471327575
http://berglandlab.uvadcos.io/dest_mapped/DESTv1/UA_Kie_Cho_4_2014-09-13/UA_Kie_Cho_4_2014-09-13.masked.sync.gz.tbi,335aa769fd94069cd7cc7333a0079d36
http://berglandlab.uvadcos.io/dest_mapped/DESTv1/UA_Kie_Cho_1_2014-09-13/UA_Kie_Cho_1_2014-09-13.masked.sync.gz,d99607fc11bba89353e042edf791d518
http://berglandlab.uvadcos.io/dest_mapped/DESTv1/UA_Kie_Cho_1_2014-09-13/UA_Kie_Cho_1_2014-09-13.masked.sync.gz.tbi,7b0d03d5d604875068cc23f81b61c859
http://berglandlab.uvadcos.io/dest_mapped/DESTv1/UA_Kie_Cho_3_2014-09-13/UA_Kie_Cho_3_2014-09-13.masked.sync.gz,e789ffe1858842b507dafc0f2b34d240
http://berglandlab.uvadcos.io/dest_mapped/DESTv1/UA_Kie_Cho_3_2014-09-13/UA_Kie_Cho_3_2014-09-13.masked.sync.gz.tbi,015f4209431416f8558bf737f35eecad
http://berglandlab.uvadcos.io/dest_mapped/DESTv1/UA_Kie_Cho_1_2015-08-20/UA_Kie_Cho_1_2015-08-20.masked.sync.gz,30185eb8de17a4597a17384d10ed7623
http://berglandlab.uvadcos.io/dest_mapped/DESTv1/UA_Kie_Cho_1_2015-08-20/UA_Kie_Cho_1_2015-08-20.masked.sync.gz.tbi,1534d04971af0f3d601d8c9fb808080a
http://berglandlab.uvadcos.io/dest_mapped/DESTv1/UA_Kie_Cho_1_2015-06-15/UA_Kie_Cho_1_2015-06-15.masked.sync.gz,70f80d185392ab475c6d150fa9373444
http://berglandlab.uvadcos.io/dest_mapped/DESTv1/UA_Kie_Cho_1_2015-06-15/UA_Kie_Cho_1_2015-06-15.masked.sync.gz.tbi,1435c503ef9cb205a09c176023f2c6b1
http://berglandlab.uvadcos.io/dest_mapped/DESTv1/UA_Kie_Cho_4_2015-08-26/UA_Kie_Cho_4_2015-08-26.masked.sync.gz,d8fa83887175d932cb89fc14ec3e4710
http://berglandlab.uvadcos.io/dest_mapped/DESTv1/UA_Kie_Cho_4_2015-08-26/UA_Kie_Cho_4_2015-08-26.masked.sync.gz.tbi,9bf052424e8a79d0fe68bb22f15beaaf
http://berglandlab.uvadcos.io/dest_mapped/DESTv1/UA_Kie_Cho_6_2015-08-26/UA_Kie_Cho_6_2015-08-26.masked.sync.gz,8f364945c017a8efb4c0cc734c99eb87
http://berglandlab.uvadcos.io/dest_mapped/DESTv1/UA_Kie_Cho_6_2015-08-26/UA_Kie_Cho_6_2015-08-26.masked.sync.gz.tbi,b038c20f036215e0742d7062ad95259a
http://berglandlab.uvadcos.io/dest_mapped/DESTv1/UA_Kie_Cho_3_2015-08-26/UA_Kie_Cho_3_2015-08-26.masked.sync.gz,b24dec7c840bb33204c260959678dbef
http://berglandlab.uvadcos.io/dest_mapped/DESTv1/UA_Kie_Cho_3_2015-08-26/UA_Kie_Cho_3_2015-08-26.masked.sync.gz.tbi,377d50f3eca41dbe9b1f33fc159c3981
http://berglandlab.uvadcos.io/dest_mapped/DESTv1/UA_Kie_Cho_2_2015-08-26/UA_Kie_Cho_2_2015-08-26.masked.sync.gz,9c906d984c3cb20a2a86e4231a230ba5
http://berglandlab.uvadcos.io/dest_mapped/DESTv1/UA_Kie_Cho_2_2015-08-26/UA_Kie_Cho_2_2015-08-26.masked.sync.gz.tbi,0e407707564ae241a581f9594da94b08
http://berglandlab.uvadcos.io/dest_mapped/DESTv1/UA_Kie_Cho_5_2015-08-26/UA_Kie_Cho_5_2015-08-26.masked.sync.gz,1332212c202aa7ef43f9554f577834fc
http://berglandlab.uvadcos.io/dest_mapped/DESTv1/UA_Kie_Cho_5_2015-08-26/UA_Kie_Cho_5_2015-08-26.masked.sync.gz.tbi,c09479c157a02a83b6c25eef3b30f642
http://berglandlab.uvadcos.io/dest_mapped/DESTv1/UA_Kie_Cho_1_2015-08-26/UA_Kie_Cho_1_2015-08-26.masked.sync.gz,2c66c435a10e9c88922d2639b9a52b4d
http://berglandlab.uvadcos.io/dest_mapped/DESTv1/UA_Kie_Cho_1_2015-08-26/UA_Kie_Cho_1_2015-08-26.masked.sync.gz.tbi,e25232adcc4569f9591dd079e2b9a2ff
http://berglandlab.uvadcos.io/dest_mapped/DESTv1/UA_Kie_Cho_1_2015-07-07/UA_Kie_Cho_1_2015-07-07.masked.sync.gz,c64bc0c885e8eb9d278b4810b3e63a88
http://berglandlab.uvadcos.io/dest_mapped/DESTv1/UA_Kie_Cho_1_2015-07-07/UA_Kie_Cho_1_2015-07-07.masked.sync.gz.tbi,498cd160789c7b2ed1d0ed1c72c9e357
http://berglandlab.uvadcos.io/dest_mapped/DESTv1/UA_Kie_Cho_1_2016-09-04/UA_Kie_Cho_1_2016-09-04.masked.sync.gz,640a4b423557893cb374aa771f93fe08
http://berglandlab.uvadcos.io/dest_mapped/DESTv1/UA_Kie_Cho_1_2016-09-04/UA_Kie_Cho_1_2016-09-04.masked.sync.gz.tbi,2096d048b24d6c1417c72a44b6da1b90
http://berglandlab.uvadcos.io/dest_mapped/DESTv1/UA_Kie_Cho_1_2016-09-05/UA_Kie_Cho_1_2016-09-05.masked.sync.gz,2ad700fcf5dd554a81498b1ef54a65d6
http://berglandlab.uvadcos.io/dest_mapped/DESTv1/UA_Kie_Cho_1_2016-09-05/UA_Kie_Cho_1_2016-09-05.masked.sync.gz.tbi,c634df4df5db2c9b4be4e47ec66195f0
http://berglandlab.uvadcos.io/dest_mapped/DESTv1/UA_Kie_Cho_2_2016-09-04/UA_Kie_Cho_2_2016-09-04.masked.sync.gz,07263f81c4d294593e7061eb08167dce
http://berglandlab.uvadcos.io/dest_mapped/DESTv1/UA_Kie_Cho_2_2016-09-04/UA_Kie_Cho_2_2016-09-04.masked.sync.gz.tbi,85c6bb1a8a753437c357ee694105f5ca
http://berglandlab.uvadcos.io/dest_mapped/DESTv1/UA_Lvi_Dro_1_2014-08-24/UA_Lvi_Dro_1_2014-08-24.masked.sync.gz,00b7a8a49230e59e208edbab36c57bbd
http://berglandlab.uvadcos.io/dest_mapped/DESTv1/UA_Lvi_Dro_1_2014-08-24/UA_Lvi_Dro_1_2014-08-24.masked.sync.gz.tbi,7ae42d1cead8526897077d6163e1c474
http://berglandlab.uvadcos.io/dest_mapped/DESTv1/UA_Lvi_Dro_1_2015-09-18/UA_Lvi_Dro_1_2015-09-18.masked.sync.gz,2f6a691d1b4e7bb8d69dc4cdff5acbf1
http://berglandlab.uvadcos.io/dest_mapped/DESTv1/UA_Lvi_Dro_1_2015-09-18/UA_Lvi_Dro_1_2015-09-18.masked.sync.gz.tbi,48f052172079db20f3857952e8dd0ed9
http://berglandlab.uvadcos.io/dest_mapped/DESTv1/UA_Lvi_Dro_1_2016-09-12/UA_Lvi_Dro_1_2016-09-12.masked.sync.gz,41fd4cc4930f59527e3e30f01f407179
http://berglandlab.uvadcos.io/dest_mapped/DESTv1/UA_Lvi_Dro_1_2016-09-12/UA_Lvi_Dro_1_2016-09-12.masked.sync.gz.tbi,32b54895360a46a6dc6bd5c13cba1eec
http://berglandlab.uvadcos.io/dest_mapped/DESTv1/UA_Che_Kan_1_2016-07-08/UA_Che_Kan_1_2016-07-08.masked.sync.gz,8135c09af359f14fe4b112a3668cb202
http://berglandlab.uvadcos.io/dest_mapped/DESTv1/UA_Che_Kan_1_2016-07-08/UA_Che_Kan_1_2016-07-08.masked.sync.gz.tbi,7a74f1469e847bf5443915a315ab43a1
http://berglandlab.uvadcos.io/dest_mapped/DESTv1/UA_Kha_Kha_1_2014-07-26/UA_Kha_Kha_1_2014-07-26.masked.sync.gz,93981d71324cf80861b1123f931506d0
http://berglandlab.uvadcos.io/dest_mapped/DESTv1/UA_Kha_Kha_1_2014-07-26/UA_Kha_Kha_1_2014-07-26.masked.sync.gz.tbi,9d491d23b8c0f0700383ccd9b728e4bd
http://berglandlab.uvadcos.io/dest_mapped/DESTv1/UA_Kha_Kha_1_2014-09-14/UA_Kha_Kha_1_2014-09-14.masked.sync.gz,c32f951b8c2307ba8eae055f53af3dc2
http://berglandlab.uvadcos.io/dest_mapped/DESTv1/UA_Kha_Kha_1_2014-09-14/UA_Kha_Kha_1_2014-09-14.masked.sync.gz.tbi,29291c7536185687b402036f04abc4cb
http://berglandlab.uvadcos.io/dest_mapped/DESTv1/UA_Kha_Kha_1_2015-08-20/UA_Kha_Kha_1_2015-08-20.masked.sync.gz,42131cee92b86e47a892ac4e794e3896
http://berglandlab.uvadcos.io/dest_mapped/DESTv1/UA_Kha_Kha_1_2015-08-20/UA_Kha_Kha_1_2015-08-20.masked.sync.gz.tbi,e7da373bc216e93627a7167ac412fd47
http://berglandlab.uvadcos.io/dest_mapped/DESTv1/UA_Kha_Kha_1_2016-08-18/UA_Kha_Kha_1_2016-08-18.masked.sync.gz,6713e02645c01492082e539dd72131a3
http://berglandlab.uvadcos.io/dest_mapped/DESTv1/UA_Kha_Kha_1_2016-08-18/UA_Kha_Kha_1_2016-08-18.masked.sync.gz.tbi,18f5599aa7f6c6c572503a12df0365ef
http://berglandlab.uvadcos.io/dest_mapped/DESTv1/UA_Kie_Kyi_1_2014-08-09/UA_Kie_Kyi_1_2014-08-09.masked.sync.gz,6ba59c75124b47388a360edf8c297eb0
http://berglandlab.uvadcos.io/dest_mapped/DESTv1/UA_Kie_Kyi_1_2014-08-09/UA_Kie_Kyi_1_2014-08-09.masked.sync.gz.tbi,3aa09f4ca40b01f5c23004461585e10a
http://berglandlab.uvadcos.io/dest_mapped/DESTv1/UA_Kie_Kyi_1_2014-09-08/UA_Kie_Kyi_1_2014-09-08.masked.sync.gz,81979148bc409940d92fa51400083717
http://berglandlab.uvadcos.io/dest_mapped/DESTv1/UA_Kie_Kyi_1_2014-09-08/UA_Kie_Kyi_1_2014-09-08.masked.sync.gz.tbi,3911d11c98f3a490710087b28f9c7989
http://berglandlab.uvadcos.io/dest_mapped/DESTv1/UA_Kie_Kyi_1_2014-10-11/UA_Kie_Kyi_1_2014-10-11.masked.sync.gz,ec33b1ec12d694bbc5253a9ebb9403bc
http://berglandlab.uvadcos.io/dest_mapped/DESTv1/UA_Kie_Kyi_1_2014-10-11/UA_Kie_Kyi_1_2014-10-11.masked.sync.gz.tbi,f8fe138d5b22d6518d3a2e755a99a293
http://berglandlab.uvadcos.io/dest_mapped/DESTv1/UA_Kie_Kyi_1_2015-08-10/UA_Kie_Kyi_1_2015-08-10.masked.sync.gz,ee86edb086ecd230f2566a68829817d2
http://berglandlab.uvadcos.io/dest_mapped/DESTv1/UA_Kie_Kyi_1_2015-08-10/UA_Kie_Kyi_1_2015-08-10.masked.sync.gz.tbi,9a05f4f1dad1de6e130153f571e28e8b
http://berglandlab.uvadcos.io/dest_mapped/DESTv1/UA_Kie_Kyi_1_2016-09-04/UA_Kie_Kyi_1_2016-09-04.masked.sync.gz,003374bacc8fd99f974a5b2822b9b82a
http://berglandlab.uvadcos.io/dest_mapped/DESTv1/UA_Kie_Kyi_1_2016-09-04/UA_Kie_Kyi_1_2016-09-04.masked.sync.gz.tbi,7df0e2e68ebcc92ad9678b35e49ca61e
http://berglandlab.uvadcos.io/dest_mapped/DESTv1/UA_Kie_Kyi_1_2016-10-03/UA_Kie_Kyi_1_2016-10-03.masked.sync.gz,7d7de25ab3269a5e9fbda98b2df53b5e
http://berglandlab.uvadcos.io/dest_mapped/DESTv1/UA_Kie_Kyi_1_2016-10-03/UA_Kie_Kyi_1_2016-10-03.masked.sync.gz.tbi,9f766eeac488979c85c8b9a9d7973e19
http://berglandlab.uvadcos.io/dest_mapped/DESTv1/UA_Kie_Kyi_1_2016-08-06/UA_Kie_Kyi_1_2016-08-06.masked.sync.gz,306b5b547e339d0e8b10f45d2c7e5ebc
http://berglandlab.uvadcos.io/dest_mapped/DESTv1/UA_Kie_Kyi_1_2016-08-06/UA_Kie_Kyi_1_2016-08-06.masked.sync.gz.tbi,637b618b18241cec44965e363c0e62a0
http://berglandlab.uvadcos.io/dest_mapped/DESTv1/UA_Ode_Ode_1_2014-07-03/UA_Ode_Ode_1_2014-07-03.masked.sync.gz,3469cddc3e9a5696473b837ba37e28f0
http://berglandlab.uvadcos.io/dest_mapped/DESTv1/UA_Ode_Ode_1_2014-07-03/UA_Ode_Ode_1_2014-07-03.masked.sync.gz.tbi,152da89a0ac61a8c58f98e268d7bad79
http://berglandlab.uvadcos.io/dest_mapped/DESTv1/UA_Ode_Ode_1_2014-07-22/UA_Ode_Ode_1_2014-07-22.masked.sync.gz,caa7ae944ea2fc89082c2f6cebdc94e5
http://berglandlab.uvadcos.io/dest_mapped/DESTv1/UA_Ode_Ode_1_2014-07-22/UA_Ode_Ode_1_2014-07-22.masked.sync.gz.tbi,df1ff0f206e44debe3307aea344d4d12
http://berglandlab.uvadcos.io/dest_mapped/DESTv1/UA_Ode_Ode_1_2014-08-29/UA_Ode_Ode_1_2014-08-29.masked.sync.gz,136a05cfc0648bccc7a1bfd7a2ca8a2b
http://berglandlab.uvadcos.io/dest_mapped/DESTv1/UA_Ode_Ode_1_2014-08-29/UA_Ode_Ode_1_2014-08-29.masked.sync.gz.tbi,67731c3494a01cc6716de593675318e0
http://berglandlab.uvadcos.io/dest_mapped/DESTv1/UA_Ode_Ode_1_2014-10-10/UA_Ode_Ode_1_2014-10-10.masked.sync.gz,bed6250e652d614af1436240c8e8ad1e
http://berglandlab.uvadcos.io/dest_mapped/DESTv1/UA_Ode_Ode_1_2014-10-10/UA_Ode_Ode_1_2014-10-10.masked.sync.gz.tbi,852c053f654e88dbcdca185e412ee3ed
http://berglandlab.uvadcos.io/dest_mapped/DESTv1/UA_Ode_Ode_1_2015-09-26/UA_Ode_Ode_1_2015-09-26.masked.sync.gz,4feaf6e9fb8c2aedfa7c754dccb20c9c
http://berglandlab.uvadcos.io/dest_mapped/DESTv1/UA_Ode_Ode_1_2015-09-26/UA_Ode_Ode_1_2015-09-26.masked.sync.gz.tbi,8b9cfbb81a81c9fcb6ed4061d05e67be
http://berglandlab.uvadcos.io/dest_mapped/DESTv1/UA_Ode_Ode_1_2015-06-30/UA_Ode_Ode_1_2015-06-30.masked.sync.gz,e5873563f4be36356258d58e2567c8a2
http://berglandlab.uvadcos.io/dest_mapped/DESTv1/UA_Ode_Ode_1_2015-06-30/UA_Ode_Ode_1_2015-06-30.masked.sync.gz.tbi,f52f49775c1d283bd286bbf3157c0d9e
http://berglandlab.uvadcos.io/dest_mapped/DESTv1/UA_Ode_Ode_1_2015-08-27/UA_Ode_Ode_1_2015-08-27.masked.sync.gz,eab5b4554f232135b58184c8e87b7d7b
http://berglandlab.uvadcos.io/dest_mapped/DESTv1/UA_Ode_Ode_1_2015-08-27/UA_Ode_Ode_1_2015-08-27.masked.sync.gz.tbi,35d6761374838c19800bba56c2fc6998
http://berglandlab.uvadcos.io/dest_mapped/DESTv1/UA_Ode_Ode_1_2015-07-26/UA_Ode_Ode_1_2015-07-26.masked.sync.gz,3ba818e7861cf5929a306e3576d8f5df
http://berglandlab.uvadcos.io/dest_mapped/DESTv1/UA_Ode_Ode_1_2015-07-26/UA_Ode_Ode_1_2015-07-26.masked.sync.gz.tbi,f6e545adc7c6866da7eadd739a2b7fbc
http://berglandlab.uvadcos.io/dest_mapped/DESTv1/UA_Ode_Ode_1_2016-08-20/UA_Ode_Ode_1_2016-08-20.masked.sync.gz,2bf3027605beea8854ad3a85e1aeb94f
http://berglandlab.uvadcos.io/dest_mapped/DESTv1/UA_Ode_Ode_1_2016-08-20/UA_Ode_Ode_1_2016-08-20.masked.sync.gz.tbi,1da123b59406ef698243355aca86d36f
http://berglandlab.uvadcos.io/dest_mapped/DESTv1/UA_Ode_Ode_1_2016-09-15/UA_Ode_Ode_1_2016-09-15.masked.sync.gz,80dddbed7085b1df2f459dbdd4f1bcd7
http://berglandlab.uvadcos.io/dest_mapped/DESTv1/UA_Ode_Ode_1_2016-09-15/UA_Ode_Ode_1_2016-09-15.masked.sync.gz.tbi,cdc0c9c1335aa692dc4daa0d637842c7
http://berglandlab.uvadcos.io/dest_mapped/DESTv1/UA_Pol_Pyr_1_2014-08-20/UA_Pol_Pyr_1_2014-08-20.masked.sync.gz,74e9feadd13b319c7fbb7e38d020f7da
http://berglandlab.uvadcos.io/dest_mapped/DESTv1/UA_Pol_Pyr_1_2014-08-20/UA_Pol_Pyr_1_2014-08-20.masked.sync.gz.tbi,c7802fa4ede2b7e0e7454c98e3af3be9
http://berglandlab.uvadcos.io/dest_mapped/DESTv1/UA_Pol_Pyr_1_2015-08-26/UA_Pol_Pyr_1_2015-08-26.masked.sync.gz,b2bbe34ca8d3be07f465ecc3a151f1fc
http://berglandlab.uvadcos.io/dest_mapped/DESTv1/UA_Pol_Pyr_1_2015-08-26/UA_Pol_Pyr_1_2015-08-26.masked.sync.gz.tbi,f4cd77babc0c1a1f55d5ab9d0782e39f
http://berglandlab.uvadcos.io/dest_mapped/DESTv1/UA_Kie_Pri_1_2016-09-03/UA_Kie_Pri_1_2016-09-03.masked.sync.gz,970adb2b1c67fd0408a9aa5f7ee58561
http://berglandlab.uvadcos.io/dest_mapped/DESTv1/UA_Kie_Pri_1_2016-09-03/UA_Kie_Pri_1_2016-09-03.masked.sync.gz.tbi,bcd771fa9a6236b33566cf918268daa5
http://berglandlab.uvadcos.io/dest_mapped/DESTv1/UA_Che_Pyr_1_2016-08-23/UA_Che_Pyr_1_2016-08-23.masked.sync.gz,dce9e5e6e3c00b37cfbd644ec3ab997d
http://berglandlab.uvadcos.io/dest_mapped/DESTv1/UA_Che_Pyr_1_2016-08-23/UA_Che_Pyr_1_2016-08-23.masked.sync.gz.tbi,ef863da57977324c5bea7ea407d1ab21
http://berglandlab.uvadcos.io/dest_mapped/DESTv1/UA_Che_Uma_1_2014-10-01/UA_Che_Uma_1_2014-10-01.masked.sync.gz,856d10afcce0753b460fcc978f64985b
http://berglandlab.uvadcos.io/dest_mapped/DESTv1/UA_Che_Uma_1_2014-10-01/UA_Che_Uma_1_2014-10-01.masked.sync.gz.tbi,706348c08e5c2a2628b2c1b3636907ed
http://berglandlab.uvadcos.io/dest_mapped/DESTv1/UA_Che_Uma_1_2015-09-26/UA_Che_Uma_1_2015-09-26.masked.sync.gz,ef2fa43f2eca2fd3f4f30b4cc7a1da00
http://berglandlab.uvadcos.io/dest_mapped/DESTv1/UA_Che_Uma_1_2015-09-26/UA_Che_Uma_1_2015-09-26.masked.sync.gz.tbi,f602cbc386af675ca70644b5023a8486
http://berglandlab.uvadcos.io/dest_mapped/DESTv1/UA_Che_Uma_1_2016-09-17/UA_Che_Uma_1_2016-09-17.masked.sync.gz,76c0645a3234a020eaeb32c73cae0d80
http://berglandlab.uvadcos.io/dest_mapped/DESTv1/UA_Che_Uma_1_2016-09-17/UA_Che_Uma_1_2016-09-17.masked.sync.gz.tbi,df139db9617cd8f85da4bcd5e6531cdc
http://berglandlab.uvadcos.io/dest_mapped/DESTv1/UA_Che_Uma_1_2016-09-11/UA_Che_Uma_1_2016-09-11.masked.sync.gz,0e7b528027614b871fb81cc904348d15
http://berglandlab.uvadcos.io/dest_mapped/DESTv1/UA_Che_Uma_1_2016-09-11/UA_Che_Uma_1_2016-09-11.masked.sync.gz.tbi,20a1cc3708630f02db5158e8c05095dc
http://berglandlab.uvadcos.io/dest_mapped/DESTv1/UA_Che_Var_1_2014-08-18/UA_Che_Var_1_2014-08-18.masked.sync.gz,ec3be755af87b4854060d8ef9ac1e78c
http://berglandlab.uvadcos.io/dest_mapped/DESTv1/UA_Che_Var_1_2014-08-18/UA_Che_Var_1_2014-08-18.masked.sync.gz.tbi,7381148d7f9210b4d0cf19759488b8ad
http://berglandlab.uvadcos.io/dest_mapped/DESTv1/UA_Che_Var_1_2015-08-25/UA_Che_Var_1_2015-08-25.masked.sync.gz,3d5de5cc7a218232a980e62a7d28eb7e
http://berglandlab.uvadcos.io/dest_mapped/DESTv1/UA_Che_Var_1_2015-08-25/UA_Che_Var_1_2015-08-25.masked.sync.gz.tbi,82a077721015ba78b3e624600fba36b5
http://berglandlab.uvadcos.io/dest_mapped/DESTv1/UA_Che_Var_1_2016-08-26/UA_Che_Var_1_2016-08-26.masked.sync.gz,17cdfbb2e80da897227ee7c423d1f0ea
http://berglandlab.uvadcos.io/dest_mapped/DESTv1/UA_Che_Var_1_2016-08-26/UA_Che_Var_1_2016-08-26.masked.sync.gz.tbi,9b082b4c7a655549bc28c6cb0447edae
http://berglandlab.uvadcos.io/dest_mapped/DESTv1/RU_Cri_Yal_1_2014-06-20/RU_Cri_Yal_1_2014-06-20.masked.sync.gz,3fdc68930450521a5cee0195fe2ec997
http://berglandlab.uvadcos.io/dest_mapped/DESTv1/RU_Cri_Yal_1_2014-06-20/RU_Cri_Yal_1_2014-06-20.masked.sync.gz.tbi,d2b6030611588097d6b5e218c30f0d4d
http://berglandlab.uvadcos.io/dest_mapped/DESTv1/RU_Cri_Yal_1_2014-08-27/RU_Cri_Yal_1_2014-08-27.masked.sync.gz,c8ab5db295c87bf52142fdac977aa8c5
http://berglandlab.uvadcos.io/dest_mapped/DESTv1/RU_Cri_Yal_1_2014-08-27/RU_Cri_Yal_1_2014-08-27.masked.sync.gz.tbi,327cb74baf133f322d52575bc8806be0
http://berglandlab.uvadcos.io/dest_mapped/DESTv1/RU_Cri_Yal_1_2015-06-24/RU_Cri_Yal_1_2015-06-24.masked.sync.gz,a5455e06da11d0658c03df5e97887582
http://berglandlab.uvadcos.io/dest_mapped/DESTv1/RU_Cri_Yal_1_2015-06-24/RU_Cri_Yal_1_2015-06-24.masked.sync.gz.tbi,4b05dec852cbf131e8513e43c1f9c3f0
http://berglandlab.uvadcos.io/dest_mapped/DESTv1/RU_Cri_Yal_1_2015-08-24/RU_Cri_Yal_1_2015-08-24.masked.sync.gz,7e14f2777a01a29c7ff2f021c3f46a41
http://berglandlab.uvadcos.io/dest_mapped/DESTv1/RU_Cri_Yal_1_2015-08-24/RU_Cri_Yal_1_2015-08-24.masked.sync.gz.tbi,8ca154e15ac544f472896d930b89192a
http://berglandlab.uvadcos.io/dest_mapped/DESTv1/RU_Cri_Yal_1_2016-08-20/RU_Cri_Yal_1_2016-08-20.masked.sync.gz,30699cf401168358ca93fe33017b68a1
http://berglandlab.uvadcos.io/dest_mapped/DESTv1/RU_Cri_Yal_1_2016-08-20/RU_Cri_Yal_1_2016-08-20.masked.sync.gz.tbi,99464b81f0a003616e2b975170d4c1d8
http://berglandlab.uvadcos.io/dest_mapped/DESTv1/UA_Ode_Ode_1_2013-10-15/UA_Ode_Ode_1_2013-10-15.masked.sync.gz,fcf1c1f0fd16fb284f50c4f180de5a86
http://berglandlab.uvadcos.io/dest_mapped/DESTv1/UA_Ode_Ode_1_2013-10-15/UA_Ode_Ode_1_2013-10-15.masked.sync.gz.tbi,4334b2876be5176d6573ce217f593f7c
http://berglandlab.uvadcos.io/dest_mapped/DESTv1/UA_Ode_Ode_1_2013-05-16/UA_Ode_Ode_1_2013-05-16.masked.sync.gz,dc68fdaf3f4f21cb2625a8c0dbb0bc83
http://berglandlab.uvadcos.io/dest_mapped/DESTv1/UA_Ode_Ode_1_2013-05-16/UA_Ode_Ode_1_2013-05-16.masked.sync.gz.tbi,a24a39967e2a91f85c9216c033341fcd
http://berglandlab.uvadcos.io/dest_mapped/DESTv1/GB_Fif_Dai_1_2015-08-19/GB_Fif_Dai_1_2015-08-19.masked.sync.gz,c00684ba1a455a67b90d3db4bb9ec8e9
http://berglandlab.uvadcos.io/dest_mapped/DESTv1/GB_Fif_Dai_1_2015-08-19/GB_Fif_Dai_1_2015-08-19.masked.sync.gz.tbi,402abbd4fee33bf66ef6a192d05ce737
http://berglandlab.uvadcos.io/dest_mapped/DESTv1/GB_Fif_Dai_1_2016-08-06/GB_Fif_Dai_1_2016-08-06.masked.sync.gz,2cf96aefde544204f2d6f405f3508f73
http://berglandlab.uvadcos.io/dest_mapped/DESTv1/GB_Fif_Dai_1_2016-08-06/GB_Fif_Dai_1_2016-08-06.masked.sync.gz.tbi,ce442aba6ac6953a94a53b749eb08ed7
http://berglandlab.uvadcos.io/dest_mapped/DESTv1/GB_Lei_Lut_1_2014-10-20/GB_Lei_Lut_1_2014-10-20.masked.sync.gz,3d3fe8a57714ac4c66bd23aec7e7eb91
http://berglandlab.uvadcos.io/dest_mapped/DESTv1/GB_Lei_Lut_1_2014-10-20/GB_Lei_Lut_1_2014-10-20.masked.sync.gz.tbi,42bd40bd36386e2484c6e68910a72f17
http://berglandlab.uvadcos.io/dest_mapped/DESTv1/GB_Lei_Mar_1_2014-10-20/GB_Lei_Mar_1_2014-10-20.masked.sync.gz,0c3eba8a5da5bff0f92d46e03b0301f6
http://berglandlab.uvadcos.io/dest_mapped/DESTv1/GB_Lei_Mar_1_2014-10-20/GB_Lei_Mar_1_2014-10-20.masked.sync.gz.tbi,9f0ee4e94530be3fdefcf5d817f3b5ff
http://berglandlab.uvadcos.io/dest_mapped/DESTv1/GB_Nor_Mar_1_2015-07-07/GB_Nor_Mar_1_2015-07-07.masked.sync.gz,fac0afcedac8fc78590050570e5d9c1d
http://berglandlab.uvadcos.io/dest_mapped/DESTv1/GB_Nor_Mar_1_2015-07-07/GB_Nor_Mar_1_2015-07-07.masked.sync.gz.tbi,e640cfc1dc24f55a68a038da8f02a58f
http://berglandlab.uvadcos.io/dest_mapped/DESTv1/GB_Nor_Mar_1_2016-10-23/GB_Nor_Mar_1_2016-10-23.masked.sync.gz,ed638ef8035cf944dcbe59d2278196f7
http://berglandlab.uvadcos.io/dest_mapped/DESTv1/GB_Nor_Mar_1_2016-10-23/GB_Nor_Mar_1_2016-10-23.masked.sync.gz.tbi,455409229af3f1257e48d9a7ebdb8a4d
http://berglandlab.uvadcos.io/dest_mapped/DESTv1/GB_She_She_1_2014-08-25/GB_She_She_1_2014-08-25.masked.sync.gz,f1363ff33e7f63dc5b76b930ea21647c
http://berglandlab.uvadcos.io/dest_mapped/DESTv1/GB_She_She_1_2014-08-25/GB_She_She_1_2014-08-25.masked.sync.gz.tbi,8e69e25c451c52f4ba67bdec2c7f17d8
http://berglandlab.uvadcos.io/dest_mapped/DESTv1/GB_She_She_1_2015-10-04/GB_She_She_1_2015-10-04.masked.sync.gz,c1af4cd446b6af9329249e5ffd4957da
http://berglandlab.uvadcos.io/dest_mapped/DESTv1/GB_She_She_1_2015-10-04/GB_She_She_1_2015-10-04.masked.sync.gz.tbi,8960abbf175c28bb53b79feef7f42d40
http://berglandlab.uvadcos.io/dest_mapped/DESTv1/GB_Edi_Sou_1_2014-07-14/GB_Edi_Sou_1_2014-07-14.masked.sync.gz,1d669c1115f5b7bb04f4c659fffe20e3
http://berglandlab.uvadcos.io/dest_mapped/DESTv1/GB_Edi_Sou_1_2014-07-14/GB_Edi_Sou_1_2014-07-14.masked.sync.gz.tbi,00bafe3abf3acf41325ef3af11ac4263
http://berglandlab.uvadcos.io/dest_mapped/DESTv1/US_Vir_Cha_1_2012-11-05/US_Vir_Cha_1_2012-11-05.masked.sync.gz,78d278771c9f50149d4a34aa497b8ed1
http://berglandlab.uvadcos.io/dest_mapped/DESTv1/US_Vir_Cha_1_2012-11-05/US_Vir_Cha_1_2012-11-05.masked.sync.gz.tbi,52820e74f7edefec95b567123adda9e8
http://berglandlab.uvadcos.io/dest_mapped/DESTv1/US_Vir_Cha_1_2012-07-18/US_Vir_Cha_1_2012-07-18.masked.sync.gz,3b233bb075175c25c9f0d6aa716cecbc
http://berglandlab.uvadcos.io/dest_mapped/DESTv1/US_Vir_Cha_1_2012-07-18/US_Vir_Cha_1_2012-07-18.masked.sync.gz.tbi,fb83af2607542de3686d0c5f677ae8d3
http://berglandlab.uvadcos.io/dest_mapped/DESTv1/US_Vir_Cha_1_2014-10-14/US_Vir_Cha_1_2014-10-14.masked.sync.gz,d564134fa623557f9d9905a1edb67598
http://berglandlab.uvadcos.io/dest_mapped/DESTv1/US_Vir_Cha_1_2014-10-14/US_Vir_Cha_1_2014-10-14.masked.sync.gz.tbi,65e27185659fec1fc4188965561c0a3f
http://berglandlab.uvadcos.io/dest_mapped/DESTv1/US_Vir_Cha_1_2014-06-25/US_Vir_Cha_1_2014-06-25.masked.sync.gz,4840a0a3754a98b529186ed4461c4445
http://berglandlab.uvadcos.io/dest_mapped/DESTv1/US_Vir_Cha_1_2014-06-25/US_Vir_Cha_1_2014-06-25.masked.sync.gz.tbi,a636c6c8bf1829b7fea05af8aacd1777
http://berglandlab.uvadcos.io/dest_mapped/DESTv1/US_Vir_Cha_1_2015-10-19/US_Vir_Cha_1_2015-10-19.masked.sync.gz,fb2b371f323ad37338ef3f3fe31b660d
http://berglandlab.uvadcos.io/dest_mapped/DESTv1/US_Vir_Cha_1_2015-10-19/US_Vir_Cha_1_2015-10-19.masked.sync.gz.tbi,c6dccb7e53dfdc5869ff9b4f07f74780
http://berglandlab.uvadcos.io/dest_mapped/DESTv1/US_Vir_Cha_1_2015-07-01/US_Vir_Cha_1_2015-07-01.masked.sync.gz,d99a2f93c53eb872f2cd49942d6f5f13
http://berglandlab.uvadcos.io/dest_mapped/DESTv1/US_Vir_Cha_1_2015-07-01/US_Vir_Cha_1_2015-07-01.masked.sync.gz.tbi,addc412098ad92c94541d8f3171c65b6
http://berglandlab.uvadcos.io/dest_mapped/DESTv1/US_Was_Tac_1_2014-07-15/US_Was_Tac_1_2014-07-15.masked.sync.gz,d74578980d05d8a7d461f1a7afbc47fa
http://berglandlab.uvadcos.io/dest_mapped/DESTv1/US_Was_Tac_1_2014-07-15/US_Was_Tac_1_2014-07-15.masked.sync.gz.tbi,e1d9fcd70131b6b961f2bdb469ef87e1
http://berglandlab.uvadcos.io/dest_mapped/DESTv1/US_Wis_Cro_1_2012-09-11/US_Wis_Cro_1_2012-09-11.masked.sync.gz,9bb33ffbd419844dba2bd8a14e87eeb1
http://berglandlab.uvadcos.io/dest_mapped/DESTv1/US_Wis_Cro_1_2012-09-11/US_Wis_Cro_1_2012-09-11.masked.sync.gz.tbi,6bd6483f9bd886128edf3a66aeb19a5e
http://berglandlab.uvadcos.io/dest_mapped/DESTv1/US_Wis_Cro_1_2012-10-20/US_Wis_Cro_1_2012-10-20.masked.sync.gz,9e8cdb014194297851c7e75318c0f5e0
http://berglandlab.uvadcos.io/dest_mapped/DESTv1/US_Wis_Cro_1_2012-10-20/US_Wis_Cro_1_2012-10-20.masked.sync.gz.tbi,d0e80cce20dcd383acff78d020eac3c7
http://berglandlab.uvadcos.io/dest_mapped/DESTv1/US_Wis_Cro_1_2012-06-10/US_Wis_Cro_1_2012-06-10.masked.sync.gz,f878e4db7b207a555a2fa235e56bfa0d
http://berglandlab.uvadcos.io/dest_mapped/DESTv1/US_Wis_Cro_1_2012-06-10/US_Wis_Cro_1_2012-06-10.masked.sync.gz.tbi,42ac905d3b120f1ef36d1500c0ded2cb
http://berglandlab.uvadcos.io/dest_mapped/DESTv1/US_Wis_Cro_1_2013-09-22/US_Wis_Cro_1_2013-09-22.masked.sync.gz,14696404f7b6270c1e6d97d5846a68a2
http://berglandlab.uvadcos.io/dest_mapped/DESTv1/US_Wis_Cro_1_2013-09-22/US_Wis_Cro_1_2013-09-22.masked.sync.gz.tbi,3da5cf966c110f6db443b64ec9ccd92a
http://berglandlab.uvadcos.io/dest_mapped/DESTv1/US_Wis_Cro_1_2013-07-02/US_Wis_Cro_1_2013-07-02.masked.sync.gz,bfa6d76f14e5309e4039d6b197e2379f
http://berglandlab.uvadcos.io/dest_mapped/DESTv1/US_Wis_Cro_1_2013-07-02/US_Wis_Cro_1_2013-07-02.masked.sync.gz.tbi,8e99a4097556d26add3695ac5a13c513
http://berglandlab.uvadcos.io/dest_mapped/DESTv1/US_Wis_Cro_1_2014-09-18/US_Wis_Cro_1_2014-09-18.masked.sync.gz,db31eb4754f3ce476863a82fcc830c2c
http://berglandlab.uvadcos.io/dest_mapped/DESTv1/US_Wis_Cro_1_2014-09-18/US_Wis_Cro_1_2014-09-18.masked.sync.gz.tbi,d10c1265d9e23c1e8e8e2da4764bc3b6
http://berglandlab.uvadcos.io/dest_mapped/DESTv1/US_Wis_Cro_1_2014-06-25/US_Wis_Cro_1_2014-06-25.masked.sync.gz,8a0093b153070c0d82944b3897223d60
http://berglandlab.uvadcos.io/dest_mapped/DESTv1/US_Wis_Cro_1_2014-06-25/US_Wis_Cro_1_2014-06-25.masked.sync.gz.tbi,6b88bad5733a4bbaecc090a7b071d022
